2024-10-11 10:06:22,557 - ERROR - Error executing query for netball_womens_nz_fixture: 1364 (HY000): Field 'fixtureId' doesn't have a default value
2024-10-11 10:06:22,559 - ERROR - Error executing query for sport_info: 1364 (HY000): Field 'sportId' doesn't have a default value
2024-10-11 10:06:22,693 - ERROR - Error executing query for player_info: 1364 (HY000): Field 'playerId' doesn't have a default value
2024-10-11 10:06:22,694 - ERROR - Error executing query for squad_info: 1364 (HY000): Field 'squadID' doesn't have a default value
2024-10-11 10:06:22,697 - ERROR - Error executing query for netball_womens_nz_match: 1364 (HY000): Field 'playerId' doesn't have a default value
2024-10-11 10:06:22,698 - ERROR - Error executing query for player_info: 1364 (HY000): Field 'playerId' doesn't have a default value
2024-10-11 10:06:22,699 - ERROR - Error executing query for squad_info: 1364 (HY000): Field 'squadID' doesn't have a default value
2024-10-11 10:06:22,701 - ERROR - Error executing query for netball_womens_nz_match: 1364 (HY000): Field 'playerId' doesn't have a default value
2024-10-11 10:06:22,702 - ERROR - Error executing query for player_info: 1364 (HY000): Field 'playerId' doesn't have a default value
2024-10-11 10:06:22,703 - ERROR - Error executing query for squad_info: 1364 (HY000): Field 'squadID' doesn't have a default value
2024-10-11 10:06:22,704 - ERROR - Error executing query for netball_womens_nz_match: 1364 (HY000): Field 'playerId' doesn't have a default value
2024-10-11 10:06:22,705 - ERROR - Error executing query for player_info: 1364 (HY000): Field 'playerId' doesn't have a default value
2024-10-11 10:06:22,706 - ERROR - Error executing query for squad_info: 1364 (HY000): Field 'squadID' doesn't have a default value
2024-10-11 10:06:22,708 - ERROR - Error executing query for netball_womens_nz_match: 1364 (HY000): Field 'playerId' doesn't have a default value
2024-10-11 10:06:22,709 - ERROR - Error executing query for player_info: 1364 (HY000): Field 'playerId' doesn't have a default value
2024-10-11 10:06:22,710 - ERROR - Error executing query for squad_info: 1364 (HY000): Field 'squadID' doesn't have a default value
2024-10-11 10:06:22,712 - ERROR - Error executing query for netball_womens_nz_match: 1364 (HY000): Field 'playerId' doesn't have a default value
2024-10-11 10:06:22,713 - ERROR - Error executing query for player_info: 1364 (HY000): Field 'playerId' doesn't have a default value
2024-10-11 10:06:22,714 - ERROR - Error executing query for squad_info: 1364 (HY000): Field 'squadID' doesn't have a default value
2024-10-11 10:06:22,715 - ERROR - Error executing query for netball_womens_nz_match: 1364 (HY000): Field 'playerId' doesn't have a default value
2024-10-11 10:06:22,717 - ERROR - Error executing query for player_info: 1364 (HY000): Field 'playerId' doesn't have a default value
2024-10-11 10:06:22,718 - ERROR - Error executing query for squad_info: 1364 (HY000): Field 'squadID' doesn't have a default value
2024-10-11 10:06:22,719 - ERROR - Error executing query for netball_womens_nz_match: 1364 (HY000): Field 'playerId' doesn't have a default value
2024-10-11 10:06:22,720 - ERROR - Error executing query for player_info: 1364 (HY000): Field 'playerId' doesn't have a default value
2024-10-11 10:06:22,721 - ERROR - Error executing query for squad_info: 1364 (HY000): Field 'squadID' doesn't have a default value
2024-10-11 10:06:22,722 - ERROR - Error executing query for netball_womens_nz_match: 1364 (HY000): Field 'playerId' doesn't have a default value
2024-10-11 10:06:22,723 - ERROR - Error executing query for player_info: 1364 (HY000): Field 'playerId' doesn't have a default value
2024-10-11 10:06:22,724 - ERROR - Error executing query for squad_info: 1364 (HY000): Field 'squadID' doesn't have a default value
2024-10-11 10:06:22,725 - ERROR - Error executing query for netball_womens_nz_match: 1364 (HY000): Field 'playerId' doesn't have a default value
2024-10-11 10:06:22,727 - ERROR - Error executing query for player_info: 1364 (HY000): Field 'playerId' doesn't have a default value
2024-10-11 10:06:22,728 - ERROR - Error executing query for squad_info: 1364 (HY000): Field 'squadID' doesn't have a default value
2024-10-11 10:06:22,729 - ERROR - Error executing query for netball_womens_nz_match: 1364 (HY000): Field 'playerId' doesn't have a default value
2024-10-11 10:06:22,730 - ERROR - Error executing query for player_info: 1364 (HY000): Field 'playerId' doesn't have a default value
2024-10-11 10:06:22,731 - ERROR - Error executing query for squad_info: 1364 (HY000): Field 'squadID' doesn't have a default value
2024-10-11 10:06:22,732 - ERROR - Error executing query for netball_womens_nz_match: 1364 (HY000): Field 'playerId' doesn't have a default value
2024-10-11 10:06:22,733 - ERROR - Error executing query for player_info: 1364 (HY000): Field 'playerId' doesn't have a default value
2024-10-11 10:06:22,734 - ERROR - Error executing query for squad_info: 1364 (HY000): Field 'squadID' doesn't have a default value
2024-10-11 10:06:22,736 - ERROR - Error executing query for netball_womens_nz_match: 1364 (HY000): Field 'playerId' doesn't have a default value
2024-10-11 10:06:22,737 - ERROR - Error executing query for player_info: 1364 (HY000): Field 'playerId' doesn't have a default value
2024-10-11 10:06:22,738 - ERROR - Error executing query for squad_info: 1364 (HY000): Field 'squadID' doesn't have a default value
2024-10-11 10:06:22,739 - ERROR - Error executing query for netball_womens_nz_match: 1364 (HY000): Field 'playerId' doesn't have a default value
2024-10-11 10:06:22,740 - ERROR - Error executing query for player_info: 1364 (HY000): Field 'playerId' doesn't have a default value
2024-10-11 10:06:22,741 - ERROR - Error executing query for squad_info: 1364 (HY000): Field 'squadID' doesn't have a default value
2024-10-11 10:06:22,742 - ERROR - Error executing query for netball_womens_nz_match: 1364 (HY000): Field 'playerId' doesn't have a default value
2024-10-11 10:06:22,743 - ERROR - Error executing query for player_info: 1364 (HY000): Field 'playerId' doesn't have a default value
2024-10-11 10:06:22,744 - ERROR - Error executing query for squad_info: 1364 (HY000): Field 'squadID' doesn't have a default value
2024-10-11 10:06:22,745 - ERROR - Error executing query for netball_womens_nz_match: 1364 (HY000): Field 'playerId' doesn't have a default value
2024-10-11 10:06:22,746 - ERROR - Error executing query for player_info: 1364 (HY000): Field 'playerId' doesn't have a default value
2024-10-11 10:06:22,747 - ERROR - Error executing query for squad_info: 1364 (HY000): Field 'squadID' doesn't have a default value
2024-10-11 10:06:22,749 - ERROR - Error executing query for netball_womens_nz_match: 1364 (HY000): Field 'playerId' doesn't have a default value
2024-10-11 10:06:22,750 - ERROR - Error executing query for player_info: 1364 (HY000): Field 'playerId' doesn't have a default value
2024-10-11 10:06:22,751 - ERROR - Error executing query for squad_info: 1364 (HY000): Field 'squadID' doesn't have a default value
2024-10-11 10:06:22,752 - ERROR - Error executing query for netball_womens_nz_match: 1364 (HY000): Field 'playerId' doesn't have a default value
2024-10-11 10:06:22,753 - ERROR - Error executing query for player_info: 1364 (HY000): Field 'playerId' doesn't have a default value
2024-10-11 10:06:22,754 - ERROR - Error executing query for squad_info: 1364 (HY000): Field 'squadID' doesn't have a default value
2024-10-11 10:06:22,755 - ERROR - Error executing query for netball_womens_nz_match: 1364 (HY000): Field 'playerId' doesn't have a default value
2024-10-11 10:06:22,756 - ERROR - Error executing query for player_info: 1364 (HY000): Field 'playerId' doesn't have a default value
2024-10-11 10:06:22,757 - ERROR - Error executing query for squad_info: 1364 (HY000): Field 'squadID' doesn't have a default value
2024-10-11 10:06:22,758 - ERROR - Error executing query for netball_womens_nz_match: 1364 (HY000): Field 'playerId' doesn't have a default value
2024-10-11 10:06:22,759 - ERROR - Error executing query for player_info: 1364 (HY000): Field 'playerId' doesn't have a default value
2024-10-11 10:06:22,760 - ERROR - Error executing query for squad_info: 1364 (HY000): Field 'squadID' doesn't have a default value
2024-10-11 10:06:22,761 - ERROR - Error executing query for netball_womens_nz_match: 1364 (HY000): Field 'playerId' doesn't have a default value
2024-10-11 10:06:22,762 - ERROR - Error executing query for player_info: 1364 (HY000): Field 'playerId' doesn't have a default value
2024-10-11 10:06:22,763 - ERROR - Error executing query for squad_info: 1364 (HY000): Field 'squadID' doesn't have a default value
2024-10-11 10:06:22,764 - ERROR - Error executing query for netball_womens_nz_match: 1364 (HY000): Field 'playerId' doesn't have a default value
2024-10-11 10:06:22,765 - ERROR - Error executing query for player_info: 1364 (HY000): Field 'playerId' doesn't have a default value
2024-10-11 10:06:22,766 - ERROR - Error executing query for squad_info: 1364 (HY000): Field 'squadID' doesn't have a default value
2024-10-11 10:06:22,767 - ERROR - Error executing query for netball_womens_nz_match: 1364 (HY000): Field 'playerId' doesn't have a default value
2024-10-11 10:06:22,769 - ERROR - Error executing query for player_info: 1364 (HY000): Field 'playerId' doesn't have a default value
2024-10-11 10:06:22,769 - ERROR - Error executing query for squad_info: 1364 (HY000): Field 'squadID' doesn't have a default value
2024-10-11 10:06:22,771 - ERROR - Error executing query for netball_womens_nz_match: 1364 (HY000): Field 'playerId' doesn't have a default value
2024-10-11 10:06:22,772 - ERROR - Error executing query for player_info: 1364 (HY000): Field 'playerId' doesn't have a default value
2024-10-11 10:06:22,773 - ERROR - Error executing query for squad_info: 1364 (HY000): Field 'squadID' doesn't have a default value
2024-10-11 10:06:22,774 - ERROR - Error executing query for netball_womens_nz_match: 1364 (HY000): Field 'playerId' doesn't have a default value
2024-10-11 10:06:22,908 - ERROR - Error executing query for netball_womens_nz_period: 1364 (HY000): Field 'playerId' doesn't have a default value
2024-10-11 10:06:22,910 - ERROR - Error executing query for netball_womens_nz_period: 1364 (HY000): Field 'playerId' doesn't have a default value
2024-10-11 10:06:22,911 - ERROR - Error executing query for netball_womens_nz_period: 1364 (HY000): Field 'playerId' doesn't have a default value
2024-10-11 10:06:22,912 - ERROR - Error executing query for netball_womens_nz_period: 1364 (HY000): Field 'playerId' doesn't have a default value
2024-10-11 10:06:22,914 - ERROR - Error executing query for netball_womens_nz_period: 1364 (HY000): Field 'playerId' doesn't have a default value
2024-10-11 10:06:22,915 - ERROR - Error executing query for netball_womens_nz_period: 1364 (HY000): Field 'playerId' doesn't have a default value
2024-10-11 10:06:22,916 - ERROR - Error executing query for netball_womens_nz_period: 1364 (HY000): Field 'playerId' doesn't have a default value
2024-10-11 10:06:22,918 - ERROR - Error executing query for netball_womens_nz_period: 1364 (HY000): Field 'playerId' doesn't have a default value
2024-10-11 10:06:22,919 - ERROR - Error executing query for netball_womens_nz_period: 1364 (HY000): Field 'playerId' doesn't have a default value
2024-10-11 10:06:22,920 - ERROR - Error executing query for netball_womens_nz_period: 1364 (HY000): Field 'playerId' doesn't have a default value
2024-10-11 10:06:22,922 - ERROR - Error executing query for netball_womens_nz_period: 1364 (HY000): Field 'playerId' doesn't have a default value
2024-10-11 10:06:22,923 - ERROR - Error executing query for netball_womens_nz_period: 1364 (HY000): Field 'playerId' doesn't have a default value
2024-10-11 10:06:22,924 - ERROR - Error executing query for netball_womens_nz_period: 1364 (HY000): Field 'playerId' doesn't have a default value
2024-10-11 10:06:22,926 - ERROR - Error executing query for netball_womens_nz_period: 1364 (HY000): Field 'playerId' doesn't have a default value
2024-10-11 10:06:22,927 - ERROR - Error executing query for netball_womens_nz_period: 1364 (HY000): Field 'playerId' doesn't have a default value
2024-10-11 10:06:22,928 - ERROR - Error executing query for netball_womens_nz_period: 1364 (HY000): Field 'playerId' doesn't have a default value
2024-10-11 10:06:22,929 - ERROR - Error executing query for netball_womens_nz_period: 1364 (HY000): Field 'playerId' doesn't have a default value
2024-10-11 10:06:22,931 - ERROR - Error executing query for netball_womens_nz_period: 1364 (HY000): Field 'playerId' doesn't have a default value
2024-10-11 10:06:22,932 - ERROR - Error executing query for netball_womens_nz_period: 1364 (HY000): Field 'playerId' doesn't have a default value
2024-10-11 10:06:22,933 - ERROR - Error executing query for netball_womens_nz_period: 1364 (HY000): Field 'playerId' doesn't have a default value
2024-10-11 10:06:22,935 - ERROR - Error executing query for netball_womens_nz_period: 1364 (HY000): Field 'playerId' doesn't have a default value
2024-10-11 10:06:22,936 - ERROR - Error executing query for netball_womens_nz_period: 1364 (HY000): Field 'playerId' doesn't have a default value
2024-10-11 10:06:22,937 - ERROR - Error executing query for netball_womens_nz_period: 1364 (HY000): Field 'playerId' doesn't have a default value
2024-10-11 10:06:22,938 - ERROR - Error executing query for netball_womens_nz_period: 1364 (HY000): Field 'playerId' doesn't have a default value
2024-10-11 10:06:22,940 - ERROR - Error executing query for netball_womens_nz_period: 1364 (HY000): Field 'playerId' doesn't have a default value
2024-10-11 10:06:22,941 - ERROR - Error executing query for netball_womens_nz_period: 1364 (HY000): Field 'playerId' doesn't have a default value
2024-10-11 10:06:22,942 - ERROR - Error executing query for netball_womens_nz_period: 1364 (HY000): Field 'playerId' doesn't have a default value
2024-10-11 10:06:22,943 - ERROR - Error executing query for netball_womens_nz_period: 1364 (HY000): Field 'playerId' doesn't have a default value
2024-10-11 10:06:22,945 - ERROR - Error executing query for netball_womens_nz_period: 1364 (HY000): Field 'playerId' doesn't have a default value
2024-10-11 10:06:22,946 - ERROR - Error executing query for netball_womens_nz_period: 1364 (HY000): Field 'playerId' doesn't have a default value
2024-10-11 10:06:22,947 - ERROR - Error executing query for netball_womens_nz_period: 1364 (HY000): Field 'playerId' doesn't have a default value
2024-10-11 10:06:22,949 - ERROR - Error executing query for netball_womens_nz_period: 1364 (HY000): Field 'playerId' doesn't have a default value
2024-10-11 10:06:22,950 - ERROR - Error executing query for netball_womens_nz_period: 1364 (HY000): Field 'playerId' doesn't have a default value
2024-10-11 10:06:22,951 - ERROR - Error executing query for netball_womens_nz_period: 1364 (HY000): Field 'playerId' doesn't have a default value
2024-10-11 10:06:22,952 - ERROR - Error executing query for netball_womens_nz_period: 1364 (HY000): Field 'playerId' doesn't have a default value
2024-10-11 10:06:22,954 - ERROR - Error executing query for netball_womens_nz_period: 1364 (HY000): Field 'playerId' doesn't have a default value
2024-10-11 10:06:22,955 - ERROR - Error executing query for netball_womens_nz_period: 1364 (HY000): Field 'playerId' doesn't have a default value
2024-10-11 10:06:22,956 - ERROR - Error executing query for netball_womens_nz_period: 1364 (HY000): Field 'playerId' doesn't have a default value
2024-10-11 10:06:22,957 - ERROR - Error executing query for netball_womens_nz_period: 1364 (HY000): Field 'playerId' doesn't have a default value
2024-10-11 10:06:22,959 - ERROR - Error executing query for netball_womens_nz_period: 1364 (HY000): Field 'playerId' doesn't have a default value
2024-10-11 10:06:22,960 - ERROR - Error executing query for netball_womens_nz_period: 1364 (HY000): Field 'playerId' doesn't have a default value
2024-10-11 10:06:22,961 - ERROR - Error executing query for netball_womens_nz_period: 1364 (HY000): Field 'playerId' doesn't have a default value
2024-10-11 10:06:22,962 - ERROR - Error executing query for netball_womens_nz_period: 1364 (HY000): Field 'playerId' doesn't have a default value
2024-10-11 10:06:22,964 - ERROR - Error executing query for netball_womens_nz_period: 1364 (HY000): Field 'playerId' doesn't have a default value
2024-10-11 10:06:22,965 - ERROR - Error executing query for netball_womens_nz_period: 1364 (HY000): Field 'playerId' doesn't have a default value
2024-10-11 10:06:22,966 - ERROR - Error executing query for netball_womens_nz_period: 1364 (HY000): Field 'playerId' doesn't have a default value
2024-10-11 10:06:22,968 - ERROR - Error executing query for netball_womens_nz_period: 1364 (HY000): Field 'playerId' doesn't have a default value
2024-10-11 10:06:22,969 - ERROR - Error executing query for netball_womens_nz_period: 1364 (HY000): Field 'playerId' doesn't have a default value
2024-10-11 10:06:22,970 - ERROR - Error executing query for netball_womens_nz_period: 1364 (HY000): Field 'playerId' doesn't have a default value
2024-10-11 10:06:22,971 - ERROR - Error executing query for netball_womens_nz_period: 1364 (HY000): Field 'playerId' doesn't have a default value
2024-10-11 10:06:22,972 - ERROR - Error executing query for netball_womens_nz_period: 1364 (HY000): Field 'playerId' doesn't have a default value
2024-10-11 10:06:22,973 - ERROR - Error executing query for netball_womens_nz_period: 1364 (HY000): Field 'playerId' doesn't have a default value
2024-10-11 10:06:22,975 - ERROR - Error executing query for netball_womens_nz_period: 1364 (HY000): Field 'playerId' doesn't have a default value
2024-10-11 10:06:22,976 - ERROR - Error executing query for netball_womens_nz_period: 1364 (HY000): Field 'playerId' doesn't have a default value
2024-10-11 10:06:22,977 - ERROR - Error executing query for netball_womens_nz_period: 1364 (HY000): Field 'playerId' doesn't have a default value
2024-10-11 10:06:22,979 - ERROR - Error executing query for netball_womens_nz_period: 1364 (HY000): Field 'playerId' doesn't have a default value
2024-10-11 10:06:22,980 - ERROR - Error executing query for netball_womens_nz_period: 1364 (HY000): Field 'playerId' doesn't have a default value
2024-10-11 10:06:22,981 - ERROR - Error executing query for netball_womens_nz_period: 1364 (HY000): Field 'playerId' doesn't have a default value
2024-10-11 10:06:22,983 - ERROR - Error executing query for netball_womens_nz_period: 1364 (HY000): Field 'playerId' doesn't have a default value
2024-10-11 10:06:22,984 - ERROR - Error executing query for netball_womens_nz_period: 1364 (HY000): Field 'playerId' doesn't have a default value
2024-10-11 10:06:22,985 - ERROR - Error executing query for netball_womens_nz_period: 1364 (HY000): Field 'playerId' doesn't have a default value
2024-10-11 10:06:22,987 - ERROR - Error executing query for netball_womens_nz_period: 1364 (HY000): Field 'playerId' doesn't have a default value
2024-10-11 10:06:22,988 - ERROR - Error executing query for netball_womens_nz_period: 1364 (HY000): Field 'playerId' doesn't have a default value
2024-10-11 10:06:22,989 - ERROR - Error executing query for netball_womens_nz_period: 1364 (HY000): Field 'playerId' doesn't have a default value
2024-10-11 10:06:22,991 - ERROR - Error executing query for netball_womens_nz_period: 1364 (HY000): Field 'playerId' doesn't have a default value
2024-10-11 10:06:22,992 - ERROR - Error executing query for netball_womens_nz_period: 1364 (HY000): Field 'playerId' doesn't have a default value
2024-10-11 10:06:22,993 - ERROR - Error executing query for netball_womens_nz_period: 1364 (HY000): Field 'playerId' doesn't have a default value
2024-10-11 10:06:22,994 - ERROR - Error executing query for netball_womens_nz_period: 1364 (HY000): Field 'playerId' doesn't have a default value
2024-10-11 10:06:22,996 - ERROR - Error executing query for netball_womens_nz_period: 1364 (HY000): Field 'playerId' doesn't have a default value
2024-10-11 10:06:22,997 - ERROR - Error executing query for netball_womens_nz_period: 1364 (HY000): Field 'playerId' doesn't have a default value
2024-10-11 10:06:22,998 - ERROR - Error executing query for netball_womens_nz_period: 1364 (HY000): Field 'playerId' doesn't have a default value
2024-10-11 10:06:22,999 - ERROR - Error executing query for netball_womens_nz_period: 1364 (HY000): Field 'playerId' doesn't have a default value
2024-10-11 10:06:23,001 - ERROR - Error executing query for netball_womens_nz_period: 1364 (HY000): Field 'playerId' doesn't have a default value
2024-10-11 10:06:23,002 - ERROR - Error executing query for netball_womens_nz_period: 1364 (HY000): Field 'playerId' doesn't have a default value
2024-10-11 10:06:23,003 - ERROR - Error executing query for netball_womens_nz_period: 1364 (HY000): Field 'playerId' doesn't have a default value
2024-10-11 10:06:23,005 - ERROR - Error executing query for netball_womens_nz_period: 1364 (HY000): Field 'playerId' doesn't have a default value
2024-10-11 10:06:23,006 - ERROR - Error executing query for netball_womens_nz_period: 1364 (HY000): Field 'playerId' doesn't have a default value
2024-10-11 10:06:23,007 - ERROR - Error executing query for netball_womens_nz_period: 1364 (HY000): Field 'playerId' doesn't have a default value
2024-10-11 10:06:23,008 - ERROR - Error executing query for netball_womens_nz_period: 1364 (HY000): Field 'playerId' doesn't have a default value
2024-10-11 10:06:23,010 - ERROR - Error executing query for netball_womens_nz_period: 1364 (HY000): Field 'playerId' doesn't have a default value
2024-10-11 10:06:23,011 - ERROR - Error executing query for netball_womens_nz_period: 1364 (HY000): Field 'playerId' doesn't have a default value
2024-10-11 10:06:23,012 - ERROR - Error executing query for netball_womens_nz_period: 1364 (HY000): Field 'playerId' doesn't have a default value
2024-10-11 10:06:23,013 - ERROR - Error executing query for netball_womens_nz_period: 1364 (HY000): Field 'playerId' doesn't have a default value
2024-10-11 10:06:23,015 - ERROR - Error executing query for netball_womens_nz_period: 1364 (HY000): Field 'playerId' doesn't have a default value
2024-10-11 10:06:23,016 - ERROR - Error executing query for netball_womens_nz_period: 1364 (HY000): Field 'playerId' doesn't have a default value
2024-10-11 10:06:23,018 - ERROR - Error executing query for netball_womens_nz_period: 1364 (HY000): Field 'playerId' doesn't have a default value
2024-10-11 10:06:23,019 - ERROR - Error executing query for netball_womens_nz_period: 1364 (HY000): Field 'playerId' doesn't have a default value
2024-10-11 10:06:23,020 - ERROR - Error executing query for netball_womens_nz_period: 1364 (HY000): Field 'playerId' doesn't have a default value
2024-10-11 10:06:23,021 - ERROR - Error executing query for netball_womens_nz_period: 1364 (HY000): Field 'playerId' doesn't have a default value
2024-10-11 10:06:23,023 - ERROR - Error executing query for netball_womens_nz_period: 1364 (HY000): Field 'playerId' doesn't have a default value
2024-10-11 10:06:23,024 - ERROR - Error executing query for netball_womens_nz_period: 1364 (HY000): Field 'playerId' doesn't have a default value
2024-10-11 10:06:23,025 - ERROR - Error executing query for netball_womens_nz_period: 1364 (HY000): Field 'playerId' doesn't have a default value
2024-10-11 10:06:23,026 - ERROR - Error executing query for netball_womens_nz_period: 1364 (HY000): Field 'playerId' doesn't have a default value
2024-10-11 10:06:23,028 - ERROR - Error executing query for netball_womens_nz_period: 1364 (HY000): Field 'playerId' doesn't have a default value
2024-10-11 10:06:23,029 - ERROR - Error executing query for netball_womens_nz_period: 1364 (HY000): Field 'playerId' doesn't have a default value
2024-10-11 10:06:23,030 - ERROR - Error executing query for netball_womens_nz_period: 1364 (HY000): Field 'playerId' doesn't have a default value
2024-10-11 10:06:23,164 - ERROR - Error executing query for netball_womens_nz_score_flow: 1364 (HY000): Field 'squadId' doesn't have a default value
2024-10-11 10:06:23,165 - ERROR - Error executing query for netball_womens_nz_score_flow: 1364 (HY000): Field 'squadId' doesn't have a default value
2024-10-11 10:06:23,166 - ERROR - Error executing query for netball_womens_nz_score_flow: 1364 (HY000): Field 'squadId' doesn't have a default value
2024-10-11 10:06:23,167 - ERROR - Error executing query for netball_womens_nz_score_flow: 1364 (HY000): Field 'squadId' doesn't have a default value
2024-10-11 10:06:23,168 - ERROR - Error executing query for netball_womens_nz_score_flow: 1364 (HY000): Field 'squadId' doesn't have a default value
2024-10-11 10:06:23,169 - ERROR - Error executing query for netball_womens_nz_score_flow: 1364 (HY000): Field 'squadId' doesn't have a default value
2024-10-11 10:06:23,170 - ERROR - Error executing query for netball_womens_nz_score_flow: 1364 (HY000): Field 'squadId' doesn't have a default value
2024-10-11 10:06:23,171 - ERROR - Error executing query for netball_womens_nz_score_flow: 1364 (HY000): Field 'squadId' doesn't have a default value
2024-10-11 10:06:23,172 - ERROR - Error executing query for netball_womens_nz_score_flow: 1364 (HY000): Field 'squadId' doesn't have a default value
2024-10-11 10:06:23,173 - ERROR - Error executing query for netball_womens_nz_score_flow: 1364 (HY000): Field 'squadId' doesn't have a default value
2024-10-11 10:06:23,174 - ERROR - Error executing query for netball_womens_nz_score_flow: 1364 (HY000): Field 'squadId' doesn't have a default value
2024-10-11 10:06:23,175 - ERROR - Error executing query for netball_womens_nz_score_flow: 1364 (HY000): Field 'squadId' doesn't have a default value
2024-10-11 10:06:23,176 - ERROR - Error executing query for netball_womens_nz_score_flow: 1364 (HY000): Field 'squadId' doesn't have a default value
2024-10-11 10:06:23,177 - ERROR - Error executing query for netball_womens_nz_score_flow: 1364 (HY000): Field 'squadId' doesn't have a default value
2024-10-11 10:06:23,178 - ERROR - Error executing query for netball_womens_nz_score_flow: 1364 (HY000): Field 'squadId' doesn't have a default value
2024-10-11 10:06:23,178 - ERROR - Error executing query for netball_womens_nz_score_flow: 1364 (HY000): Field 'squadId' doesn't have a default value
2024-10-11 10:06:23,179 - ERROR - Error executing query for netball_womens_nz_score_flow: 1364 (HY000): Field 'squadId' doesn't have a default value
2024-10-11 10:06:23,180 - ERROR - Error executing query for netball_womens_nz_score_flow: 1364 (HY000): Field 'squadId' doesn't have a default value
2024-10-11 10:06:23,181 - ERROR - Error executing query for netball_womens_nz_score_flow: 1364 (HY000): Field 'squadId' doesn't have a default value
2024-10-11 10:06:23,182 - ERROR - Error executing query for netball_womens_nz_score_flow: 1364 (HY000): Field 'squadId' doesn't have a default value
2024-10-11 10:06:23,183 - ERROR - Error executing query for netball_womens_nz_score_flow: 1364 (HY000): Field 'squadId' doesn't have a default value
2024-10-11 10:06:23,184 - ERROR - Error executing query for netball_womens_nz_score_flow: 1364 (HY000): Field 'squadId' doesn't have a default value
2024-10-11 10:06:23,185 - ERROR - Error executing query for netball_womens_nz_score_flow: 1364 (HY000): Field 'squadId' doesn't have a default value
2024-10-11 10:06:23,186 - ERROR - Error executing query for netball_womens_nz_score_flow: 1364 (HY000): Field 'squadId' doesn't have a default value
2024-10-11 10:06:23,188 - ERROR - Error executing query for netball_womens_nz_score_flow: 1364 (HY000): Field 'squadId' doesn't have a default value
2024-10-11 10:06:23,189 - ERROR - Error executing query for netball_womens_nz_score_flow: 1364 (HY000): Field 'squadId' doesn't have a default value
2024-10-11 10:06:23,190 - ERROR - Error executing query for netball_womens_nz_score_flow: 1364 (HY000): Field 'squadId' doesn't have a default value
2024-10-11 10:06:23,191 - ERROR - Error executing query for netball_womens_nz_score_flow: 1364 (HY000): Field 'squadId' doesn't have a default value
2024-10-11 10:06:23,193 - ERROR - Error executing query for netball_womens_nz_score_flow: 1364 (HY000): Field 'squadId' doesn't have a default value
2024-10-11 10:06:23,195 - ERROR - Error executing query for netball_womens_nz_score_flow: 1364 (HY000): Field 'squadId' doesn't have a default value
2024-10-11 10:06:23,197 - ERROR - Error executing query for netball_womens_nz_score_flow: 1364 (HY000): Field 'squadId' doesn't have a default value
2024-10-11 10:06:23,198 - ERROR - Error executing query for netball_womens_nz_score_flow: 1364 (HY000): Field 'squadId' doesn't have a default value
2024-10-11 10:06:23,200 - ERROR - Error executing query for netball_womens_nz_score_flow: 1364 (HY000): Field 'squadId' doesn't have a default value
2024-10-11 10:06:23,201 - ERROR - Error executing query for netball_womens_nz_score_flow: 1364 (HY000): Field 'squadId' doesn't have a default value
2024-10-11 10:06:23,203 - ERROR - Error executing query for netball_womens_nz_score_flow: 1364 (HY000): Field 'squadId' doesn't have a default value
2024-10-11 10:06:23,204 - ERROR - Error executing query for netball_womens_nz_score_flow: 1364 (HY000): Field 'squadId' doesn't have a default value
2024-10-11 10:06:23,206 - ERROR - Error executing query for netball_womens_nz_score_flow: 1364 (HY000): Field 'squadId' doesn't have a default value
2024-10-11 10:06:23,207 - ERROR - Error executing query for netball_womens_nz_score_flow: 1364 (HY000): Field 'squadId' doesn't have a default value
2024-10-11 10:06:23,209 - ERROR - Error executing query for netball_womens_nz_score_flow: 1364 (HY000): Field 'squadId' doesn't have a default value
2024-10-11 10:06:23,210 - ERROR - Error executing query for netball_womens_nz_score_flow: 1364 (HY000): Field 'squadId' doesn't have a default value
2024-10-11 10:06:23,211 - ERROR - Error executing query for netball_womens_nz_score_flow: 1364 (HY000): Field 'squadId' doesn't have a default value
2024-10-11 10:06:23,213 - ERROR - Error executing query for netball_womens_nz_score_flow: 1364 (HY000): Field 'squadId' doesn't have a default value
2024-10-11 10:06:23,215 - ERROR - Error executing query for netball_womens_nz_score_flow: 1364 (HY000): Field 'squadId' doesn't have a default value
2024-10-11 10:06:23,216 - ERROR - Error executing query for netball_womens_nz_score_flow: 1364 (HY000): Field 'squadId' doesn't have a default value
2024-10-11 10:06:23,218 - ERROR - Error executing query for netball_womens_nz_score_flow: 1364 (HY000): Field 'squadId' doesn't have a default value
2024-10-11 10:06:23,219 - ERROR - Error executing query for netball_womens_nz_score_flow: 1364 (HY000): Field 'squadId' doesn't have a default value
2024-10-11 10:06:23,220 - ERROR - Error executing query for netball_womens_nz_score_flow: 1364 (HY000): Field 'squadId' doesn't have a default value
2024-10-11 10:06:23,221 - ERROR - Error executing query for netball_womens_nz_score_flow: 1364 (HY000): Field 'squadId' doesn't have a default value
2024-10-11 10:06:23,222 - ERROR - Error executing query for netball_womens_nz_score_flow: 1364 (HY000): Field 'squadId' doesn't have a default value
2024-10-11 10:06:23,223 - ERROR - Error executing query for netball_womens_nz_score_flow: 1364 (HY000): Field 'squadId' doesn't have a default value
2024-10-11 10:06:23,224 - ERROR - Error executing query for netball_womens_nz_score_flow: 1364 (HY000): Field 'squadId' doesn't have a default value
2024-10-11 10:06:23,225 - ERROR - Error executing query for netball_womens_nz_score_flow: 1364 (HY000): Field 'squadId' doesn't have a default value
2024-10-11 10:06:23,226 - ERROR - Error executing query for netball_womens_nz_score_flow: 1364 (HY000): Field 'squadId' doesn't have a default value
2024-10-11 10:06:23,227 - ERROR - Error executing query for netball_womens_nz_score_flow: 1364 (HY000): Field 'squadId' doesn't have a default value
2024-10-11 10:06:23,228 - ERROR - Error executing query for netball_womens_nz_score_flow: 1364 (HY000): Field 'squadId' doesn't have a default value
2024-10-11 10:06:23,229 - ERROR - Error executing query for netball_womens_nz_score_flow: 1364 (HY000): Field 'squadId' doesn't have a default value
2024-10-11 10:06:23,230 - ERROR - Error executing query for netball_womens_nz_score_flow: 1364 (HY000): Field 'squadId' doesn't have a default value
2024-10-11 10:06:23,231 - ERROR - Error executing query for netball_womens_nz_score_flow: 1364 (HY000): Field 'squadId' doesn't have a default value
2024-10-11 10:06:23,232 - ERROR - Error executing query for netball_womens_nz_score_flow: 1364 (HY000): Field 'squadId' doesn't have a default value
2024-10-11 10:06:23,233 - ERROR - Error executing query for netball_womens_nz_score_flow: 1364 (HY000): Field 'squadId' doesn't have a default value
2024-10-11 10:06:23,234 - ERROR - Error executing query for netball_womens_nz_score_flow: 1364 (HY000): Field 'squadId' doesn't have a default value
2024-10-11 10:06:23,235 - ERROR - Error executing query for netball_womens_nz_score_flow: 1364 (HY000): Field 'squadId' doesn't have a default value
2024-10-11 10:06:23,236 - ERROR - Error executing query for netball_womens_nz_score_flow: 1364 (HY000): Field 'squadId' doesn't have a default value
2024-10-11 10:06:23,237 - ERROR - Error executing query for netball_womens_nz_score_flow: 1364 (HY000): Field 'squadId' doesn't have a default value
2024-10-11 10:06:23,238 - ERROR - Error executing query for netball_womens_nz_score_flow: 1364 (HY000): Field 'squadId' doesn't have a default value
2024-10-11 10:06:23,239 - ERROR - Error executing query for netball_womens_nz_score_flow: 1364 (HY000): Field 'squadId' doesn't have a default value
2024-10-11 10:06:23,240 - ERROR - Error executing query for netball_womens_nz_score_flow: 1364 (HY000): Field 'squadId' doesn't have a default value
2024-10-11 10:06:23,241 - ERROR - Error executing query for netball_womens_nz_score_flow: 1364 (HY000): Field 'squadId' doesn't have a default value
2024-10-11 10:06:23,242 - ERROR - Error executing query for netball_womens_nz_score_flow: 1364 (HY000): Field 'squadId' doesn't have a default value
2024-10-11 10:06:23,243 - ERROR - Error executing query for netball_womens_nz_score_flow: 1364 (HY000): Field 'squadId' doesn't have a default value
2024-10-11 10:06:23,244 - ERROR - Error executing query for netball_womens_nz_score_flow: 1364 (HY000): Field 'squadId' doesn't have a default value
2024-10-11 10:06:23,245 - ERROR - Error executing query for netball_womens_nz_score_flow: 1364 (HY000): Field 'squadId' doesn't have a default value
2024-10-11 10:06:23,246 - ERROR - Error executing query for netball_womens_nz_score_flow: 1364 (HY000): Field 'squadId' doesn't have a default value
2024-10-11 10:06:23,247 - ERROR - Error executing query for netball_womens_nz_score_flow: 1364 (HY000): Field 'squadId' doesn't have a default value
2024-10-11 10:06:23,248 - ERROR - Error executing query for netball_womens_nz_score_flow: 1364 (HY000): Field 'squadId' doesn't have a default value
2024-10-11 10:06:23,249 - ERROR - Error executing query for netball_womens_nz_score_flow: 1364 (HY000): Field 'squadId' doesn't have a default value
2024-10-11 10:06:23,250 - ERROR - Error executing query for netball_womens_nz_score_flow: 1364 (HY000): Field 'squadId' doesn't have a default value
2024-10-11 10:06:23,251 - ERROR - Error executing query for netball_womens_nz_score_flow: 1364 (HY000): Field 'squadId' doesn't have a default value
2024-10-11 10:06:23,252 - ERROR - Error executing query for netball_womens_nz_score_flow: 1364 (HY000): Field 'squadId' doesn't have a default value
2024-10-11 10:06:23,253 - ERROR - Error executing query for netball_womens_nz_score_flow: 1364 (HY000): Field 'squadId' doesn't have a default value
2024-10-11 10:06:23,254 - ERROR - Error executing query for netball_womens_nz_score_flow: 1364 (HY000): Field 'squadId' doesn't have a default value
2024-10-11 10:06:23,255 - ERROR - Error executing query for netball_womens_nz_score_flow: 1364 (HY000): Field 'squadId' doesn't have a default value
2024-10-11 10:06:23,256 - ERROR - Error executing query for netball_womens_nz_score_flow: 1364 (HY000): Field 'squadId' doesn't have a default value
2024-10-11 10:06:23,257 - ERROR - Error executing query for netball_womens_nz_score_flow: 1364 (HY000): Field 'squadId' doesn't have a default value
2024-10-11 10:06:23,258 - ERROR - Error executing query for netball_womens_nz_score_flow: 1364 (HY000): Field 'squadId' doesn't have a default value
2024-10-11 10:06:23,259 - ERROR - Error executing query for netball_womens_nz_score_flow: 1364 (HY000): Field 'squadId' doesn't have a default value
2024-10-11 10:06:23,260 - ERROR - Error executing query for netball_womens_nz_score_flow: 1364 (HY000): Field 'squadId' doesn't have a default value
2024-10-11 10:06:23,261 - ERROR - Error executing query for netball_womens_nz_score_flow: 1364 (HY000): Field 'squadId' doesn't have a default value
2024-10-11 10:06:23,262 - ERROR - Error executing query for netball_womens_nz_score_flow: 1364 (HY000): Field 'squadId' doesn't have a default value
2024-10-11 10:06:23,263 - ERROR - Error executing query for netball_womens_nz_score_flow: 1364 (HY000): Field 'squadId' doesn't have a default value
2024-10-11 10:06:23,264 - ERROR - Error executing query for netball_womens_nz_score_flow: 1364 (HY000): Field 'squadId' doesn't have a default value
2024-10-11 10:06:23,265 - ERROR - Error executing query for netball_womens_nz_score_flow: 1364 (HY000): Field 'squadId' doesn't have a default value
2024-10-11 10:06:23,266 - ERROR - Error executing query for netball_womens_nz_score_flow: 1364 (HY000): Field 'squadId' doesn't have a default value
2024-10-11 10:06:23,267 - ERROR - Error executing query for netball_womens_nz_score_flow: 1364 (HY000): Field 'squadId' doesn't have a default value
2024-10-11 10:06:23,268 - ERROR - Error executing query for netball_womens_nz_score_flow: 1364 (HY000): Field 'squadId' doesn't have a default value
2024-10-11 10:06:23,269 - ERROR - Error executing query for netball_womens_nz_score_flow: 1364 (HY000): Field 'squadId' doesn't have a default value
2024-10-11 10:06:23,270 - ERROR - Error executing query for netball_womens_nz_score_flow: 1364 (HY000): Field 'squadId' doesn't have a default value
2024-10-11 10:06:23,271 - ERROR - Error executing query for netball_womens_nz_score_flow: 1364 (HY000): Field 'squadId' doesn't have a default value
2024-10-11 10:06:23,272 - ERROR - Error executing query for netball_womens_nz_score_flow: 1364 (HY000): Field 'squadId' doesn't have a default value
2024-10-11 10:06:23,272 - ERROR - Error executing query for netball_womens_nz_score_flow: 1364 (HY000): Field 'squadId' doesn't have a default value
2024-10-11 10:06:23,273 - ERROR - Error executing query for netball_womens_nz_score_flow: 1364 (HY000): Field 'squadId' doesn't have a default value
2024-10-11 10:06:23,274 - ERROR - Error executing query for netball_womens_nz_score_flow: 1364 (HY000): Field 'squadId' doesn't have a default value
2024-10-11 10:06:23,275 - ERROR - Error executing query for netball_womens_nz_score_flow: 1364 (HY000): Field 'squadId' doesn't have a default value
2024-10-11 10:06:23,277 - ERROR - Error executing query for netball_womens_nz_score_flow: 1364 (HY000): Field 'squadId' doesn't have a default value
2024-10-11 10:06:23,278 - ERROR - Error executing query for netball_womens_nz_score_flow: 1364 (HY000): Field 'squadId' doesn't have a default value
2024-10-11 10:06:23,279 - ERROR - Error executing query for netball_womens_nz_score_flow: 1364 (HY000): Field 'squadId' doesn't have a default value
2024-10-11 10:06:23,280 - ERROR - Error executing query for netball_womens_nz_score_flow: 1364 (HY000): Field 'squadId' doesn't have a default value
2024-10-11 10:06:23,280 - ERROR - Error executing query for netball_womens_nz_score_flow: 1364 (HY000): Field 'squadId' doesn't have a default value
2024-10-11 10:06:23,281 - ERROR - Error executing query for netball_womens_nz_score_flow: 1364 (HY000): Field 'squadId' doesn't have a default value
2024-10-11 10:06:23,282 - ERROR - Error executing query for netball_womens_nz_score_flow: 1364 (HY000): Field 'squadId' doesn't have a default value
2024-10-11 10:06:23,284 - ERROR - Error executing query for netball_womens_nz_score_flow: 1364 (HY000): Field 'squadId' doesn't have a default value
2024-10-11 10:06:23,284 - ERROR - Error executing query for netball_womens_nz_score_flow: 1364 (HY000): Field 'squadId' doesn't have a default value
2024-10-11 10:06:23,285 - ERROR - Error executing query for netball_womens_nz_score_flow: 1364 (HY000): Field 'squadId' doesn't have a default value
2024-10-11 10:06:23,286 - ERROR - Error executing query for netball_womens_nz_score_flow: 1364 (HY000): Field 'squadId' doesn't have a default value
2024-10-11 10:06:23,287 - ERROR - Error executing query for netball_womens_nz_score_flow: 1364 (HY000): Field 'squadId' doesn't have a default value
2024-10-11 10:06:23,288 - ERROR - Error executing query for netball_womens_nz_score_flow: 1364 (HY000): Field 'squadId' doesn't have a default value
2024-10-11 10:06:23,289 - ERROR - Error executing query for netball_womens_nz_score_flow: 1364 (HY000): Field 'squadId' doesn't have a default value
2024-10-11 10:06:23,291 - ERROR - Error executing query for netball_womens_nz_score_flow: 1364 (HY000): Field 'squadId' doesn't have a default value
2024-10-11 10:06:23,292 - ERROR - Error executing query for netball_womens_nz_score_flow: 1364 (HY000): Field 'squadId' doesn't have a default value
2024-10-11 10:06:23,293 - ERROR - Error executing query for netball_womens_nz_score_flow: 1364 (HY000): Field 'squadId' doesn't have a default value
2024-10-11 10:06:23,294 - ERROR - Error executing query for netball_womens_nz_score_flow: 1364 (HY000): Field 'squadId' doesn't have a default value
2024-10-11 10:06:23,295 - ERROR - Error executing query for netball_womens_nz_score_flow: 1364 (HY000): Field 'squadId' doesn't have a default value
2024-10-11 10:06:23,296 - ERROR - Error executing query for netball_womens_nz_score_flow: 1364 (HY000): Field 'squadId' doesn't have a default value
2024-10-11 10:06:23,297 - ERROR - Error executing query for netball_womens_nz_score_flow: 1364 (HY000): Field 'squadId' doesn't have a default value
2024-10-11 10:06:23,298 - ERROR - Error executing query for netball_womens_nz_score_flow: 1364 (HY000): Field 'squadId' doesn't have a default value
2024-10-11 10:06:23,299 - ERROR - Error executing query for netball_womens_nz_fixture: 1364 (HY000): Field 'fixtureId' doesn't have a default value
2024-10-11 10:06:23,300 - ERROR - Error executing query for sport_info: 1364 (HY000): Field 'sportId' doesn't have a default value
2024-10-11 10:06:23,460 - ERROR - Error executing query for player_info: 1364 (HY000): Field 'playerId' doesn't have a default value
2024-10-11 10:06:23,461 - ERROR - Error executing query for squad_info: 1364 (HY000): Field 'squadID' doesn't have a default value
2024-10-11 10:06:23,463 - ERROR - Error executing query for netball_womens_nz_match: 1364 (HY000): Field 'playerId' doesn't have a default value
2024-10-11 10:06:23,464 - ERROR - Error executing query for player_info: 1364 (HY000): Field 'playerId' doesn't have a default value
2024-10-11 10:06:23,464 - ERROR - Error executing query for squad_info: 1364 (HY000): Field 'squadID' doesn't have a default value
2024-10-11 10:06:23,466 - ERROR - Error executing query for netball_womens_nz_match: 1364 (HY000): Field 'playerId' doesn't have a default value
2024-10-11 10:06:23,467 - ERROR - Error executing query for player_info: 1364 (HY000): Field 'playerId' doesn't have a default value
2024-10-11 10:06:23,467 - ERROR - Error executing query for squad_info: 1364 (HY000): Field 'squadID' doesn't have a default value
2024-10-11 10:06:23,469 - ERROR - Error executing query for netball_womens_nz_match: 1364 (HY000): Field 'playerId' doesn't have a default value
2024-10-11 10:06:23,470 - ERROR - Error executing query for player_info: 1364 (HY000): Field 'playerId' doesn't have a default value
2024-10-11 10:06:23,471 - ERROR - Error executing query for squad_info: 1364 (HY000): Field 'squadID' doesn't have a default value
2024-10-11 10:06:23,472 - ERROR - Error executing query for netball_womens_nz_match: 1364 (HY000): Field 'playerId' doesn't have a default value
2024-10-11 10:06:23,473 - ERROR - Error executing query for player_info: 1364 (HY000): Field 'playerId' doesn't have a default value
2024-10-11 10:06:23,474 - ERROR - Error executing query for squad_info: 1364 (HY000): Field 'squadID' doesn't have a default value
2024-10-11 10:06:23,475 - ERROR - Error executing query for netball_womens_nz_match: 1364 (HY000): Field 'playerId' doesn't have a default value
2024-10-11 10:06:23,476 - ERROR - Error executing query for player_info: 1364 (HY000): Field 'playerId' doesn't have a default value
2024-10-11 10:06:23,477 - ERROR - Error executing query for squad_info: 1364 (HY000): Field 'squadID' doesn't have a default value
2024-10-11 10:06:23,479 - ERROR - Error executing query for netball_womens_nz_match: 1364 (HY000): Field 'playerId' doesn't have a default value
2024-10-11 10:06:23,480 - ERROR - Error executing query for player_info: 1364 (HY000): Field 'playerId' doesn't have a default value
2024-10-11 10:06:23,481 - ERROR - Error executing query for squad_info: 1364 (HY000): Field 'squadID' doesn't have a default value
2024-10-11 10:06:23,482 - ERROR - Error executing query for netball_womens_nz_match: 1364 (HY000): Field 'playerId' doesn't have a default value
2024-10-11 10:06:23,483 - ERROR - Error executing query for player_info: 1364 (HY000): Field 'playerId' doesn't have a default value
2024-10-11 10:06:23,484 - ERROR - Error executing query for squad_info: 1364 (HY000): Field 'squadID' doesn't have a default value
2024-10-11 10:06:23,485 - ERROR - Error executing query for netball_womens_nz_match: 1364 (HY000): Field 'playerId' doesn't have a default value
2024-10-11 10:06:23,486 - ERROR - Error executing query for player_info: 1364 (HY000): Field 'playerId' doesn't have a default value
2024-10-11 10:06:23,487 - ERROR - Error executing query for squad_info: 1364 (HY000): Field 'squadID' doesn't have a default value
2024-10-11 10:06:23,488 - ERROR - Error executing query for netball_womens_nz_match: 1364 (HY000): Field 'playerId' doesn't have a default value
2024-10-11 10:06:23,489 - ERROR - Error executing query for player_info: 1364 (HY000): Field 'playerId' doesn't have a default value
2024-10-11 10:06:23,490 - ERROR - Error executing query for squad_info: 1364 (HY000): Field 'squadID' doesn't have a default value
2024-10-11 10:06:23,492 - ERROR - Error executing query for netball_womens_nz_match: 1364 (HY000): Field 'playerId' doesn't have a default value
2024-10-11 10:06:23,493 - ERROR - Error executing query for player_info: 1364 (HY000): Field 'playerId' doesn't have a default value
2024-10-11 10:06:23,494 - ERROR - Error executing query for squad_info: 1364 (HY000): Field 'squadID' doesn't have a default value
2024-10-11 10:06:23,495 - ERROR - Error executing query for netball_womens_nz_match: 1364 (HY000): Field 'playerId' doesn't have a default value
2024-10-11 10:06:23,496 - ERROR - Error executing query for player_info: 1364 (HY000): Field 'playerId' doesn't have a default value
2024-10-11 10:06:23,497 - ERROR - Error executing query for squad_info: 1364 (HY000): Field 'squadID' doesn't have a default value
2024-10-11 10:06:23,498 - ERROR - Error executing query for netball_womens_nz_match: 1364 (HY000): Field 'playerId' doesn't have a default value
2024-10-11 10:06:23,499 - ERROR - Error executing query for player_info: 1364 (HY000): Field 'playerId' doesn't have a default value
2024-10-11 10:06:23,500 - ERROR - Error executing query for squad_info: 1364 (HY000): Field 'squadID' doesn't have a default value
2024-10-11 10:06:23,501 - ERROR - Error executing query for netball_womens_nz_match: 1364 (HY000): Field 'playerId' doesn't have a default value
2024-10-11 10:06:23,502 - ERROR - Error executing query for player_info: 1364 (HY000): Field 'playerId' doesn't have a default value
2024-10-11 10:06:23,503 - ERROR - Error executing query for squad_info: 1364 (HY000): Field 'squadID' doesn't have a default value
2024-10-11 10:06:23,505 - ERROR - Error executing query for netball_womens_nz_match: 1364 (HY000): Field 'playerId' doesn't have a default value
2024-10-11 10:06:23,506 - ERROR - Error executing query for player_info: 1364 (HY000): Field 'playerId' doesn't have a default value
2024-10-11 10:06:23,508 - ERROR - Error executing query for squad_info: 1364 (HY000): Field 'squadID' doesn't have a default value
2024-10-11 10:06:23,509 - ERROR - Error executing query for netball_womens_nz_match: 1364 (HY000): Field 'playerId' doesn't have a default value
2024-10-11 10:06:23,511 - ERROR - Error executing query for player_info: 1364 (HY000): Field 'playerId' doesn't have a default value
2024-10-11 10:06:23,512 - ERROR - Error executing query for squad_info: 1364 (HY000): Field 'squadID' doesn't have a default value
2024-10-11 10:06:23,513 - ERROR - Error executing query for netball_womens_nz_match: 1364 (HY000): Field 'playerId' doesn't have a default value
2024-10-11 10:06:23,515 - ERROR - Error executing query for player_info: 1364 (HY000): Field 'playerId' doesn't have a default value
2024-10-11 10:06:23,516 - ERROR - Error executing query for squad_info: 1364 (HY000): Field 'squadID' doesn't have a default value
2024-10-11 10:06:23,517 - ERROR - Error executing query for netball_womens_nz_match: 1364 (HY000): Field 'playerId' doesn't have a default value
2024-10-11 10:06:23,519 - ERROR - Error executing query for player_info: 1364 (HY000): Field 'playerId' doesn't have a default value
2024-10-11 10:06:23,520 - ERROR - Error executing query for squad_info: 1364 (HY000): Field 'squadID' doesn't have a default value
2024-10-11 10:06:23,522 - ERROR - Error executing query for netball_womens_nz_match: 1364 (HY000): Field 'playerId' doesn't have a default value
2024-10-11 10:06:23,524 - ERROR - Error executing query for player_info: 1364 (HY000): Field 'playerId' doesn't have a default value
2024-10-11 10:06:23,525 - ERROR - Error executing query for squad_info: 1364 (HY000): Field 'squadID' doesn't have a default value
2024-10-11 10:06:23,527 - ERROR - Error executing query for netball_womens_nz_match: 1364 (HY000): Field 'playerId' doesn't have a default value
2024-10-11 10:06:23,529 - ERROR - Error executing query for player_info: 1364 (HY000): Field 'playerId' doesn't have a default value
2024-10-11 10:06:23,530 - ERROR - Error executing query for squad_info: 1364 (HY000): Field 'squadID' doesn't have a default value
2024-10-11 10:06:23,531 - ERROR - Error executing query for netball_womens_nz_match: 1364 (HY000): Field 'playerId' doesn't have a default value
2024-10-11 10:06:23,533 - ERROR - Error executing query for player_info: 1364 (HY000): Field 'playerId' doesn't have a default value
2024-10-11 10:06:23,534 - ERROR - Error executing query for squad_info: 1364 (HY000): Field 'squadID' doesn't have a default value
2024-10-11 10:06:23,536 - ERROR - Error executing query for netball_womens_nz_match: 1364 (HY000): Field 'playerId' doesn't have a default value
2024-10-11 10:06:23,537 - ERROR - Error executing query for player_info: 1364 (HY000): Field 'playerId' doesn't have a default value
2024-10-11 10:06:23,538 - ERROR - Error executing query for squad_info: 1364 (HY000): Field 'squadID' doesn't have a default value
2024-10-11 10:06:23,540 - ERROR - Error executing query for netball_womens_nz_match: 1364 (HY000): Field 'playerId' doesn't have a default value
2024-10-11 10:06:23,541 - ERROR - Error executing query for player_info: 1364 (HY000): Field 'playerId' doesn't have a default value
2024-10-11 10:06:23,543 - ERROR - Error executing query for squad_info: 1364 (HY000): Field 'squadID' doesn't have a default value
2024-10-11 10:06:23,544 - ERROR - Error executing query for netball_womens_nz_match: 1364 (HY000): Field 'playerId' doesn't have a default value
2024-10-11 10:06:23,546 - ERROR - Error executing query for player_info: 1364 (HY000): Field 'playerId' doesn't have a default value
2024-10-11 10:06:23,547 - ERROR - Error executing query for squad_info: 1364 (HY000): Field 'squadID' doesn't have a default value
2024-10-11 10:06:23,549 - ERROR - Error executing query for netball_womens_nz_match: 1364 (HY000): Field 'playerId' doesn't have a default value
2024-10-11 10:06:23,714 - ERROR - Error executing query for netball_womens_nz_period: 1364 (HY000): Field 'playerId' doesn't have a default value
2024-10-11 10:06:23,715 - ERROR - Error executing query for netball_womens_nz_period: 1364 (HY000): Field 'playerId' doesn't have a default value
2024-10-11 10:06:23,717 - ERROR - Error executing query for netball_womens_nz_period: 1364 (HY000): Field 'playerId' doesn't have a default value
2024-10-11 10:06:23,718 - ERROR - Error executing query for netball_womens_nz_period: 1364 (HY000): Field 'playerId' doesn't have a default value
2024-10-11 10:06:23,719 - ERROR - Error executing query for netball_womens_nz_period: 1364 (HY000): Field 'playerId' doesn't have a default value
2024-10-11 10:06:23,720 - ERROR - Error executing query for netball_womens_nz_period: 1364 (HY000): Field 'playerId' doesn't have a default value
2024-10-11 10:06:23,722 - ERROR - Error executing query for netball_womens_nz_period: 1364 (HY000): Field 'playerId' doesn't have a default value
2024-10-11 10:06:23,723 - ERROR - Error executing query for netball_womens_nz_period: 1364 (HY000): Field 'playerId' doesn't have a default value
2024-10-11 10:06:23,725 - ERROR - Error executing query for netball_womens_nz_period: 1364 (HY000): Field 'playerId' doesn't have a default value
2024-10-11 10:06:23,726 - ERROR - Error executing query for netball_womens_nz_period: 1364 (HY000): Field 'playerId' doesn't have a default value
2024-10-11 10:06:23,727 - ERROR - Error executing query for netball_womens_nz_period: 1364 (HY000): Field 'playerId' doesn't have a default value
2024-10-11 10:06:23,728 - ERROR - Error executing query for netball_womens_nz_period: 1364 (HY000): Field 'playerId' doesn't have a default value
2024-10-11 10:06:23,730 - ERROR - Error executing query for netball_womens_nz_period: 1364 (HY000): Field 'playerId' doesn't have a default value
2024-10-11 10:06:23,731 - ERROR - Error executing query for netball_womens_nz_period: 1364 (HY000): Field 'playerId' doesn't have a default value
2024-10-11 10:06:23,733 - ERROR - Error executing query for netball_womens_nz_period: 1364 (HY000): Field 'playerId' doesn't have a default value
2024-10-11 10:06:23,734 - ERROR - Error executing query for netball_womens_nz_period: 1364 (HY000): Field 'playerId' doesn't have a default value
2024-10-11 10:06:23,735 - ERROR - Error executing query for netball_womens_nz_period: 1364 (HY000): Field 'playerId' doesn't have a default value
2024-10-11 10:06:23,737 - ERROR - Error executing query for netball_womens_nz_period: 1364 (HY000): Field 'playerId' doesn't have a default value
2024-10-11 10:06:23,738 - ERROR - Error executing query for netball_womens_nz_period: 1364 (HY000): Field 'playerId' doesn't have a default value
2024-10-11 10:06:23,739 - ERROR - Error executing query for netball_womens_nz_period: 1364 (HY000): Field 'playerId' doesn't have a default value
2024-10-11 10:06:23,741 - ERROR - Error executing query for netball_womens_nz_period: 1364 (HY000): Field 'playerId' doesn't have a default value
2024-10-11 10:06:23,742 - ERROR - Error executing query for netball_womens_nz_period: 1364 (HY000): Field 'playerId' doesn't have a default value
2024-10-11 10:06:23,743 - ERROR - Error executing query for netball_womens_nz_period: 1364 (HY000): Field 'playerId' doesn't have a default value
2024-10-11 10:06:23,745 - ERROR - Error executing query for netball_womens_nz_period: 1364 (HY000): Field 'playerId' doesn't have a default value
2024-10-11 10:06:23,746 - ERROR - Error executing query for netball_womens_nz_period: 1364 (HY000): Field 'playerId' doesn't have a default value
2024-10-11 10:06:23,747 - ERROR - Error executing query for netball_womens_nz_period: 1364 (HY000): Field 'playerId' doesn't have a default value
2024-10-11 10:06:23,748 - ERROR - Error executing query for netball_womens_nz_period: 1364 (HY000): Field 'playerId' doesn't have a default value
2024-10-11 10:06:23,750 - ERROR - Error executing query for netball_womens_nz_period: 1364 (HY000): Field 'playerId' doesn't have a default value
2024-10-11 10:06:23,751 - ERROR - Error executing query for netball_womens_nz_period: 1364 (HY000): Field 'playerId' doesn't have a default value
2024-10-11 10:06:23,752 - ERROR - Error executing query for netball_womens_nz_period: 1364 (HY000): Field 'playerId' doesn't have a default value
2024-10-11 10:06:23,753 - ERROR - Error executing query for netball_womens_nz_period: 1364 (HY000): Field 'playerId' doesn't have a default value
2024-10-11 10:06:23,755 - ERROR - Error executing query for netball_womens_nz_period: 1364 (HY000): Field 'playerId' doesn't have a default value
2024-10-11 10:06:23,756 - ERROR - Error executing query for netball_womens_nz_period: 1364 (HY000): Field 'playerId' doesn't have a default value
2024-10-11 10:06:23,757 - ERROR - Error executing query for netball_womens_nz_period: 1364 (HY000): Field 'playerId' doesn't have a default value
2024-10-11 10:06:23,759 - ERROR - Error executing query for netball_womens_nz_period: 1364 (HY000): Field 'playerId' doesn't have a default value
2024-10-11 10:06:23,760 - ERROR - Error executing query for netball_womens_nz_period: 1364 (HY000): Field 'playerId' doesn't have a default value
2024-10-11 10:06:23,761 - ERROR - Error executing query for netball_womens_nz_period: 1364 (HY000): Field 'playerId' doesn't have a default value
2024-10-11 10:06:23,762 - ERROR - Error executing query for netball_womens_nz_period: 1364 (HY000): Field 'playerId' doesn't have a default value
2024-10-11 10:06:23,764 - ERROR - Error executing query for netball_womens_nz_period: 1364 (HY000): Field 'playerId' doesn't have a default value
2024-10-11 10:06:23,765 - ERROR - Error executing query for netball_womens_nz_period: 1364 (HY000): Field 'playerId' doesn't have a default value
2024-10-11 10:06:23,766 - ERROR - Error executing query for netball_womens_nz_period: 1364 (HY000): Field 'playerId' doesn't have a default value
2024-10-11 10:06:23,768 - ERROR - Error executing query for netball_womens_nz_period: 1364 (HY000): Field 'playerId' doesn't have a default value
2024-10-11 10:06:23,769 - ERROR - Error executing query for netball_womens_nz_period: 1364 (HY000): Field 'playerId' doesn't have a default value
2024-10-11 10:06:23,770 - ERROR - Error executing query for netball_womens_nz_period: 1364 (HY000): Field 'playerId' doesn't have a default value
2024-10-11 10:06:23,772 - ERROR - Error executing query for netball_womens_nz_period: 1364 (HY000): Field 'playerId' doesn't have a default value
2024-10-11 10:06:23,773 - ERROR - Error executing query for netball_womens_nz_period: 1364 (HY000): Field 'playerId' doesn't have a default value
2024-10-11 10:06:23,774 - ERROR - Error executing query for netball_womens_nz_period: 1364 (HY000): Field 'playerId' doesn't have a default value
2024-10-11 10:06:23,775 - ERROR - Error executing query for netball_womens_nz_period: 1364 (HY000): Field 'playerId' doesn't have a default value
2024-10-11 10:06:23,777 - ERROR - Error executing query for netball_womens_nz_period: 1364 (HY000): Field 'playerId' doesn't have a default value
2024-10-11 10:06:23,778 - ERROR - Error executing query for netball_womens_nz_period: 1364 (HY000): Field 'playerId' doesn't have a default value
2024-10-11 10:06:23,779 - ERROR - Error executing query for netball_womens_nz_period: 1364 (HY000): Field 'playerId' doesn't have a default value
2024-10-11 10:06:23,780 - ERROR - Error executing query for netball_womens_nz_period: 1364 (HY000): Field 'playerId' doesn't have a default value
2024-10-11 10:06:23,782 - ERROR - Error executing query for netball_womens_nz_period: 1364 (HY000): Field 'playerId' doesn't have a default value
2024-10-11 10:06:23,783 - ERROR - Error executing query for netball_womens_nz_period: 1364 (HY000): Field 'playerId' doesn't have a default value
2024-10-11 10:06:23,784 - ERROR - Error executing query for netball_womens_nz_period: 1364 (HY000): Field 'playerId' doesn't have a default value
2024-10-11 10:06:23,786 - ERROR - Error executing query for netball_womens_nz_period: 1364 (HY000): Field 'playerId' doesn't have a default value
2024-10-11 10:06:23,787 - ERROR - Error executing query for netball_womens_nz_period: 1364 (HY000): Field 'playerId' doesn't have a default value
2024-10-11 10:06:23,788 - ERROR - Error executing query for netball_womens_nz_period: 1364 (HY000): Field 'playerId' doesn't have a default value
2024-10-11 10:06:23,790 - ERROR - Error executing query for netball_womens_nz_period: 1364 (HY000): Field 'playerId' doesn't have a default value
2024-10-11 10:06:23,791 - ERROR - Error executing query for netball_womens_nz_period: 1364 (HY000): Field 'playerId' doesn't have a default value
2024-10-11 10:06:23,792 - ERROR - Error executing query for netball_womens_nz_period: 1364 (HY000): Field 'playerId' doesn't have a default value
2024-10-11 10:06:23,793 - ERROR - Error executing query for netball_womens_nz_period: 1364 (HY000): Field 'playerId' doesn't have a default value
2024-10-11 10:06:23,795 - ERROR - Error executing query for netball_womens_nz_period: 1364 (HY000): Field 'playerId' doesn't have a default value
2024-10-11 10:06:23,796 - ERROR - Error executing query for netball_womens_nz_period: 1364 (HY000): Field 'playerId' doesn't have a default value
2024-10-11 10:06:23,797 - ERROR - Error executing query for netball_womens_nz_period: 1364 (HY000): Field 'playerId' doesn't have a default value
2024-10-11 10:06:23,799 - ERROR - Error executing query for netball_womens_nz_period: 1364 (HY000): Field 'playerId' doesn't have a default value
2024-10-11 10:06:23,800 - ERROR - Error executing query for netball_womens_nz_period: 1364 (HY000): Field 'playerId' doesn't have a default value
2024-10-11 10:06:23,801 - ERROR - Error executing query for netball_womens_nz_period: 1364 (HY000): Field 'playerId' doesn't have a default value
2024-10-11 10:06:23,802 - ERROR - Error executing query for netball_womens_nz_period: 1364 (HY000): Field 'playerId' doesn't have a default value
2024-10-11 10:06:23,804 - ERROR - Error executing query for netball_womens_nz_period: 1364 (HY000): Field 'playerId' doesn't have a default value
2024-10-11 10:06:23,805 - ERROR - Error executing query for netball_womens_nz_period: 1364 (HY000): Field 'playerId' doesn't have a default value
2024-10-11 10:06:23,806 - ERROR - Error executing query for netball_womens_nz_period: 1364 (HY000): Field 'playerId' doesn't have a default value
2024-10-11 10:06:23,808 - ERROR - Error executing query for netball_womens_nz_period: 1364 (HY000): Field 'playerId' doesn't have a default value
2024-10-11 10:06:23,809 - ERROR - Error executing query for netball_womens_nz_period: 1364 (HY000): Field 'playerId' doesn't have a default value
2024-10-11 10:06:23,810 - ERROR - Error executing query for netball_womens_nz_period: 1364 (HY000): Field 'playerId' doesn't have a default value
2024-10-11 10:06:23,811 - ERROR - Error executing query for netball_womens_nz_period: 1364 (HY000): Field 'playerId' doesn't have a default value
2024-10-11 10:06:23,813 - ERROR - Error executing query for netball_womens_nz_period: 1364 (HY000): Field 'playerId' doesn't have a default value
2024-10-11 10:06:23,814 - ERROR - Error executing query for netball_womens_nz_period: 1364 (HY000): Field 'playerId' doesn't have a default value
2024-10-11 10:06:23,815 - ERROR - Error executing query for netball_womens_nz_period: 1364 (HY000): Field 'playerId' doesn't have a default value
2024-10-11 10:06:23,816 - ERROR - Error executing query for netball_womens_nz_period: 1364 (HY000): Field 'playerId' doesn't have a default value
2024-10-11 10:06:23,818 - ERROR - Error executing query for netball_womens_nz_period: 1364 (HY000): Field 'playerId' doesn't have a default value
2024-10-11 10:06:23,819 - ERROR - Error executing query for netball_womens_nz_period: 1364 (HY000): Field 'playerId' doesn't have a default value
2024-10-11 10:06:23,820 - ERROR - Error executing query for netball_womens_nz_period: 1364 (HY000): Field 'playerId' doesn't have a default value
2024-10-11 10:06:23,822 - ERROR - Error executing query for netball_womens_nz_period: 1364 (HY000): Field 'playerId' doesn't have a default value
2024-10-11 10:06:23,824 - ERROR - Error executing query for netball_womens_nz_period: 1364 (HY000): Field 'playerId' doesn't have a default value
2024-10-11 10:06:23,825 - ERROR - Error executing query for netball_womens_nz_period: 1364 (HY000): Field 'playerId' doesn't have a default value
2024-10-11 10:06:23,826 - ERROR - Error executing query for netball_womens_nz_period: 1364 (HY000): Field 'playerId' doesn't have a default value
2024-10-11 10:06:23,828 - ERROR - Error executing query for netball_womens_nz_period: 1364 (HY000): Field 'playerId' doesn't have a default value
2024-10-11 10:06:23,829 - ERROR - Error executing query for netball_womens_nz_period: 1364 (HY000): Field 'playerId' doesn't have a default value
2024-10-11 10:06:23,830 - ERROR - Error executing query for netball_womens_nz_period: 1364 (HY000): Field 'playerId' doesn't have a default value
2024-10-11 10:06:23,832 - ERROR - Error executing query for netball_womens_nz_period: 1364 (HY000): Field 'playerId' doesn't have a default value
2024-10-11 10:06:23,833 - ERROR - Error executing query for netball_womens_nz_period: 1364 (HY000): Field 'playerId' doesn't have a default value
2024-10-11 10:06:23,834 - ERROR - Error executing query for netball_womens_nz_period: 1364 (HY000): Field 'playerId' doesn't have a default value
2024-10-11 10:06:23,835 - ERROR - Error executing query for netball_womens_nz_period: 1364 (HY000): Field 'playerId' doesn't have a default value
2024-10-11 10:06:23,837 - ERROR - Error executing query for netball_womens_nz_period: 1364 (HY000): Field 'playerId' doesn't have a default value
2024-10-11 10:06:23,838 - ERROR - Error executing query for netball_womens_nz_period: 1364 (HY000): Field 'playerId' doesn't have a default value
2024-10-11 10:06:23,998 - ERROR - Error executing query for netball_womens_nz_score_flow: 1364 (HY000): Field 'squadId' doesn't have a default value
2024-10-11 10:06:23,999 - ERROR - Error executing query for netball_womens_nz_score_flow: 1364 (HY000): Field 'squadId' doesn't have a default value
2024-10-11 10:06:24,000 - ERROR - Error executing query for netball_womens_nz_score_flow: 1364 (HY000): Field 'squadId' doesn't have a default value
2024-10-11 10:06:24,001 - ERROR - Error executing query for netball_womens_nz_score_flow: 1364 (HY000): Field 'squadId' doesn't have a default value
2024-10-11 10:06:24,002 - ERROR - Error executing query for netball_womens_nz_score_flow: 1364 (HY000): Field 'squadId' doesn't have a default value
2024-10-11 10:06:24,003 - ERROR - Error executing query for netball_womens_nz_score_flow: 1364 (HY000): Field 'squadId' doesn't have a default value
2024-10-11 10:06:24,004 - ERROR - Error executing query for netball_womens_nz_score_flow: 1364 (HY000): Field 'squadId' doesn't have a default value
2024-10-11 10:06:24,005 - ERROR - Error executing query for netball_womens_nz_score_flow: 1364 (HY000): Field 'squadId' doesn't have a default value
2024-10-11 10:06:24,006 - ERROR - Error executing query for netball_womens_nz_score_flow: 1364 (HY000): Field 'squadId' doesn't have a default value
2024-10-11 10:06:24,007 - ERROR - Error executing query for netball_womens_nz_score_flow: 1364 (HY000): Field 'squadId' doesn't have a default value
2024-10-11 10:06:24,008 - ERROR - Error executing query for netball_womens_nz_score_flow: 1364 (HY000): Field 'squadId' doesn't have a default value
2024-10-11 10:06:24,009 - ERROR - Error executing query for netball_womens_nz_score_flow: 1364 (HY000): Field 'squadId' doesn't have a default value
2024-10-11 10:06:24,010 - ERROR - Error executing query for netball_womens_nz_score_flow: 1364 (HY000): Field 'squadId' doesn't have a default value
2024-10-11 10:06:24,010 - ERROR - Error executing query for netball_womens_nz_score_flow: 1364 (HY000): Field 'squadId' doesn't have a default value
2024-10-11 10:06:24,011 - ERROR - Error executing query for netball_womens_nz_score_flow: 1364 (HY000): Field 'squadId' doesn't have a default value
2024-10-11 10:06:24,013 - ERROR - Error executing query for netball_womens_nz_score_flow: 1364 (HY000): Field 'squadId' doesn't have a default value
2024-10-11 10:06:24,014 - ERROR - Error executing query for netball_womens_nz_score_flow: 1364 (HY000): Field 'squadId' doesn't have a default value
2024-10-11 10:06:24,015 - ERROR - Error executing query for netball_womens_nz_score_flow: 1364 (HY000): Field 'squadId' doesn't have a default value
2024-10-11 10:06:24,016 - ERROR - Error executing query for netball_womens_nz_score_flow: 1364 (HY000): Field 'squadId' doesn't have a default value
2024-10-11 10:06:24,017 - ERROR - Error executing query for netball_womens_nz_score_flow: 1364 (HY000): Field 'squadId' doesn't have a default value
2024-10-11 10:06:24,017 - ERROR - Error executing query for netball_womens_nz_score_flow: 1364 (HY000): Field 'squadId' doesn't have a default value
2024-10-11 10:06:24,018 - ERROR - Error executing query for netball_womens_nz_score_flow: 1364 (HY000): Field 'squadId' doesn't have a default value
2024-10-11 10:06:24,019 - ERROR - Error executing query for netball_womens_nz_score_flow: 1364 (HY000): Field 'squadId' doesn't have a default value
2024-10-11 10:06:24,020 - ERROR - Error executing query for netball_womens_nz_score_flow: 1364 (HY000): Field 'squadId' doesn't have a default value
2024-10-11 10:06:24,021 - ERROR - Error executing query for netball_womens_nz_score_flow: 1364 (HY000): Field 'squadId' doesn't have a default value
2024-10-11 10:06:24,022 - ERROR - Error executing query for netball_womens_nz_score_flow: 1364 (HY000): Field 'squadId' doesn't have a default value
2024-10-11 10:06:24,023 - ERROR - Error executing query for netball_womens_nz_score_flow: 1364 (HY000): Field 'squadId' doesn't have a default value
2024-10-11 10:06:24,024 - ERROR - Error executing query for netball_womens_nz_score_flow: 1364 (HY000): Field 'squadId' doesn't have a default value
2024-10-11 10:06:24,025 - ERROR - Error executing query for netball_womens_nz_score_flow: 1364 (HY000): Field 'squadId' doesn't have a default value
2024-10-11 10:06:24,026 - ERROR - Error executing query for netball_womens_nz_score_flow: 1364 (HY000): Field 'squadId' doesn't have a default value
2024-10-11 10:06:24,027 - ERROR - Error executing query for netball_womens_nz_score_flow: 1364 (HY000): Field 'squadId' doesn't have a default value
2024-10-11 10:06:24,028 - ERROR - Error executing query for netball_womens_nz_score_flow: 1364 (HY000): Field 'squadId' doesn't have a default value
2024-10-11 10:06:24,029 - ERROR - Error executing query for netball_womens_nz_score_flow: 1364 (HY000): Field 'squadId' doesn't have a default value
2024-10-11 10:06:24,029 - ERROR - Error executing query for netball_womens_nz_score_flow: 1364 (HY000): Field 'squadId' doesn't have a default value
2024-10-11 10:06:24,030 - ERROR - Error executing query for netball_womens_nz_score_flow: 1364 (HY000): Field 'squadId' doesn't have a default value
2024-10-11 10:06:24,031 - ERROR - Error executing query for netball_womens_nz_score_flow: 1364 (HY000): Field 'squadId' doesn't have a default value
2024-10-11 10:06:24,032 - ERROR - Error executing query for netball_womens_nz_score_flow: 1364 (HY000): Field 'squadId' doesn't have a default value
2024-10-11 10:06:24,033 - ERROR - Error executing query for netball_womens_nz_score_flow: 1364 (HY000): Field 'squadId' doesn't have a default value
2024-10-11 10:06:24,034 - ERROR - Error executing query for netball_womens_nz_score_flow: 1364 (HY000): Field 'squadId' doesn't have a default value
2024-10-11 10:06:24,035 - ERROR - Error executing query for netball_womens_nz_score_flow: 1364 (HY000): Field 'squadId' doesn't have a default value
2024-10-11 10:06:24,036 - ERROR - Error executing query for netball_womens_nz_score_flow: 1364 (HY000): Field 'squadId' doesn't have a default value
2024-10-11 10:06:24,037 - ERROR - Error executing query for netball_womens_nz_score_flow: 1364 (HY000): Field 'squadId' doesn't have a default value
2024-10-11 10:06:24,038 - ERROR - Error executing query for netball_womens_nz_score_flow: 1364 (HY000): Field 'squadId' doesn't have a default value
2024-10-11 10:06:24,039 - ERROR - Error executing query for netball_womens_nz_score_flow: 1364 (HY000): Field 'squadId' doesn't have a default value
2024-10-11 10:06:24,039 - ERROR - Error executing query for netball_womens_nz_score_flow: 1364 (HY000): Field 'squadId' doesn't have a default value
2024-10-11 10:06:24,040 - ERROR - Error executing query for netball_womens_nz_score_flow: 1364 (HY000): Field 'squadId' doesn't have a default value
2024-10-11 10:06:24,041 - ERROR - Error executing query for netball_womens_nz_score_flow: 1364 (HY000): Field 'squadId' doesn't have a default value
2024-10-11 10:06:24,042 - ERROR - Error executing query for netball_womens_nz_score_flow: 1364 (HY000): Field 'squadId' doesn't have a default value
2024-10-11 10:06:24,043 - ERROR - Error executing query for netball_womens_nz_score_flow: 1364 (HY000): Field 'squadId' doesn't have a default value
2024-10-11 10:06:24,044 - ERROR - Error executing query for netball_womens_nz_score_flow: 1364 (HY000): Field 'squadId' doesn't have a default value
2024-10-11 10:06:24,045 - ERROR - Error executing query for netball_womens_nz_score_flow: 1364 (HY000): Field 'squadId' doesn't have a default value
2024-10-11 10:06:24,046 - ERROR - Error executing query for netball_womens_nz_score_flow: 1364 (HY000): Field 'squadId' doesn't have a default value
2024-10-11 10:06:24,047 - ERROR - Error executing query for netball_womens_nz_score_flow: 1364 (HY000): Field 'squadId' doesn't have a default value
2024-10-11 10:06:24,048 - ERROR - Error executing query for netball_womens_nz_score_flow: 1364 (HY000): Field 'squadId' doesn't have a default value
2024-10-11 10:06:24,049 - ERROR - Error executing query for netball_womens_nz_score_flow: 1364 (HY000): Field 'squadId' doesn't have a default value
2024-10-11 10:06:24,050 - ERROR - Error executing query for netball_womens_nz_score_flow: 1364 (HY000): Field 'squadId' doesn't have a default value
2024-10-11 10:06:24,051 - ERROR - Error executing query for netball_womens_nz_score_flow: 1364 (HY000): Field 'squadId' doesn't have a default value
2024-10-11 10:06:24,052 - ERROR - Error executing query for netball_womens_nz_score_flow: 1364 (HY000): Field 'squadId' doesn't have a default value
2024-10-11 10:06:24,053 - ERROR - Error executing query for netball_womens_nz_score_flow: 1364 (HY000): Field 'squadId' doesn't have a default value
2024-10-11 10:06:24,054 - ERROR - Error executing query for netball_womens_nz_score_flow: 1364 (HY000): Field 'squadId' doesn't have a default value
2024-10-11 10:06:24,055 - ERROR - Error executing query for netball_womens_nz_score_flow: 1364 (HY000): Field 'squadId' doesn't have a default value
2024-10-11 10:06:24,056 - ERROR - Error executing query for netball_womens_nz_score_flow: 1364 (HY000): Field 'squadId' doesn't have a default value
2024-10-11 10:06:24,057 - ERROR - Error executing query for netball_womens_nz_score_flow: 1364 (HY000): Field 'squadId' doesn't have a default value
2024-10-11 10:06:24,058 - ERROR - Error executing query for netball_womens_nz_score_flow: 1364 (HY000): Field 'squadId' doesn't have a default value
2024-10-11 10:06:24,059 - ERROR - Error executing query for netball_womens_nz_score_flow: 1364 (HY000): Field 'squadId' doesn't have a default value
2024-10-11 10:06:24,060 - ERROR - Error executing query for netball_womens_nz_score_flow: 1364 (HY000): Field 'squadId' doesn't have a default value
2024-10-11 10:06:24,061 - ERROR - Error executing query for netball_womens_nz_score_flow: 1364 (HY000): Field 'squadId' doesn't have a default value
2024-10-11 10:06:24,062 - ERROR - Error executing query for netball_womens_nz_score_flow: 1364 (HY000): Field 'squadId' doesn't have a default value
2024-10-11 10:06:24,062 - ERROR - Error executing query for netball_womens_nz_score_flow: 1364 (HY000): Field 'squadId' doesn't have a default value
2024-10-11 10:06:24,063 - ERROR - Error executing query for netball_womens_nz_score_flow: 1364 (HY000): Field 'squadId' doesn't have a default value
2024-10-11 10:06:24,064 - ERROR - Error executing query for netball_womens_nz_score_flow: 1364 (HY000): Field 'squadId' doesn't have a default value
2024-10-11 10:06:24,065 - ERROR - Error executing query for netball_womens_nz_score_flow: 1364 (HY000): Field 'squadId' doesn't have a default value
2024-10-11 10:06:24,066 - ERROR - Error executing query for netball_womens_nz_score_flow: 1364 (HY000): Field 'squadId' doesn't have a default value
2024-10-11 10:06:24,067 - ERROR - Error executing query for netball_womens_nz_score_flow: 1364 (HY000): Field 'squadId' doesn't have a default value
2024-10-11 10:06:24,068 - ERROR - Error executing query for netball_womens_nz_score_flow: 1364 (HY000): Field 'squadId' doesn't have a default value
2024-10-11 10:06:24,069 - ERROR - Error executing query for netball_womens_nz_score_flow: 1364 (HY000): Field 'squadId' doesn't have a default value
2024-10-11 10:06:24,070 - ERROR - Error executing query for netball_womens_nz_score_flow: 1364 (HY000): Field 'squadId' doesn't have a default value
2024-10-11 10:06:24,071 - ERROR - Error executing query for netball_womens_nz_score_flow: 1364 (HY000): Field 'squadId' doesn't have a default value
2024-10-11 10:06:24,072 - ERROR - Error executing query for netball_womens_nz_score_flow: 1364 (HY000): Field 'squadId' doesn't have a default value
2024-10-11 10:06:24,073 - ERROR - Error executing query for netball_womens_nz_score_flow: 1364 (HY000): Field 'squadId' doesn't have a default value
2024-10-11 10:06:24,074 - ERROR - Error executing query for netball_womens_nz_score_flow: 1364 (HY000): Field 'squadId' doesn't have a default value
2024-10-11 10:06:24,074 - ERROR - Error executing query for netball_womens_nz_score_flow: 1364 (HY000): Field 'squadId' doesn't have a default value
2024-10-11 10:06:24,075 - ERROR - Error executing query for netball_womens_nz_score_flow: 1364 (HY000): Field 'squadId' doesn't have a default value
2024-10-11 10:06:24,076 - ERROR - Error executing query for netball_womens_nz_score_flow: 1364 (HY000): Field 'squadId' doesn't have a default value
2024-10-11 10:06:24,077 - ERROR - Error executing query for netball_womens_nz_score_flow: 1364 (HY000): Field 'squadId' doesn't have a default value
2024-10-11 10:06:24,078 - ERROR - Error executing query for netball_womens_nz_score_flow: 1364 (HY000): Field 'squadId' doesn't have a default value
2024-10-11 10:06:24,079 - ERROR - Error executing query for netball_womens_nz_score_flow: 1364 (HY000): Field 'squadId' doesn't have a default value
2024-10-11 10:06:24,080 - ERROR - Error executing query for netball_womens_nz_score_flow: 1364 (HY000): Field 'squadId' doesn't have a default value
2024-10-11 10:06:24,081 - ERROR - Error executing query for netball_womens_nz_score_flow: 1364 (HY000): Field 'squadId' doesn't have a default value
2024-10-11 10:06:24,082 - ERROR - Error executing query for netball_womens_nz_score_flow: 1364 (HY000): Field 'squadId' doesn't have a default value
2024-10-11 10:06:24,083 - ERROR - Error executing query for netball_womens_nz_score_flow: 1364 (HY000): Field 'squadId' doesn't have a default value
2024-10-11 10:06:24,084 - ERROR - Error executing query for netball_womens_nz_score_flow: 1364 (HY000): Field 'squadId' doesn't have a default value
2024-10-11 10:06:24,085 - ERROR - Error executing query for netball_womens_nz_score_flow: 1364 (HY000): Field 'squadId' doesn't have a default value
2024-10-11 10:06:24,086 - ERROR - Error executing query for netball_womens_nz_score_flow: 1364 (HY000): Field 'squadId' doesn't have a default value
2024-10-11 10:06:24,087 - ERROR - Error executing query for netball_womens_nz_score_flow: 1364 (HY000): Field 'squadId' doesn't have a default value
2024-10-11 10:06:24,087 - ERROR - Error executing query for netball_womens_nz_score_flow: 1364 (HY000): Field 'squadId' doesn't have a default value
2024-10-11 10:06:24,088 - ERROR - Error executing query for netball_womens_nz_score_flow: 1364 (HY000): Field 'squadId' doesn't have a default value
2024-10-11 10:06:24,089 - ERROR - Error executing query for netball_womens_nz_score_flow: 1364 (HY000): Field 'squadId' doesn't have a default value
2024-10-11 10:06:24,090 - ERROR - Error executing query for netball_womens_nz_score_flow: 1364 (HY000): Field 'squadId' doesn't have a default value
2024-10-11 10:06:24,091 - ERROR - Error executing query for netball_womens_nz_score_flow: 1364 (HY000): Field 'squadId' doesn't have a default value
2024-10-11 10:06:24,092 - ERROR - Error executing query for netball_womens_nz_score_flow: 1364 (HY000): Field 'squadId' doesn't have a default value
2024-10-11 10:06:24,093 - ERROR - Error executing query for netball_womens_nz_score_flow: 1364 (HY000): Field 'squadId' doesn't have a default value
2024-10-11 10:06:24,094 - ERROR - Error executing query for netball_womens_nz_score_flow: 1364 (HY000): Field 'squadId' doesn't have a default value
2024-10-11 10:06:24,095 - ERROR - Error executing query for netball_womens_nz_score_flow: 1364 (HY000): Field 'squadId' doesn't have a default value
2024-10-11 10:06:24,096 - ERROR - Error executing query for netball_womens_nz_score_flow: 1364 (HY000): Field 'squadId' doesn't have a default value
2024-10-11 10:06:24,097 - ERROR - Error executing query for netball_womens_nz_score_flow: 1364 (HY000): Field 'squadId' doesn't have a default value
2024-10-11 10:06:24,098 - ERROR - Error executing query for netball_womens_nz_score_flow: 1364 (HY000): Field 'squadId' doesn't have a default value
2024-10-11 10:06:24,099 - ERROR - Error executing query for netball_womens_nz_score_flow: 1364 (HY000): Field 'squadId' doesn't have a default value
2024-10-11 10:06:24,099 - ERROR - Error executing query for netball_womens_nz_score_flow: 1364 (HY000): Field 'squadId' doesn't have a default value
2024-10-11 10:06:24,100 - ERROR - Error executing query for netball_womens_nz_score_flow: 1364 (HY000): Field 'squadId' doesn't have a default value
2024-10-11 10:06:24,101 - ERROR - Error executing query for netball_womens_nz_score_flow: 1364 (HY000): Field 'squadId' doesn't have a default value
2024-10-11 10:06:24,102 - ERROR - Error executing query for netball_womens_nz_score_flow: 1364 (HY000): Field 'squadId' doesn't have a default value
2024-10-11 10:06:24,103 - ERROR - Error executing query for netball_womens_nz_score_flow: 1364 (HY000): Field 'squadId' doesn't have a default value
2024-10-11 10:06:24,104 - ERROR - Error executing query for netball_womens_nz_score_flow: 1364 (HY000): Field 'squadId' doesn't have a default value
2024-10-11 10:06:24,105 - ERROR - Error executing query for netball_womens_nz_score_flow: 1364 (HY000): Field 'squadId' doesn't have a default value
2024-10-11 10:06:24,106 - ERROR - Error executing query for netball_womens_nz_score_flow: 1364 (HY000): Field 'squadId' doesn't have a default value
2024-10-11 10:06:24,107 - ERROR - Error executing query for netball_womens_nz_score_flow: 1364 (HY000): Field 'squadId' doesn't have a default value
2024-10-11 10:06:24,108 - ERROR - Error executing query for netball_womens_nz_score_flow: 1364 (HY000): Field 'squadId' doesn't have a default value
2024-10-11 10:06:24,109 - ERROR - Error executing query for netball_womens_nz_score_flow: 1364 (HY000): Field 'squadId' doesn't have a default value
2024-10-11 10:06:24,110 - ERROR - Error executing query for netball_womens_nz_score_flow: 1364 (HY000): Field 'squadId' doesn't have a default value
2024-10-11 10:06:24,111 - ERROR - Error executing query for netball_womens_nz_score_flow: 1364 (HY000): Field 'squadId' doesn't have a default value
2024-10-11 10:06:24,112 - ERROR - Error executing query for netball_womens_nz_score_flow: 1364 (HY000): Field 'squadId' doesn't have a default value
2024-10-11 10:06:24,113 - ERROR - Error executing query for netball_womens_nz_score_flow: 1364 (HY000): Field 'squadId' doesn't have a default value
2024-10-11 10:06:24,114 - ERROR - Error executing query for netball_womens_nz_score_flow: 1364 (HY000): Field 'squadId' doesn't have a default value
2024-10-11 10:06:24,114 - ERROR - Error executing query for netball_womens_nz_score_flow: 1364 (HY000): Field 'squadId' doesn't have a default value
2024-10-11 10:06:24,115 - ERROR - Error executing query for netball_womens_nz_score_flow: 1364 (HY000): Field 'squadId' doesn't have a default value
2024-10-11 10:06:24,117 - ERROR - Error executing query for netball_womens_nz_fixture: 1364 (HY000): Field 'fixtureId' doesn't have a default value
2024-10-11 10:06:24,117 - ERROR - Error executing query for sport_info: 1364 (HY000): Field 'sportId' doesn't have a default value
2024-10-11 10:06:24,250 - ERROR - Error executing query for player_info: 1364 (HY000): Field 'playerId' doesn't have a default value
2024-10-11 10:06:24,250 - ERROR - Error executing query for squad_info: 1364 (HY000): Field 'squadID' doesn't have a default value
2024-10-11 10:06:24,252 - ERROR - Error executing query for netball_womens_nz_match: 1364 (HY000): Field 'playerId' doesn't have a default value
2024-10-11 10:06:24,253 - ERROR - Error executing query for player_info: 1364 (HY000): Field 'playerId' doesn't have a default value
2024-10-11 10:06:24,253 - ERROR - Error executing query for squad_info: 1364 (HY000): Field 'squadID' doesn't have a default value
2024-10-11 10:06:24,255 - ERROR - Error executing query for netball_womens_nz_match: 1364 (HY000): Field 'playerId' doesn't have a default value
2024-10-11 10:06:24,256 - ERROR - Error executing query for player_info: 1364 (HY000): Field 'playerId' doesn't have a default value
2024-10-11 10:06:24,256 - ERROR - Error executing query for squad_info: 1364 (HY000): Field 'squadID' doesn't have a default value
2024-10-11 10:06:24,258 - ERROR - Error executing query for netball_womens_nz_match: 1364 (HY000): Field 'playerId' doesn't have a default value
2024-10-11 10:06:24,259 - ERROR - Error executing query for player_info: 1364 (HY000): Field 'playerId' doesn't have a default value
2024-10-11 10:06:24,260 - ERROR - Error executing query for squad_info: 1364 (HY000): Field 'squadID' doesn't have a default value
2024-10-11 10:06:24,262 - ERROR - Error executing query for netball_womens_nz_match: 1364 (HY000): Field 'playerId' doesn't have a default value
2024-10-11 10:06:24,263 - ERROR - Error executing query for player_info: 1364 (HY000): Field 'playerId' doesn't have a default value
2024-10-11 10:06:24,264 - ERROR - Error executing query for squad_info: 1364 (HY000): Field 'squadID' doesn't have a default value
2024-10-11 10:06:24,265 - ERROR - Error executing query for netball_womens_nz_match: 1364 (HY000): Field 'playerId' doesn't have a default value
2024-10-11 10:06:24,266 - ERROR - Error executing query for player_info: 1364 (HY000): Field 'playerId' doesn't have a default value
2024-10-11 10:06:24,267 - ERROR - Error executing query for squad_info: 1364 (HY000): Field 'squadID' doesn't have a default value
2024-10-11 10:06:24,269 - ERROR - Error executing query for netball_womens_nz_match: 1364 (HY000): Field 'playerId' doesn't have a default value
2024-10-11 10:06:24,269 - ERROR - Error executing query for player_info: 1364 (HY000): Field 'playerId' doesn't have a default value
2024-10-11 10:06:24,270 - ERROR - Error executing query for squad_info: 1364 (HY000): Field 'squadID' doesn't have a default value
2024-10-11 10:06:24,272 - ERROR - Error executing query for netball_womens_nz_match: 1364 (HY000): Field 'playerId' doesn't have a default value
2024-10-11 10:06:24,273 - ERROR - Error executing query for player_info: 1364 (HY000): Field 'playerId' doesn't have a default value
2024-10-11 10:06:24,274 - ERROR - Error executing query for squad_info: 1364 (HY000): Field 'squadID' doesn't have a default value
2024-10-11 10:06:24,275 - ERROR - Error executing query for netball_womens_nz_match: 1364 (HY000): Field 'playerId' doesn't have a default value
2024-10-11 10:06:24,276 - ERROR - Error executing query for player_info: 1364 (HY000): Field 'playerId' doesn't have a default value
2024-10-11 10:06:24,277 - ERROR - Error executing query for squad_info: 1364 (HY000): Field 'squadID' doesn't have a default value
2024-10-11 10:06:24,279 - ERROR - Error executing query for netball_womens_nz_match: 1364 (HY000): Field 'playerId' doesn't have a default value
2024-10-11 10:06:24,280 - ERROR - Error executing query for player_info: 1364 (HY000): Field 'playerId' doesn't have a default value
2024-10-11 10:06:24,281 - ERROR - Error executing query for squad_info: 1364 (HY000): Field 'squadID' doesn't have a default value
2024-10-11 10:06:24,282 - ERROR - Error executing query for netball_womens_nz_match: 1364 (HY000): Field 'playerId' doesn't have a default value
2024-10-11 10:06:24,283 - ERROR - Error executing query for player_info: 1364 (HY000): Field 'playerId' doesn't have a default value
2024-10-11 10:06:24,284 - ERROR - Error executing query for squad_info: 1364 (HY000): Field 'squadID' doesn't have a default value
2024-10-11 10:06:24,286 - ERROR - Error executing query for netball_womens_nz_match: 1364 (HY000): Field 'playerId' doesn't have a default value
2024-10-11 10:06:24,287 - ERROR - Error executing query for player_info: 1364 (HY000): Field 'playerId' doesn't have a default value
2024-10-11 10:06:24,288 - ERROR - Error executing query for squad_info: 1364 (HY000): Field 'squadID' doesn't have a default value
2024-10-11 10:06:24,289 - ERROR - Error executing query for netball_womens_nz_match: 1364 (HY000): Field 'playerId' doesn't have a default value
2024-10-11 10:06:24,290 - ERROR - Error executing query for player_info: 1364 (HY000): Field 'playerId' doesn't have a default value
2024-10-11 10:06:24,291 - ERROR - Error executing query for squad_info: 1364 (HY000): Field 'squadID' doesn't have a default value
2024-10-11 10:06:24,292 - ERROR - Error executing query for netball_womens_nz_match: 1364 (HY000): Field 'playerId' doesn't have a default value
2024-10-11 10:06:24,293 - ERROR - Error executing query for player_info: 1364 (HY000): Field 'playerId' doesn't have a default value
2024-10-11 10:06:24,294 - ERROR - Error executing query for squad_info: 1364 (HY000): Field 'squadID' doesn't have a default value
2024-10-11 10:06:24,295 - ERROR - Error executing query for netball_womens_nz_match: 1364 (HY000): Field 'playerId' doesn't have a default value
2024-10-11 10:06:24,296 - ERROR - Error executing query for player_info: 1364 (HY000): Field 'playerId' doesn't have a default value
2024-10-11 10:06:24,297 - ERROR - Error executing query for squad_info: 1364 (HY000): Field 'squadID' doesn't have a default value
2024-10-11 10:06:24,298 - ERROR - Error executing query for netball_womens_nz_match: 1364 (HY000): Field 'playerId' doesn't have a default value
2024-10-11 10:06:24,299 - ERROR - Error executing query for player_info: 1364 (HY000): Field 'playerId' doesn't have a default value
2024-10-11 10:06:24,300 - ERROR - Error executing query for squad_info: 1364 (HY000): Field 'squadID' doesn't have a default value
2024-10-11 10:06:24,301 - ERROR - Error executing query for netball_womens_nz_match: 1364 (HY000): Field 'playerId' doesn't have a default value
2024-10-11 10:06:24,302 - ERROR - Error executing query for player_info: 1364 (HY000): Field 'playerId' doesn't have a default value
2024-10-11 10:06:24,303 - ERROR - Error executing query for squad_info: 1364 (HY000): Field 'squadID' doesn't have a default value
2024-10-11 10:06:24,304 - ERROR - Error executing query for netball_womens_nz_match: 1364 (HY000): Field 'playerId' doesn't have a default value
2024-10-11 10:06:24,305 - ERROR - Error executing query for player_info: 1364 (HY000): Field 'playerId' doesn't have a default value
2024-10-11 10:06:24,306 - ERROR - Error executing query for squad_info: 1364 (HY000): Field 'squadID' doesn't have a default value
2024-10-11 10:06:24,307 - ERROR - Error executing query for netball_womens_nz_match: 1364 (HY000): Field 'playerId' doesn't have a default value
2024-10-11 10:06:24,308 - ERROR - Error executing query for player_info: 1364 (HY000): Field 'playerId' doesn't have a default value
2024-10-11 10:06:24,309 - ERROR - Error executing query for squad_info: 1364 (HY000): Field 'squadID' doesn't have a default value
2024-10-11 10:06:24,311 - ERROR - Error executing query for netball_womens_nz_match: 1364 (HY000): Field 'playerId' doesn't have a default value
2024-10-11 10:06:24,311 - ERROR - Error executing query for player_info: 1364 (HY000): Field 'playerId' doesn't have a default value
2024-10-11 10:06:24,312 - ERROR - Error executing query for squad_info: 1364 (HY000): Field 'squadID' doesn't have a default value
2024-10-11 10:06:24,314 - ERROR - Error executing query for netball_womens_nz_match: 1364 (HY000): Field 'playerId' doesn't have a default value
2024-10-11 10:06:24,315 - ERROR - Error executing query for player_info: 1364 (HY000): Field 'playerId' doesn't have a default value
2024-10-11 10:06:24,315 - ERROR - Error executing query for squad_info: 1364 (HY000): Field 'squadID' doesn't have a default value
2024-10-11 10:06:24,317 - ERROR - Error executing query for netball_womens_nz_match: 1364 (HY000): Field 'playerId' doesn't have a default value
2024-10-11 10:06:24,318 - ERROR - Error executing query for player_info: 1364 (HY000): Field 'playerId' doesn't have a default value
2024-10-11 10:06:24,318 - ERROR - Error executing query for squad_info: 1364 (HY000): Field 'squadID' doesn't have a default value
2024-10-11 10:06:24,320 - ERROR - Error executing query for netball_womens_nz_match: 1364 (HY000): Field 'playerId' doesn't have a default value
2024-10-11 10:06:24,321 - ERROR - Error executing query for player_info: 1364 (HY000): Field 'playerId' doesn't have a default value
2024-10-11 10:06:24,321 - ERROR - Error executing query for squad_info: 1364 (HY000): Field 'squadID' doesn't have a default value
2024-10-11 10:06:24,323 - ERROR - Error executing query for netball_womens_nz_match: 1364 (HY000): Field 'playerId' doesn't have a default value
2024-10-11 10:06:24,324 - ERROR - Error executing query for player_info: 1364 (HY000): Field 'playerId' doesn't have a default value
2024-10-11 10:06:24,325 - ERROR - Error executing query for squad_info: 1364 (HY000): Field 'squadID' doesn't have a default value
2024-10-11 10:06:24,326 - ERROR - Error executing query for netball_womens_nz_match: 1364 (HY000): Field 'playerId' doesn't have a default value
2024-10-11 10:06:24,463 - ERROR - Error executing query for netball_womens_nz_period: 1364 (HY000): Field 'playerId' doesn't have a default value
2024-10-11 10:06:24,466 - ERROR - Error executing query for netball_womens_nz_period: 1364 (HY000): Field 'playerId' doesn't have a default value
2024-10-11 10:06:24,469 - ERROR - Error executing query for netball_womens_nz_period: 1364 (HY000): Field 'playerId' doesn't have a default value
2024-10-11 10:06:24,471 - ERROR - Error executing query for netball_womens_nz_period: 1364 (HY000): Field 'playerId' doesn't have a default value
2024-10-11 10:06:24,474 - ERROR - Error executing query for netball_womens_nz_period: 1364 (HY000): Field 'playerId' doesn't have a default value
2024-10-11 10:06:24,477 - ERROR - Error executing query for netball_womens_nz_period: 1364 (HY000): Field 'playerId' doesn't have a default value
2024-10-11 10:06:24,479 - ERROR - Error executing query for netball_womens_nz_period: 1364 (HY000): Field 'playerId' doesn't have a default value
2024-10-11 10:06:24,481 - ERROR - Error executing query for netball_womens_nz_period: 1364 (HY000): Field 'playerId' doesn't have a default value
2024-10-11 10:06:24,483 - ERROR - Error executing query for netball_womens_nz_period: 1364 (HY000): Field 'playerId' doesn't have a default value
2024-10-11 10:06:24,485 - ERROR - Error executing query for netball_womens_nz_period: 1364 (HY000): Field 'playerId' doesn't have a default value
2024-10-11 10:06:24,487 - ERROR - Error executing query for netball_womens_nz_period: 1364 (HY000): Field 'playerId' doesn't have a default value
2024-10-11 10:06:24,489 - ERROR - Error executing query for netball_womens_nz_period: 1364 (HY000): Field 'playerId' doesn't have a default value
2024-10-11 10:06:24,491 - ERROR - Error executing query for netball_womens_nz_period: 1364 (HY000): Field 'playerId' doesn't have a default value
2024-10-11 10:06:24,494 - ERROR - Error executing query for netball_womens_nz_period: 1364 (HY000): Field 'playerId' doesn't have a default value
2024-10-11 10:06:24,496 - ERROR - Error executing query for netball_womens_nz_period: 1364 (HY000): Field 'playerId' doesn't have a default value
2024-10-11 10:06:24,498 - ERROR - Error executing query for netball_womens_nz_period: 1364 (HY000): Field 'playerId' doesn't have a default value
2024-10-11 10:06:24,500 - ERROR - Error executing query for netball_womens_nz_period: 1364 (HY000): Field 'playerId' doesn't have a default value
2024-10-11 10:06:24,502 - ERROR - Error executing query for netball_womens_nz_period: 1364 (HY000): Field 'playerId' doesn't have a default value
2024-10-11 10:06:24,503 - ERROR - Error executing query for netball_womens_nz_period: 1364 (HY000): Field 'playerId' doesn't have a default value
2024-10-11 10:06:24,505 - ERROR - Error executing query for netball_womens_nz_period: 1364 (HY000): Field 'playerId' doesn't have a default value
2024-10-11 10:06:24,507 - ERROR - Error executing query for netball_womens_nz_period: 1364 (HY000): Field 'playerId' doesn't have a default value
2024-10-11 10:06:24,508 - ERROR - Error executing query for netball_womens_nz_period: 1364 (HY000): Field 'playerId' doesn't have a default value
2024-10-11 10:06:24,510 - ERROR - Error executing query for netball_womens_nz_period: 1364 (HY000): Field 'playerId' doesn't have a default value
2024-10-11 10:06:24,512 - ERROR - Error executing query for netball_womens_nz_period: 1364 (HY000): Field 'playerId' doesn't have a default value
2024-10-11 10:06:24,514 - ERROR - Error executing query for netball_womens_nz_period: 1364 (HY000): Field 'playerId' doesn't have a default value
2024-10-11 10:06:24,515 - ERROR - Error executing query for netball_womens_nz_period: 1364 (HY000): Field 'playerId' doesn't have a default value
2024-10-11 10:06:24,517 - ERROR - Error executing query for netball_womens_nz_period: 1364 (HY000): Field 'playerId' doesn't have a default value
2024-10-11 10:06:24,519 - ERROR - Error executing query for netball_womens_nz_period: 1364 (HY000): Field 'playerId' doesn't have a default value
2024-10-11 10:06:24,520 - ERROR - Error executing query for netball_womens_nz_period: 1364 (HY000): Field 'playerId' doesn't have a default value
2024-10-11 10:06:24,522 - ERROR - Error executing query for netball_womens_nz_period: 1364 (HY000): Field 'playerId' doesn't have a default value
2024-10-11 10:06:24,523 - ERROR - Error executing query for netball_womens_nz_period: 1364 (HY000): Field 'playerId' doesn't have a default value
2024-10-11 10:06:24,525 - ERROR - Error executing query for netball_womens_nz_period: 1364 (HY000): Field 'playerId' doesn't have a default value
2024-10-11 10:06:24,526 - ERROR - Error executing query for netball_womens_nz_period: 1364 (HY000): Field 'playerId' doesn't have a default value
2024-10-11 10:06:24,527 - ERROR - Error executing query for netball_womens_nz_period: 1364 (HY000): Field 'playerId' doesn't have a default value
2024-10-11 10:06:24,529 - ERROR - Error executing query for netball_womens_nz_period: 1364 (HY000): Field 'playerId' doesn't have a default value
2024-10-11 10:06:24,530 - ERROR - Error executing query for netball_womens_nz_period: 1364 (HY000): Field 'playerId' doesn't have a default value
2024-10-11 10:06:24,532 - ERROR - Error executing query for netball_womens_nz_period: 1364 (HY000): Field 'playerId' doesn't have a default value
2024-10-11 10:06:24,533 - ERROR - Error executing query for netball_womens_nz_period: 1364 (HY000): Field 'playerId' doesn't have a default value
2024-10-11 10:06:24,535 - ERROR - Error executing query for netball_womens_nz_period: 1364 (HY000): Field 'playerId' doesn't have a default value
2024-10-11 10:06:24,536 - ERROR - Error executing query for netball_womens_nz_period: 1364 (HY000): Field 'playerId' doesn't have a default value
2024-10-11 10:06:24,538 - ERROR - Error executing query for netball_womens_nz_period: 1364 (HY000): Field 'playerId' doesn't have a default value
2024-10-11 10:06:24,539 - ERROR - Error executing query for netball_womens_nz_period: 1364 (HY000): Field 'playerId' doesn't have a default value
2024-10-11 10:06:24,541 - ERROR - Error executing query for netball_womens_nz_period: 1364 (HY000): Field 'playerId' doesn't have a default value
2024-10-11 10:06:24,543 - ERROR - Error executing query for netball_womens_nz_period: 1364 (HY000): Field 'playerId' doesn't have a default value
2024-10-11 10:06:24,544 - ERROR - Error executing query for netball_womens_nz_period: 1364 (HY000): Field 'playerId' doesn't have a default value
2024-10-11 10:06:24,546 - ERROR - Error executing query for netball_womens_nz_period: 1364 (HY000): Field 'playerId' doesn't have a default value
2024-10-11 10:06:24,547 - ERROR - Error executing query for netball_womens_nz_period: 1364 (HY000): Field 'playerId' doesn't have a default value
2024-10-11 10:06:24,548 - ERROR - Error executing query for netball_womens_nz_period: 1364 (HY000): Field 'playerId' doesn't have a default value
2024-10-11 10:06:24,550 - ERROR - Error executing query for netball_womens_nz_period: 1364 (HY000): Field 'playerId' doesn't have a default value
2024-10-11 10:06:24,551 - ERROR - Error executing query for netball_womens_nz_period: 1364 (HY000): Field 'playerId' doesn't have a default value
2024-10-11 10:06:24,553 - ERROR - Error executing query for netball_womens_nz_period: 1364 (HY000): Field 'playerId' doesn't have a default value
2024-10-11 10:06:24,555 - ERROR - Error executing query for netball_womens_nz_period: 1364 (HY000): Field 'playerId' doesn't have a default value
2024-10-11 10:06:24,556 - ERROR - Error executing query for netball_womens_nz_period: 1364 (HY000): Field 'playerId' doesn't have a default value
2024-10-11 10:06:24,558 - ERROR - Error executing query for netball_womens_nz_period: 1364 (HY000): Field 'playerId' doesn't have a default value
2024-10-11 10:06:24,559 - ERROR - Error executing query for netball_womens_nz_period: 1364 (HY000): Field 'playerId' doesn't have a default value
2024-10-11 10:06:24,560 - ERROR - Error executing query for netball_womens_nz_period: 1364 (HY000): Field 'playerId' doesn't have a default value
2024-10-11 10:06:24,562 - ERROR - Error executing query for netball_womens_nz_period: 1364 (HY000): Field 'playerId' doesn't have a default value
2024-10-11 10:06:24,563 - ERROR - Error executing query for netball_womens_nz_period: 1364 (HY000): Field 'playerId' doesn't have a default value
2024-10-11 10:06:24,565 - ERROR - Error executing query for netball_womens_nz_period: 1364 (HY000): Field 'playerId' doesn't have a default value
2024-10-11 10:06:24,567 - ERROR - Error executing query for netball_womens_nz_period: 1364 (HY000): Field 'playerId' doesn't have a default value
2024-10-11 10:06:24,568 - ERROR - Error executing query for netball_womens_nz_period: 1364 (HY000): Field 'playerId' doesn't have a default value
2024-10-11 10:06:24,569 - ERROR - Error executing query for netball_womens_nz_period: 1364 (HY000): Field 'playerId' doesn't have a default value
2024-10-11 10:06:24,571 - ERROR - Error executing query for netball_womens_nz_period: 1364 (HY000): Field 'playerId' doesn't have a default value
2024-10-11 10:06:24,572 - ERROR - Error executing query for netball_womens_nz_period: 1364 (HY000): Field 'playerId' doesn't have a default value
2024-10-11 10:06:24,574 - ERROR - Error executing query for netball_womens_nz_period: 1364 (HY000): Field 'playerId' doesn't have a default value
2024-10-11 10:06:24,575 - ERROR - Error executing query for netball_womens_nz_period: 1364 (HY000): Field 'playerId' doesn't have a default value
2024-10-11 10:06:24,577 - ERROR - Error executing query for netball_womens_nz_period: 1364 (HY000): Field 'playerId' doesn't have a default value
2024-10-11 10:06:24,578 - ERROR - Error executing query for netball_womens_nz_period: 1364 (HY000): Field 'playerId' doesn't have a default value
2024-10-11 10:06:24,579 - ERROR - Error executing query for netball_womens_nz_period: 1364 (HY000): Field 'playerId' doesn't have a default value
2024-10-11 10:06:24,581 - ERROR - Error executing query for netball_womens_nz_period: 1364 (HY000): Field 'playerId' doesn't have a default value
2024-10-11 10:06:24,582 - ERROR - Error executing query for netball_womens_nz_period: 1364 (HY000): Field 'playerId' doesn't have a default value
2024-10-11 10:06:24,583 - ERROR - Error executing query for netball_womens_nz_period: 1364 (HY000): Field 'playerId' doesn't have a default value
2024-10-11 10:06:24,585 - ERROR - Error executing query for netball_womens_nz_period: 1364 (HY000): Field 'playerId' doesn't have a default value
2024-10-11 10:06:24,586 - ERROR - Error executing query for netball_womens_nz_period: 1364 (HY000): Field 'playerId' doesn't have a default value
2024-10-11 10:06:24,587 - ERROR - Error executing query for netball_womens_nz_period: 1364 (HY000): Field 'playerId' doesn't have a default value
2024-10-11 10:06:24,589 - ERROR - Error executing query for netball_womens_nz_period: 1364 (HY000): Field 'playerId' doesn't have a default value
2024-10-11 10:06:24,590 - ERROR - Error executing query for netball_womens_nz_period: 1364 (HY000): Field 'playerId' doesn't have a default value
2024-10-11 10:06:24,592 - ERROR - Error executing query for netball_womens_nz_period: 1364 (HY000): Field 'playerId' doesn't have a default value
2024-10-11 10:06:24,593 - ERROR - Error executing query for netball_womens_nz_period: 1364 (HY000): Field 'playerId' doesn't have a default value
2024-10-11 10:06:24,594 - ERROR - Error executing query for netball_womens_nz_period: 1364 (HY000): Field 'playerId' doesn't have a default value
2024-10-11 10:06:24,596 - ERROR - Error executing query for netball_womens_nz_period: 1364 (HY000): Field 'playerId' doesn't have a default value
2024-10-11 10:06:24,598 - ERROR - Error executing query for netball_womens_nz_period: 1364 (HY000): Field 'playerId' doesn't have a default value
2024-10-11 10:06:24,599 - ERROR - Error executing query for netball_womens_nz_period: 1364 (HY000): Field 'playerId' doesn't have a default value
2024-10-11 10:06:24,600 - ERROR - Error executing query for netball_womens_nz_period: 1364 (HY000): Field 'playerId' doesn't have a default value
2024-10-11 10:06:24,601 - ERROR - Error executing query for netball_womens_nz_period: 1364 (HY000): Field 'playerId' doesn't have a default value
2024-10-11 10:06:24,603 - ERROR - Error executing query for netball_womens_nz_period: 1364 (HY000): Field 'playerId' doesn't have a default value
2024-10-11 10:06:24,605 - ERROR - Error executing query for netball_womens_nz_period: 1364 (HY000): Field 'playerId' doesn't have a default value
2024-10-11 10:06:24,606 - ERROR - Error executing query for netball_womens_nz_period: 1364 (HY000): Field 'playerId' doesn't have a default value
2024-10-11 10:06:24,607 - ERROR - Error executing query for netball_womens_nz_period: 1364 (HY000): Field 'playerId' doesn't have a default value
2024-10-11 10:06:24,609 - ERROR - Error executing query for netball_womens_nz_period: 1364 (HY000): Field 'playerId' doesn't have a default value
2024-10-11 10:06:24,610 - ERROR - Error executing query for netball_womens_nz_period: 1364 (HY000): Field 'playerId' doesn't have a default value
2024-10-11 10:06:24,611 - ERROR - Error executing query for netball_womens_nz_period: 1364 (HY000): Field 'playerId' doesn't have a default value
2024-10-11 10:06:24,613 - ERROR - Error executing query for netball_womens_nz_period: 1364 (HY000): Field 'playerId' doesn't have a default value
2024-10-11 10:06:24,615 - ERROR - Error executing query for netball_womens_nz_period: 1364 (HY000): Field 'playerId' doesn't have a default value
2024-10-11 10:06:24,617 - ERROR - Error executing query for netball_womens_nz_period: 1364 (HY000): Field 'playerId' doesn't have a default value
2024-10-11 10:06:24,618 - ERROR - Error executing query for netball_womens_nz_period: 1364 (HY000): Field 'playerId' doesn't have a default value
2024-10-11 10:06:24,752 - ERROR - Error executing query for netball_womens_nz_score_flow: 1364 (HY000): Field 'squadId' doesn't have a default value
2024-10-11 10:06:24,753 - ERROR - Error executing query for netball_womens_nz_score_flow: 1364 (HY000): Field 'squadId' doesn't have a default value
2024-10-11 10:06:24,754 - ERROR - Error executing query for netball_womens_nz_score_flow: 1364 (HY000): Field 'squadId' doesn't have a default value
2024-10-11 10:06:24,755 - ERROR - Error executing query for netball_womens_nz_score_flow: 1364 (HY000): Field 'squadId' doesn't have a default value
2024-10-11 10:06:24,756 - ERROR - Error executing query for netball_womens_nz_score_flow: 1364 (HY000): Field 'squadId' doesn't have a default value
2024-10-11 10:06:24,757 - ERROR - Error executing query for netball_womens_nz_score_flow: 1364 (HY000): Field 'squadId' doesn't have a default value
2024-10-11 10:06:24,758 - ERROR - Error executing query for netball_womens_nz_score_flow: 1364 (HY000): Field 'squadId' doesn't have a default value
2024-10-11 10:06:24,759 - ERROR - Error executing query for netball_womens_nz_score_flow: 1364 (HY000): Field 'squadId' doesn't have a default value
2024-10-11 10:06:24,760 - ERROR - Error executing query for netball_womens_nz_score_flow: 1364 (HY000): Field 'squadId' doesn't have a default value
2024-10-11 10:06:24,761 - ERROR - Error executing query for netball_womens_nz_score_flow: 1364 (HY000): Field 'squadId' doesn't have a default value
2024-10-11 10:06:24,763 - ERROR - Error executing query for netball_womens_nz_score_flow: 1364 (HY000): Field 'squadId' doesn't have a default value
2024-10-11 10:06:24,764 - ERROR - Error executing query for netball_womens_nz_score_flow: 1364 (HY000): Field 'squadId' doesn't have a default value
2024-10-11 10:06:24,765 - ERROR - Error executing query for netball_womens_nz_score_flow: 1364 (HY000): Field 'squadId' doesn't have a default value
2024-10-11 10:06:24,766 - ERROR - Error executing query for netball_womens_nz_score_flow: 1364 (HY000): Field 'squadId' doesn't have a default value
2024-10-11 10:06:24,767 - ERROR - Error executing query for netball_womens_nz_score_flow: 1364 (HY000): Field 'squadId' doesn't have a default value
2024-10-11 10:06:24,768 - ERROR - Error executing query for netball_womens_nz_score_flow: 1364 (HY000): Field 'squadId' doesn't have a default value
2024-10-11 10:06:24,769 - ERROR - Error executing query for netball_womens_nz_score_flow: 1364 (HY000): Field 'squadId' doesn't have a default value
2024-10-11 10:06:24,770 - ERROR - Error executing query for netball_womens_nz_score_flow: 1364 (HY000): Field 'squadId' doesn't have a default value
2024-10-11 10:06:24,771 - ERROR - Error executing query for netball_womens_nz_score_flow: 1364 (HY000): Field 'squadId' doesn't have a default value
2024-10-11 10:06:24,772 - ERROR - Error executing query for netball_womens_nz_score_flow: 1364 (HY000): Field 'squadId' doesn't have a default value
2024-10-11 10:06:24,773 - ERROR - Error executing query for netball_womens_nz_score_flow: 1364 (HY000): Field 'squadId' doesn't have a default value
2024-10-11 10:06:24,774 - ERROR - Error executing query for netball_womens_nz_score_flow: 1364 (HY000): Field 'squadId' doesn't have a default value
2024-10-11 10:06:24,775 - ERROR - Error executing query for netball_womens_nz_score_flow: 1364 (HY000): Field 'squadId' doesn't have a default value
2024-10-11 10:06:24,776 - ERROR - Error executing query for netball_womens_nz_score_flow: 1364 (HY000): Field 'squadId' doesn't have a default value
2024-10-11 10:06:24,777 - ERROR - Error executing query for netball_womens_nz_score_flow: 1364 (HY000): Field 'squadId' doesn't have a default value
2024-10-11 10:06:24,778 - ERROR - Error executing query for netball_womens_nz_score_flow: 1364 (HY000): Field 'squadId' doesn't have a default value
2024-10-11 10:06:24,779 - ERROR - Error executing query for netball_womens_nz_score_flow: 1364 (HY000): Field 'squadId' doesn't have a default value
2024-10-11 10:06:24,780 - ERROR - Error executing query for netball_womens_nz_score_flow: 1364 (HY000): Field 'squadId' doesn't have a default value
2024-10-11 10:06:24,781 - ERROR - Error executing query for netball_womens_nz_score_flow: 1364 (HY000): Field 'squadId' doesn't have a default value
2024-10-11 10:06:24,782 - ERROR - Error executing query for netball_womens_nz_score_flow: 1364 (HY000): Field 'squadId' doesn't have a default value
2024-10-11 10:06:24,783 - ERROR - Error executing query for netball_womens_nz_score_flow: 1364 (HY000): Field 'squadId' doesn't have a default value
2024-10-11 10:06:24,784 - ERROR - Error executing query for netball_womens_nz_score_flow: 1364 (HY000): Field 'squadId' doesn't have a default value
2024-10-11 10:06:24,785 - ERROR - Error executing query for netball_womens_nz_score_flow: 1364 (HY000): Field 'squadId' doesn't have a default value
2024-10-11 10:06:24,786 - ERROR - Error executing query for netball_womens_nz_score_flow: 1364 (HY000): Field 'squadId' doesn't have a default value
2024-10-11 10:06:24,787 - ERROR - Error executing query for netball_womens_nz_score_flow: 1364 (HY000): Field 'squadId' doesn't have a default value
2024-10-11 10:06:24,788 - ERROR - Error executing query for netball_womens_nz_score_flow: 1364 (HY000): Field 'squadId' doesn't have a default value
2024-10-11 10:06:24,789 - ERROR - Error executing query for netball_womens_nz_score_flow: 1364 (HY000): Field 'squadId' doesn't have a default value
2024-10-11 10:06:24,790 - ERROR - Error executing query for netball_womens_nz_score_flow: 1364 (HY000): Field 'squadId' doesn't have a default value
2024-10-11 10:06:24,791 - ERROR - Error executing query for netball_womens_nz_score_flow: 1364 (HY000): Field 'squadId' doesn't have a default value
2024-10-11 10:06:24,792 - ERROR - Error executing query for netball_womens_nz_score_flow: 1364 (HY000): Field 'squadId' doesn't have a default value
2024-10-11 10:06:24,793 - ERROR - Error executing query for netball_womens_nz_score_flow: 1364 (HY000): Field 'squadId' doesn't have a default value
2024-10-11 10:06:24,794 - ERROR - Error executing query for netball_womens_nz_score_flow: 1364 (HY000): Field 'squadId' doesn't have a default value
2024-10-11 10:06:24,795 - ERROR - Error executing query for netball_womens_nz_score_flow: 1364 (HY000): Field 'squadId' doesn't have a default value
2024-10-11 10:06:24,796 - ERROR - Error executing query for netball_womens_nz_score_flow: 1364 (HY000): Field 'squadId' doesn't have a default value
2024-10-11 10:06:24,797 - ERROR - Error executing query for netball_womens_nz_score_flow: 1364 (HY000): Field 'squadId' doesn't have a default value
2024-10-11 10:06:24,798 - ERROR - Error executing query for netball_womens_nz_score_flow: 1364 (HY000): Field 'squadId' doesn't have a default value
2024-10-11 10:06:24,799 - ERROR - Error executing query for netball_womens_nz_score_flow: 1364 (HY000): Field 'squadId' doesn't have a default value
2024-10-11 10:06:24,799 - ERROR - Error executing query for netball_womens_nz_score_flow: 1364 (HY000): Field 'squadId' doesn't have a default value
2024-10-11 10:06:24,800 - ERROR - Error executing query for netball_womens_nz_score_flow: 1364 (HY000): Field 'squadId' doesn't have a default value
2024-10-11 10:06:24,801 - ERROR - Error executing query for netball_womens_nz_score_flow: 1364 (HY000): Field 'squadId' doesn't have a default value
2024-10-11 10:06:24,802 - ERROR - Error executing query for netball_womens_nz_score_flow: 1364 (HY000): Field 'squadId' doesn't have a default value
2024-10-11 10:06:24,803 - ERROR - Error executing query for netball_womens_nz_score_flow: 1364 (HY000): Field 'squadId' doesn't have a default value
2024-10-11 10:06:24,804 - ERROR - Error executing query for netball_womens_nz_score_flow: 1364 (HY000): Field 'squadId' doesn't have a default value
2024-10-11 10:06:24,805 - ERROR - Error executing query for netball_womens_nz_score_flow: 1364 (HY000): Field 'squadId' doesn't have a default value
2024-10-11 10:06:24,806 - ERROR - Error executing query for netball_womens_nz_score_flow: 1364 (HY000): Field 'squadId' doesn't have a default value
2024-10-11 10:06:24,807 - ERROR - Error executing query for netball_womens_nz_score_flow: 1364 (HY000): Field 'squadId' doesn't have a default value
2024-10-11 10:06:24,808 - ERROR - Error executing query for netball_womens_nz_score_flow: 1364 (HY000): Field 'squadId' doesn't have a default value
2024-10-11 10:06:24,809 - ERROR - Error executing query for netball_womens_nz_score_flow: 1364 (HY000): Field 'squadId' doesn't have a default value
2024-10-11 10:06:24,810 - ERROR - Error executing query for netball_womens_nz_score_flow: 1364 (HY000): Field 'squadId' doesn't have a default value
2024-10-11 10:06:24,811 - ERROR - Error executing query for netball_womens_nz_score_flow: 1364 (HY000): Field 'squadId' doesn't have a default value
2024-10-11 10:06:24,812 - ERROR - Error executing query for netball_womens_nz_score_flow: 1364 (HY000): Field 'squadId' doesn't have a default value
2024-10-11 10:06:24,813 - ERROR - Error executing query for netball_womens_nz_score_flow: 1364 (HY000): Field 'squadId' doesn't have a default value
2024-10-11 10:06:24,813 - ERROR - Error executing query for netball_womens_nz_score_flow: 1364 (HY000): Field 'squadId' doesn't have a default value
2024-10-11 10:06:24,814 - ERROR - Error executing query for netball_womens_nz_score_flow: 1364 (HY000): Field 'squadId' doesn't have a default value
2024-10-11 10:06:24,815 - ERROR - Error executing query for netball_womens_nz_score_flow: 1364 (HY000): Field 'squadId' doesn't have a default value
2024-10-11 10:06:24,817 - ERROR - Error executing query for netball_womens_nz_score_flow: 1364 (HY000): Field 'squadId' doesn't have a default value
2024-10-11 10:06:24,818 - ERROR - Error executing query for netball_womens_nz_score_flow: 1364 (HY000): Field 'squadId' doesn't have a default value
2024-10-11 10:06:24,819 - ERROR - Error executing query for netball_womens_nz_score_flow: 1364 (HY000): Field 'squadId' doesn't have a default value
2024-10-11 10:06:24,820 - ERROR - Error executing query for netball_womens_nz_score_flow: 1364 (HY000): Field 'squadId' doesn't have a default value
2024-10-11 10:06:24,820 - ERROR - Error executing query for netball_womens_nz_score_flow: 1364 (HY000): Field 'squadId' doesn't have a default value
2024-10-11 10:06:24,821 - ERROR - Error executing query for netball_womens_nz_score_flow: 1364 (HY000): Field 'squadId' doesn't have a default value
2024-10-11 10:06:24,822 - ERROR - Error executing query for netball_womens_nz_score_flow: 1364 (HY000): Field 'squadId' doesn't have a default value
2024-10-11 10:06:24,823 - ERROR - Error executing query for netball_womens_nz_score_flow: 1364 (HY000): Field 'squadId' doesn't have a default value
2024-10-11 10:06:24,824 - ERROR - Error executing query for netball_womens_nz_score_flow: 1364 (HY000): Field 'squadId' doesn't have a default value
2024-10-11 10:06:24,825 - ERROR - Error executing query for netball_womens_nz_score_flow: 1364 (HY000): Field 'squadId' doesn't have a default value
2024-10-11 10:06:24,826 - ERROR - Error executing query for netball_womens_nz_score_flow: 1364 (HY000): Field 'squadId' doesn't have a default value
2024-10-11 10:06:24,827 - ERROR - Error executing query for netball_womens_nz_score_flow: 1364 (HY000): Field 'squadId' doesn't have a default value
2024-10-11 10:06:24,828 - ERROR - Error executing query for netball_womens_nz_score_flow: 1364 (HY000): Field 'squadId' doesn't have a default value
2024-10-11 10:06:24,829 - ERROR - Error executing query for netball_womens_nz_score_flow: 1364 (HY000): Field 'squadId' doesn't have a default value
2024-10-11 10:06:24,830 - ERROR - Error executing query for netball_womens_nz_score_flow: 1364 (HY000): Field 'squadId' doesn't have a default value
2024-10-11 10:06:24,831 - ERROR - Error executing query for netball_womens_nz_score_flow: 1364 (HY000): Field 'squadId' doesn't have a default value
2024-10-11 10:06:24,831 - ERROR - Error executing query for netball_womens_nz_score_flow: 1364 (HY000): Field 'squadId' doesn't have a default value
2024-10-11 10:06:24,832 - ERROR - Error executing query for netball_womens_nz_score_flow: 1364 (HY000): Field 'squadId' doesn't have a default value
2024-10-11 10:06:24,833 - ERROR - Error executing query for netball_womens_nz_score_flow: 1364 (HY000): Field 'squadId' doesn't have a default value
2024-10-11 10:06:24,834 - ERROR - Error executing query for netball_womens_nz_score_flow: 1364 (HY000): Field 'squadId' doesn't have a default value
2024-10-11 10:06:24,835 - ERROR - Error executing query for netball_womens_nz_score_flow: 1364 (HY000): Field 'squadId' doesn't have a default value
2024-10-11 10:06:24,836 - ERROR - Error executing query for netball_womens_nz_score_flow: 1364 (HY000): Field 'squadId' doesn't have a default value
2024-10-11 10:06:24,837 - ERROR - Error executing query for netball_womens_nz_score_flow: 1364 (HY000): Field 'squadId' doesn't have a default value
2024-10-11 10:06:24,838 - ERROR - Error executing query for netball_womens_nz_score_flow: 1364 (HY000): Field 'squadId' doesn't have a default value
2024-10-11 10:06:24,839 - ERROR - Error executing query for netball_womens_nz_score_flow: 1364 (HY000): Field 'squadId' doesn't have a default value
2024-10-11 10:06:24,840 - ERROR - Error executing query for netball_womens_nz_score_flow: 1364 (HY000): Field 'squadId' doesn't have a default value
2024-10-11 10:06:24,841 - ERROR - Error executing query for netball_womens_nz_score_flow: 1364 (HY000): Field 'squadId' doesn't have a default value
2024-10-11 10:06:24,842 - ERROR - Error executing query for netball_womens_nz_score_flow: 1364 (HY000): Field 'squadId' doesn't have a default value
2024-10-11 10:06:24,843 - ERROR - Error executing query for netball_womens_nz_score_flow: 1364 (HY000): Field 'squadId' doesn't have a default value
2024-10-11 10:06:24,844 - ERROR - Error executing query for netball_womens_nz_score_flow: 1364 (HY000): Field 'squadId' doesn't have a default value
2024-10-11 10:06:24,844 - ERROR - Error executing query for netball_womens_nz_score_flow: 1364 (HY000): Field 'squadId' doesn't have a default value
2024-10-11 10:06:24,845 - ERROR - Error executing query for netball_womens_nz_score_flow: 1364 (HY000): Field 'squadId' doesn't have a default value
2024-10-11 10:06:24,846 - ERROR - Error executing query for netball_womens_nz_score_flow: 1364 (HY000): Field 'squadId' doesn't have a default value
2024-10-11 10:06:24,847 - ERROR - Error executing query for netball_womens_nz_score_flow: 1364 (HY000): Field 'squadId' doesn't have a default value
2024-10-11 10:06:24,848 - ERROR - Error executing query for netball_womens_nz_score_flow: 1364 (HY000): Field 'squadId' doesn't have a default value
2024-10-11 10:06:24,849 - ERROR - Error executing query for netball_womens_nz_score_flow: 1364 (HY000): Field 'squadId' doesn't have a default value
2024-10-11 10:06:24,850 - ERROR - Error executing query for netball_womens_nz_score_flow: 1364 (HY000): Field 'squadId' doesn't have a default value
2024-10-11 10:06:24,851 - ERROR - Error executing query for netball_womens_nz_score_flow: 1364 (HY000): Field 'squadId' doesn't have a default value
2024-10-11 10:06:24,852 - ERROR - Error executing query for netball_womens_nz_score_flow: 1364 (HY000): Field 'squadId' doesn't have a default value
2024-10-11 10:06:24,853 - ERROR - Error executing query for netball_womens_nz_score_flow: 1364 (HY000): Field 'squadId' doesn't have a default value
2024-10-11 10:06:24,854 - ERROR - Error executing query for netball_womens_nz_score_flow: 1364 (HY000): Field 'squadId' doesn't have a default value
2024-10-11 10:06:24,855 - ERROR - Error executing query for netball_womens_nz_score_flow: 1364 (HY000): Field 'squadId' doesn't have a default value
2024-10-11 10:06:24,856 - ERROR - Error executing query for netball_womens_nz_score_flow: 1364 (HY000): Field 'squadId' doesn't have a default value
2024-10-11 10:06:24,857 - ERROR - Error executing query for netball_womens_nz_score_flow: 1364 (HY000): Field 'squadId' doesn't have a default value
2024-10-11 10:06:24,858 - ERROR - Error executing query for netball_womens_nz_score_flow: 1364 (HY000): Field 'squadId' doesn't have a default value
2024-10-11 10:06:24,859 - ERROR - Error executing query for netball_womens_nz_score_flow: 1364 (HY000): Field 'squadId' doesn't have a default value
2024-10-11 10:06:24,860 - ERROR - Error executing query for netball_womens_nz_score_flow: 1364 (HY000): Field 'squadId' doesn't have a default value
2024-10-11 10:06:24,861 - ERROR - Error executing query for netball_womens_nz_score_flow: 1364 (HY000): Field 'squadId' doesn't have a default value
2024-10-11 10:06:24,861 - ERROR - Error executing query for netball_womens_nz_score_flow: 1364 (HY000): Field 'squadId' doesn't have a default value
2024-10-11 10:06:24,862 - ERROR - Error executing query for netball_womens_nz_score_flow: 1364 (HY000): Field 'squadId' doesn't have a default value
2024-10-11 10:06:24,863 - ERROR - Error executing query for netball_womens_nz_score_flow: 1364 (HY000): Field 'squadId' doesn't have a default value
2024-10-11 10:06:24,864 - ERROR - Error executing query for netball_womens_nz_score_flow: 1364 (HY000): Field 'squadId' doesn't have a default value
2024-10-11 10:06:24,865 - ERROR - Error executing query for netball_womens_nz_score_flow: 1364 (HY000): Field 'squadId' doesn't have a default value
2024-10-11 10:06:24,867 - ERROR - Error executing query for netball_womens_nz_score_flow: 1364 (HY000): Field 'squadId' doesn't have a default value
2024-10-11 10:06:24,868 - ERROR - Error executing query for netball_womens_nz_score_flow: 1364 (HY000): Field 'squadId' doesn't have a default value
2024-10-11 10:06:24,869 - ERROR - Error executing query for netball_womens_nz_score_flow: 1364 (HY000): Field 'squadId' doesn't have a default value
2024-10-11 10:06:24,870 - ERROR - Error executing query for netball_womens_nz_score_flow: 1364 (HY000): Field 'squadId' doesn't have a default value
2024-10-11 10:06:24,871 - ERROR - Error executing query for netball_womens_nz_score_flow: 1364 (HY000): Field 'squadId' doesn't have a default value
2024-10-11 10:06:24,872 - ERROR - Error executing query for netball_womens_nz_score_flow: 1364 (HY000): Field 'squadId' doesn't have a default value
2024-10-11 10:06:24,872 - ERROR - Error executing query for netball_womens_nz_score_flow: 1364 (HY000): Field 'squadId' doesn't have a default value
2024-10-11 10:06:24,873 - ERROR - Error executing query for netball_womens_nz_score_flow: 1364 (HY000): Field 'squadId' doesn't have a default value
2024-10-11 10:06:24,874 - ERROR - Error executing query for netball_womens_nz_score_flow: 1364 (HY000): Field 'squadId' doesn't have a default value
2024-10-11 10:06:24,875 - ERROR - Error executing query for netball_womens_nz_score_flow: 1364 (HY000): Field 'squadId' doesn't have a default value
2024-10-11 10:06:24,876 - ERROR - Error executing query for netball_womens_nz_score_flow: 1364 (HY000): Field 'squadId' doesn't have a default value
2024-10-11 10:06:24,877 - ERROR - Error executing query for netball_womens_nz_score_flow: 1364 (HY000): Field 'squadId' doesn't have a default value
2024-10-11 10:06:24,879 - ERROR - Error executing query for netball_womens_nz_score_flow: 1364 (HY000): Field 'squadId' doesn't have a default value
2024-10-11 10:06:24,880 - ERROR - Error executing query for netball_womens_nz_score_flow: 1364 (HY000): Field 'squadId' doesn't have a default value
2024-10-11 10:06:24,880 - ERROR - Error executing query for netball_womens_nz_score_flow: 1364 (HY000): Field 'squadId' doesn't have a default value
2024-10-11 10:06:24,882 - ERROR - Error executing query for netball_womens_nz_fixture: 1364 (HY000): Field 'fixtureId' doesn't have a default value
2024-10-11 10:06:24,883 - ERROR - Error executing query for sport_info: 1364 (HY000): Field 'sportId' doesn't have a default value
2024-10-11 10:06:25,017 - ERROR - Error executing query for player_info: 1364 (HY000): Field 'playerId' doesn't have a default value
2024-10-11 10:06:25,018 - ERROR - Error executing query for squad_info: 1364 (HY000): Field 'squadID' doesn't have a default value
2024-10-11 10:06:25,020 - ERROR - Error executing query for netball_womens_nz_match: 1364 (HY000): Field 'playerId' doesn't have a default value
2024-10-11 10:06:25,021 - ERROR - Error executing query for player_info: 1364 (HY000): Field 'playerId' doesn't have a default value
2024-10-11 10:06:25,022 - ERROR - Error executing query for squad_info: 1364 (HY000): Field 'squadID' doesn't have a default value
2024-10-11 10:06:25,023 - ERROR - Error executing query for netball_womens_nz_match: 1364 (HY000): Field 'playerId' doesn't have a default value
2024-10-11 10:06:25,024 - ERROR - Error executing query for player_info: 1364 (HY000): Field 'playerId' doesn't have a default value
2024-10-11 10:06:25,026 - ERROR - Error executing query for squad_info: 1364 (HY000): Field 'squadID' doesn't have a default value
2024-10-11 10:06:25,027 - ERROR - Error executing query for netball_womens_nz_match: 1364 (HY000): Field 'playerId' doesn't have a default value
2024-10-11 10:06:25,029 - ERROR - Error executing query for player_info: 1364 (HY000): Field 'playerId' doesn't have a default value
2024-10-11 10:06:25,029 - ERROR - Error executing query for squad_info: 1364 (HY000): Field 'squadID' doesn't have a default value
2024-10-11 10:06:25,031 - ERROR - Error executing query for netball_womens_nz_match: 1364 (HY000): Field 'playerId' doesn't have a default value
2024-10-11 10:06:25,032 - ERROR - Error executing query for player_info: 1364 (HY000): Field 'playerId' doesn't have a default value
2024-10-11 10:06:25,033 - ERROR - Error executing query for squad_info: 1364 (HY000): Field 'squadID' doesn't have a default value
2024-10-11 10:06:25,034 - ERROR - Error executing query for netball_womens_nz_match: 1364 (HY000): Field 'playerId' doesn't have a default value
2024-10-11 10:06:25,036 - ERROR - Error executing query for player_info: 1364 (HY000): Field 'playerId' doesn't have a default value
2024-10-11 10:06:25,037 - ERROR - Error executing query for squad_info: 1364 (HY000): Field 'squadID' doesn't have a default value
2024-10-11 10:06:25,039 - ERROR - Error executing query for netball_womens_nz_match: 1364 (HY000): Field 'playerId' doesn't have a default value
2024-10-11 10:06:25,040 - ERROR - Error executing query for player_info: 1364 (HY000): Field 'playerId' doesn't have a default value
2024-10-11 10:06:25,041 - ERROR - Error executing query for squad_info: 1364 (HY000): Field 'squadID' doesn't have a default value
2024-10-11 10:06:25,043 - ERROR - Error executing query for netball_womens_nz_match: 1364 (HY000): Field 'playerId' doesn't have a default value
2024-10-11 10:06:25,044 - ERROR - Error executing query for player_info: 1364 (HY000): Field 'playerId' doesn't have a default value
2024-10-11 10:06:25,045 - ERROR - Error executing query for squad_info: 1364 (HY000): Field 'squadID' doesn't have a default value
2024-10-11 10:06:25,047 - ERROR - Error executing query for netball_womens_nz_match: 1364 (HY000): Field 'playerId' doesn't have a default value
2024-10-11 10:06:25,048 - ERROR - Error executing query for player_info: 1364 (HY000): Field 'playerId' doesn't have a default value
2024-10-11 10:06:25,049 - ERROR - Error executing query for squad_info: 1364 (HY000): Field 'squadID' doesn't have a default value
2024-10-11 10:06:25,050 - ERROR - Error executing query for netball_womens_nz_match: 1364 (HY000): Field 'playerId' doesn't have a default value
2024-10-11 10:06:25,052 - ERROR - Error executing query for player_info: 1364 (HY000): Field 'playerId' doesn't have a default value
2024-10-11 10:06:25,053 - ERROR - Error executing query for squad_info: 1364 (HY000): Field 'squadID' doesn't have a default value
2024-10-11 10:06:25,054 - ERROR - Error executing query for netball_womens_nz_match: 1364 (HY000): Field 'playerId' doesn't have a default value
2024-10-11 10:06:25,056 - ERROR - Error executing query for player_info: 1364 (HY000): Field 'playerId' doesn't have a default value
2024-10-11 10:06:25,057 - ERROR - Error executing query for squad_info: 1364 (HY000): Field 'squadID' doesn't have a default value
2024-10-11 10:06:25,058 - ERROR - Error executing query for netball_womens_nz_match: 1364 (HY000): Field 'playerId' doesn't have a default value
2024-10-11 10:06:25,060 - ERROR - Error executing query for player_info: 1364 (HY000): Field 'playerId' doesn't have a default value
2024-10-11 10:06:25,061 - ERROR - Error executing query for squad_info: 1364 (HY000): Field 'squadID' doesn't have a default value
2024-10-11 10:06:25,062 - ERROR - Error executing query for netball_womens_nz_match: 1364 (HY000): Field 'playerId' doesn't have a default value
2024-10-11 10:06:25,063 - ERROR - Error executing query for player_info: 1364 (HY000): Field 'playerId' doesn't have a default value
2024-10-11 10:06:25,064 - ERROR - Error executing query for squad_info: 1364 (HY000): Field 'squadID' doesn't have a default value
2024-10-11 10:06:25,065 - ERROR - Error executing query for netball_womens_nz_match: 1364 (HY000): Field 'playerId' doesn't have a default value
2024-10-11 10:06:25,066 - ERROR - Error executing query for player_info: 1364 (HY000): Field 'playerId' doesn't have a default value
2024-10-11 10:06:25,068 - ERROR - Error executing query for squad_info: 1364 (HY000): Field 'squadID' doesn't have a default value
2024-10-11 10:06:25,069 - ERROR - Error executing query for netball_womens_nz_match: 1364 (HY000): Field 'playerId' doesn't have a default value
2024-10-11 10:06:25,070 - ERROR - Error executing query for player_info: 1364 (HY000): Field 'playerId' doesn't have a default value
2024-10-11 10:06:25,071 - ERROR - Error executing query for squad_info: 1364 (HY000): Field 'squadID' doesn't have a default value
2024-10-11 10:06:25,073 - ERROR - Error executing query for netball_womens_nz_match: 1364 (HY000): Field 'playerId' doesn't have a default value
2024-10-11 10:06:25,074 - ERROR - Error executing query for player_info: 1364 (HY000): Field 'playerId' doesn't have a default value
2024-10-11 10:06:25,074 - ERROR - Error executing query for squad_info: 1364 (HY000): Field 'squadID' doesn't have a default value
2024-10-11 10:06:25,076 - ERROR - Error executing query for netball_womens_nz_match: 1364 (HY000): Field 'playerId' doesn't have a default value
2024-10-11 10:06:25,077 - ERROR - Error executing query for player_info: 1364 (HY000): Field 'playerId' doesn't have a default value
2024-10-11 10:06:25,078 - ERROR - Error executing query for squad_info: 1364 (HY000): Field 'squadID' doesn't have a default value
2024-10-11 10:06:25,079 - ERROR - Error executing query for netball_womens_nz_match: 1364 (HY000): Field 'playerId' doesn't have a default value
2024-10-11 10:06:25,080 - ERROR - Error executing query for player_info: 1364 (HY000): Field 'playerId' doesn't have a default value
2024-10-11 10:06:25,081 - ERROR - Error executing query for squad_info: 1364 (HY000): Field 'squadID' doesn't have a default value
2024-10-11 10:06:25,082 - ERROR - Error executing query for netball_womens_nz_match: 1364 (HY000): Field 'playerId' doesn't have a default value
2024-10-11 10:06:25,083 - ERROR - Error executing query for player_info: 1364 (HY000): Field 'playerId' doesn't have a default value
2024-10-11 10:06:25,084 - ERROR - Error executing query for squad_info: 1364 (HY000): Field 'squadID' doesn't have a default value
2024-10-11 10:06:25,085 - ERROR - Error executing query for netball_womens_nz_match: 1364 (HY000): Field 'playerId' doesn't have a default value
2024-10-11 10:06:25,086 - ERROR - Error executing query for player_info: 1364 (HY000): Field 'playerId' doesn't have a default value
2024-10-11 10:06:25,087 - ERROR - Error executing query for squad_info: 1364 (HY000): Field 'squadID' doesn't have a default value
2024-10-11 10:06:25,089 - ERROR - Error executing query for netball_womens_nz_match: 1364 (HY000): Field 'playerId' doesn't have a default value
2024-10-11 10:06:25,090 - ERROR - Error executing query for player_info: 1364 (HY000): Field 'playerId' doesn't have a default value
2024-10-11 10:06:25,091 - ERROR - Error executing query for squad_info: 1364 (HY000): Field 'squadID' doesn't have a default value
2024-10-11 10:06:25,092 - ERROR - Error executing query for netball_womens_nz_match: 1364 (HY000): Field 'playerId' doesn't have a default value
2024-10-11 10:06:25,093 - ERROR - Error executing query for player_info: 1364 (HY000): Field 'playerId' doesn't have a default value
2024-10-11 10:06:25,094 - ERROR - Error executing query for squad_info: 1364 (HY000): Field 'squadID' doesn't have a default value
2024-10-11 10:06:25,095 - ERROR - Error executing query for netball_womens_nz_match: 1364 (HY000): Field 'playerId' doesn't have a default value
2024-10-11 10:06:25,096 - ERROR - Error executing query for player_info: 1364 (HY000): Field 'playerId' doesn't have a default value
2024-10-11 10:06:25,097 - ERROR - Error executing query for squad_info: 1364 (HY000): Field 'squadID' doesn't have a default value
2024-10-11 10:06:25,098 - ERROR - Error executing query for netball_womens_nz_match: 1364 (HY000): Field 'playerId' doesn't have a default value
2024-10-11 10:06:25,099 - ERROR - Error executing query for player_info: 1364 (HY000): Field 'playerId' doesn't have a default value
2024-10-11 10:06:25,100 - ERROR - Error executing query for squad_info: 1364 (HY000): Field 'squadID' doesn't have a default value
2024-10-11 10:06:25,101 - ERROR - Error executing query for netball_womens_nz_match: 1364 (HY000): Field 'playerId' doesn't have a default value
2024-10-11 10:06:25,237 - ERROR - Error executing query for netball_womens_nz_period: 1364 (HY000): Field 'playerId' doesn't have a default value
2024-10-11 10:06:25,238 - ERROR - Error executing query for netball_womens_nz_period: 1364 (HY000): Field 'playerId' doesn't have a default value
2024-10-11 10:06:25,240 - ERROR - Error executing query for netball_womens_nz_period: 1364 (HY000): Field 'playerId' doesn't have a default value
2024-10-11 10:06:25,241 - ERROR - Error executing query for netball_womens_nz_period: 1364 (HY000): Field 'playerId' doesn't have a default value
2024-10-11 10:06:25,242 - ERROR - Error executing query for netball_womens_nz_period: 1364 (HY000): Field 'playerId' doesn't have a default value
2024-10-11 10:06:25,243 - ERROR - Error executing query for netball_womens_nz_period: 1364 (HY000): Field 'playerId' doesn't have a default value
2024-10-11 10:06:25,245 - ERROR - Error executing query for netball_womens_nz_period: 1364 (HY000): Field 'playerId' doesn't have a default value
2024-10-11 10:06:25,246 - ERROR - Error executing query for netball_womens_nz_period: 1364 (HY000): Field 'playerId' doesn't have a default value
2024-10-11 10:06:25,247 - ERROR - Error executing query for netball_womens_nz_period: 1364 (HY000): Field 'playerId' doesn't have a default value
2024-10-11 10:06:25,248 - ERROR - Error executing query for netball_womens_nz_period: 1364 (HY000): Field 'playerId' doesn't have a default value
2024-10-11 10:06:25,250 - ERROR - Error executing query for netball_womens_nz_period: 1364 (HY000): Field 'playerId' doesn't have a default value
2024-10-11 10:06:25,251 - ERROR - Error executing query for netball_womens_nz_period: 1364 (HY000): Field 'playerId' doesn't have a default value
2024-10-11 10:06:25,252 - ERROR - Error executing query for netball_womens_nz_period: 1364 (HY000): Field 'playerId' doesn't have a default value
2024-10-11 10:06:25,254 - ERROR - Error executing query for netball_womens_nz_period: 1364 (HY000): Field 'playerId' doesn't have a default value
2024-10-11 10:06:25,255 - ERROR - Error executing query for netball_womens_nz_period: 1364 (HY000): Field 'playerId' doesn't have a default value
2024-10-11 10:06:25,256 - ERROR - Error executing query for netball_womens_nz_period: 1364 (HY000): Field 'playerId' doesn't have a default value
2024-10-11 10:06:25,258 - ERROR - Error executing query for netball_womens_nz_period: 1364 (HY000): Field 'playerId' doesn't have a default value
2024-10-11 10:06:25,259 - ERROR - Error executing query for netball_womens_nz_period: 1364 (HY000): Field 'playerId' doesn't have a default value
2024-10-11 10:06:25,260 - ERROR - Error executing query for netball_womens_nz_period: 1364 (HY000): Field 'playerId' doesn't have a default value
2024-10-11 10:06:25,261 - ERROR - Error executing query for netball_womens_nz_period: 1364 (HY000): Field 'playerId' doesn't have a default value
2024-10-11 10:06:25,263 - ERROR - Error executing query for netball_womens_nz_period: 1364 (HY000): Field 'playerId' doesn't have a default value
2024-10-11 10:06:25,264 - ERROR - Error executing query for netball_womens_nz_period: 1364 (HY000): Field 'playerId' doesn't have a default value
2024-10-11 10:06:25,265 - ERROR - Error executing query for netball_womens_nz_period: 1364 (HY000): Field 'playerId' doesn't have a default value
2024-10-11 10:06:25,267 - ERROR - Error executing query for netball_womens_nz_period: 1364 (HY000): Field 'playerId' doesn't have a default value
2024-10-11 10:06:25,268 - ERROR - Error executing query for netball_womens_nz_period: 1364 (HY000): Field 'playerId' doesn't have a default value
2024-10-11 10:06:25,269 - ERROR - Error executing query for netball_womens_nz_period: 1364 (HY000): Field 'playerId' doesn't have a default value
2024-10-11 10:06:25,270 - ERROR - Error executing query for netball_womens_nz_period: 1364 (HY000): Field 'playerId' doesn't have a default value
2024-10-11 10:06:25,272 - ERROR - Error executing query for netball_womens_nz_period: 1364 (HY000): Field 'playerId' doesn't have a default value
2024-10-11 10:06:25,274 - ERROR - Error executing query for netball_womens_nz_period: 1364 (HY000): Field 'playerId' doesn't have a default value
2024-10-11 10:06:25,275 - ERROR - Error executing query for netball_womens_nz_period: 1364 (HY000): Field 'playerId' doesn't have a default value
2024-10-11 10:06:25,276 - ERROR - Error executing query for netball_womens_nz_period: 1364 (HY000): Field 'playerId' doesn't have a default value
2024-10-11 10:06:25,277 - ERROR - Error executing query for netball_womens_nz_period: 1364 (HY000): Field 'playerId' doesn't have a default value
2024-10-11 10:06:25,279 - ERROR - Error executing query for netball_womens_nz_period: 1364 (HY000): Field 'playerId' doesn't have a default value
2024-10-11 10:06:25,280 - ERROR - Error executing query for netball_womens_nz_period: 1364 (HY000): Field 'playerId' doesn't have a default value
2024-10-11 10:06:25,281 - ERROR - Error executing query for netball_womens_nz_period: 1364 (HY000): Field 'playerId' doesn't have a default value
2024-10-11 10:06:25,282 - ERROR - Error executing query for netball_womens_nz_period: 1364 (HY000): Field 'playerId' doesn't have a default value
2024-10-11 10:06:25,283 - ERROR - Error executing query for netball_womens_nz_period: 1364 (HY000): Field 'playerId' doesn't have a default value
2024-10-11 10:06:25,285 - ERROR - Error executing query for netball_womens_nz_period: 1364 (HY000): Field 'playerId' doesn't have a default value
2024-10-11 10:06:25,286 - ERROR - Error executing query for netball_womens_nz_period: 1364 (HY000): Field 'playerId' doesn't have a default value
2024-10-11 10:06:25,288 - ERROR - Error executing query for netball_womens_nz_period: 1364 (HY000): Field 'playerId' doesn't have a default value
2024-10-11 10:06:25,289 - ERROR - Error executing query for netball_womens_nz_period: 1364 (HY000): Field 'playerId' doesn't have a default value
2024-10-11 10:06:25,290 - ERROR - Error executing query for netball_womens_nz_period: 1364 (HY000): Field 'playerId' doesn't have a default value
2024-10-11 10:06:25,291 - ERROR - Error executing query for netball_womens_nz_period: 1364 (HY000): Field 'playerId' doesn't have a default value
2024-10-11 10:06:25,293 - ERROR - Error executing query for netball_womens_nz_period: 1364 (HY000): Field 'playerId' doesn't have a default value
2024-10-11 10:06:25,294 - ERROR - Error executing query for netball_womens_nz_period: 1364 (HY000): Field 'playerId' doesn't have a default value
2024-10-11 10:06:25,295 - ERROR - Error executing query for netball_womens_nz_period: 1364 (HY000): Field 'playerId' doesn't have a default value
2024-10-11 10:06:25,297 - ERROR - Error executing query for netball_womens_nz_period: 1364 (HY000): Field 'playerId' doesn't have a default value
2024-10-11 10:06:25,298 - ERROR - Error executing query for netball_womens_nz_period: 1364 (HY000): Field 'playerId' doesn't have a default value
2024-10-11 10:06:25,299 - ERROR - Error executing query for netball_womens_nz_period: 1364 (HY000): Field 'playerId' doesn't have a default value
2024-10-11 10:06:25,300 - ERROR - Error executing query for netball_womens_nz_period: 1364 (HY000): Field 'playerId' doesn't have a default value
2024-10-11 10:06:25,302 - ERROR - Error executing query for netball_womens_nz_period: 1364 (HY000): Field 'playerId' doesn't have a default value
2024-10-11 10:06:25,303 - ERROR - Error executing query for netball_womens_nz_period: 1364 (HY000): Field 'playerId' doesn't have a default value
2024-10-11 10:06:25,304 - ERROR - Error executing query for netball_womens_nz_period: 1364 (HY000): Field 'playerId' doesn't have a default value
2024-10-11 10:06:25,306 - ERROR - Error executing query for netball_womens_nz_period: 1364 (HY000): Field 'playerId' doesn't have a default value
2024-10-11 10:06:25,307 - ERROR - Error executing query for netball_womens_nz_period: 1364 (HY000): Field 'playerId' doesn't have a default value
2024-10-11 10:06:25,308 - ERROR - Error executing query for netball_womens_nz_period: 1364 (HY000): Field 'playerId' doesn't have a default value
2024-10-11 10:06:25,309 - ERROR - Error executing query for netball_womens_nz_period: 1364 (HY000): Field 'playerId' doesn't have a default value
2024-10-11 10:06:25,311 - ERROR - Error executing query for netball_womens_nz_period: 1364 (HY000): Field 'playerId' doesn't have a default value
2024-10-11 10:06:25,312 - ERROR - Error executing query for netball_womens_nz_period: 1364 (HY000): Field 'playerId' doesn't have a default value
2024-10-11 10:06:25,313 - ERROR - Error executing query for netball_womens_nz_period: 1364 (HY000): Field 'playerId' doesn't have a default value
2024-10-11 10:06:25,314 - ERROR - Error executing query for netball_womens_nz_period: 1364 (HY000): Field 'playerId' doesn't have a default value
2024-10-11 10:06:25,316 - ERROR - Error executing query for netball_womens_nz_period: 1364 (HY000): Field 'playerId' doesn't have a default value
2024-10-11 10:06:25,317 - ERROR - Error executing query for netball_womens_nz_period: 1364 (HY000): Field 'playerId' doesn't have a default value
2024-10-11 10:06:25,318 - ERROR - Error executing query for netball_womens_nz_period: 1364 (HY000): Field 'playerId' doesn't have a default value
2024-10-11 10:06:25,320 - ERROR - Error executing query for netball_womens_nz_period: 1364 (HY000): Field 'playerId' doesn't have a default value
2024-10-11 10:06:25,322 - ERROR - Error executing query for netball_womens_nz_period: 1364 (HY000): Field 'playerId' doesn't have a default value
2024-10-11 10:06:25,323 - ERROR - Error executing query for netball_womens_nz_period: 1364 (HY000): Field 'playerId' doesn't have a default value
2024-10-11 10:06:25,324 - ERROR - Error executing query for netball_womens_nz_period: 1364 (HY000): Field 'playerId' doesn't have a default value
2024-10-11 10:06:25,326 - ERROR - Error executing query for netball_womens_nz_period: 1364 (HY000): Field 'playerId' doesn't have a default value
2024-10-11 10:06:25,327 - ERROR - Error executing query for netball_womens_nz_period: 1364 (HY000): Field 'playerId' doesn't have a default value
2024-10-11 10:06:25,329 - ERROR - Error executing query for netball_womens_nz_period: 1364 (HY000): Field 'playerId' doesn't have a default value
2024-10-11 10:06:25,330 - ERROR - Error executing query for netball_womens_nz_period: 1364 (HY000): Field 'playerId' doesn't have a default value
2024-10-11 10:06:25,331 - ERROR - Error executing query for netball_womens_nz_period: 1364 (HY000): Field 'playerId' doesn't have a default value
2024-10-11 10:06:25,333 - ERROR - Error executing query for netball_womens_nz_period: 1364 (HY000): Field 'playerId' doesn't have a default value
2024-10-11 10:06:25,335 - ERROR - Error executing query for netball_womens_nz_period: 1364 (HY000): Field 'playerId' doesn't have a default value
2024-10-11 10:06:25,337 - ERROR - Error executing query for netball_womens_nz_period: 1364 (HY000): Field 'playerId' doesn't have a default value
2024-10-11 10:06:25,338 - ERROR - Error executing query for netball_womens_nz_period: 1364 (HY000): Field 'playerId' doesn't have a default value
2024-10-11 10:06:25,340 - ERROR - Error executing query for netball_womens_nz_period: 1364 (HY000): Field 'playerId' doesn't have a default value
2024-10-11 10:06:25,341 - ERROR - Error executing query for netball_womens_nz_period: 1364 (HY000): Field 'playerId' doesn't have a default value
2024-10-11 10:06:25,343 - ERROR - Error executing query for netball_womens_nz_period: 1364 (HY000): Field 'playerId' doesn't have a default value
2024-10-11 10:06:25,344 - ERROR - Error executing query for netball_womens_nz_period: 1364 (HY000): Field 'playerId' doesn't have a default value
2024-10-11 10:06:25,345 - ERROR - Error executing query for netball_womens_nz_period: 1364 (HY000): Field 'playerId' doesn't have a default value
2024-10-11 10:06:25,347 - ERROR - Error executing query for netball_womens_nz_period: 1364 (HY000): Field 'playerId' doesn't have a default value
2024-10-11 10:06:25,348 - ERROR - Error executing query for netball_womens_nz_period: 1364 (HY000): Field 'playerId' doesn't have a default value
2024-10-11 10:06:25,349 - ERROR - Error executing query for netball_womens_nz_period: 1364 (HY000): Field 'playerId' doesn't have a default value
2024-10-11 10:06:25,351 - ERROR - Error executing query for netball_womens_nz_period: 1364 (HY000): Field 'playerId' doesn't have a default value
2024-10-11 10:06:25,353 - ERROR - Error executing query for netball_womens_nz_period: 1364 (HY000): Field 'playerId' doesn't have a default value
2024-10-11 10:06:25,354 - ERROR - Error executing query for netball_womens_nz_period: 1364 (HY000): Field 'playerId' doesn't have a default value
2024-10-11 10:06:25,355 - ERROR - Error executing query for netball_womens_nz_period: 1364 (HY000): Field 'playerId' doesn't have a default value
2024-10-11 10:06:25,357 - ERROR - Error executing query for netball_womens_nz_period: 1364 (HY000): Field 'playerId' doesn't have a default value
2024-10-11 10:06:25,358 - ERROR - Error executing query for netball_womens_nz_period: 1364 (HY000): Field 'playerId' doesn't have a default value
2024-10-11 10:06:25,359 - ERROR - Error executing query for netball_womens_nz_period: 1364 (HY000): Field 'playerId' doesn't have a default value
2024-10-11 10:06:25,360 - ERROR - Error executing query for netball_womens_nz_period: 1364 (HY000): Field 'playerId' doesn't have a default value
2024-10-11 10:06:25,362 - ERROR - Error executing query for netball_womens_nz_period: 1364 (HY000): Field 'playerId' doesn't have a default value
2024-10-11 10:06:25,363 - ERROR - Error executing query for netball_womens_nz_period: 1364 (HY000): Field 'playerId' doesn't have a default value
2024-10-11 10:06:25,364 - ERROR - Error executing query for netball_womens_nz_period: 1364 (HY000): Field 'playerId' doesn't have a default value
2024-10-11 10:06:25,503 - ERROR - Error executing query for netball_womens_nz_score_flow: 1364 (HY000): Field 'squadId' doesn't have a default value
2024-10-11 10:06:25,504 - ERROR - Error executing query for netball_womens_nz_score_flow: 1364 (HY000): Field 'squadId' doesn't have a default value
2024-10-11 10:06:25,505 - ERROR - Error executing query for netball_womens_nz_score_flow: 1364 (HY000): Field 'squadId' doesn't have a default value
2024-10-11 10:06:25,506 - ERROR - Error executing query for netball_womens_nz_score_flow: 1364 (HY000): Field 'squadId' doesn't have a default value
2024-10-11 10:06:25,507 - ERROR - Error executing query for netball_womens_nz_score_flow: 1364 (HY000): Field 'squadId' doesn't have a default value
2024-10-11 10:06:25,508 - ERROR - Error executing query for netball_womens_nz_score_flow: 1364 (HY000): Field 'squadId' doesn't have a default value
2024-10-11 10:06:25,509 - ERROR - Error executing query for netball_womens_nz_score_flow: 1364 (HY000): Field 'squadId' doesn't have a default value
2024-10-11 10:06:25,509 - ERROR - Error executing query for netball_womens_nz_score_flow: 1364 (HY000): Field 'squadId' doesn't have a default value
2024-10-11 10:06:25,510 - ERROR - Error executing query for netball_womens_nz_score_flow: 1364 (HY000): Field 'squadId' doesn't have a default value
2024-10-11 10:06:25,511 - ERROR - Error executing query for netball_womens_nz_score_flow: 1364 (HY000): Field 'squadId' doesn't have a default value
2024-10-11 10:06:25,513 - ERROR - Error executing query for netball_womens_nz_score_flow: 1364 (HY000): Field 'squadId' doesn't have a default value
2024-10-11 10:06:25,514 - ERROR - Error executing query for netball_womens_nz_score_flow: 1364 (HY000): Field 'squadId' doesn't have a default value
2024-10-11 10:06:25,515 - ERROR - Error executing query for netball_womens_nz_score_flow: 1364 (HY000): Field 'squadId' doesn't have a default value
2024-10-11 10:06:25,516 - ERROR - Error executing query for netball_womens_nz_score_flow: 1364 (HY000): Field 'squadId' doesn't have a default value
2024-10-11 10:06:25,516 - ERROR - Error executing query for netball_womens_nz_score_flow: 1364 (HY000): Field 'squadId' doesn't have a default value
2024-10-11 10:06:25,517 - ERROR - Error executing query for netball_womens_nz_score_flow: 1364 (HY000): Field 'squadId' doesn't have a default value
2024-10-11 10:06:25,518 - ERROR - Error executing query for netball_womens_nz_score_flow: 1364 (HY000): Field 'squadId' doesn't have a default value
2024-10-11 10:06:25,519 - ERROR - Error executing query for netball_womens_nz_score_flow: 1364 (HY000): Field 'squadId' doesn't have a default value
2024-10-11 10:06:25,520 - ERROR - Error executing query for netball_womens_nz_score_flow: 1364 (HY000): Field 'squadId' doesn't have a default value
2024-10-11 10:06:25,521 - ERROR - Error executing query for netball_womens_nz_score_flow: 1364 (HY000): Field 'squadId' doesn't have a default value
2024-10-11 10:06:25,522 - ERROR - Error executing query for netball_womens_nz_score_flow: 1364 (HY000): Field 'squadId' doesn't have a default value
2024-10-11 10:06:25,523 - ERROR - Error executing query for netball_womens_nz_score_flow: 1364 (HY000): Field 'squadId' doesn't have a default value
2024-10-11 10:06:25,524 - ERROR - Error executing query for netball_womens_nz_score_flow: 1364 (HY000): Field 'squadId' doesn't have a default value
2024-10-11 10:06:25,525 - ERROR - Error executing query for netball_womens_nz_score_flow: 1364 (HY000): Field 'squadId' doesn't have a default value
2024-10-11 10:06:25,526 - ERROR - Error executing query for netball_womens_nz_score_flow: 1364 (HY000): Field 'squadId' doesn't have a default value
2024-10-11 10:06:25,527 - ERROR - Error executing query for netball_womens_nz_score_flow: 1364 (HY000): Field 'squadId' doesn't have a default value
2024-10-11 10:06:25,528 - ERROR - Error executing query for netball_womens_nz_score_flow: 1364 (HY000): Field 'squadId' doesn't have a default value
2024-10-11 10:06:25,529 - ERROR - Error executing query for netball_womens_nz_score_flow: 1364 (HY000): Field 'squadId' doesn't have a default value
2024-10-11 10:06:25,530 - ERROR - Error executing query for netball_womens_nz_score_flow: 1364 (HY000): Field 'squadId' doesn't have a default value
2024-10-11 10:06:25,530 - ERROR - Error executing query for netball_womens_nz_score_flow: 1364 (HY000): Field 'squadId' doesn't have a default value
2024-10-11 10:06:25,531 - ERROR - Error executing query for netball_womens_nz_score_flow: 1364 (HY000): Field 'squadId' doesn't have a default value
2024-10-11 10:06:25,532 - ERROR - Error executing query for netball_womens_nz_score_flow: 1364 (HY000): Field 'squadId' doesn't have a default value
2024-10-11 10:06:25,533 - ERROR - Error executing query for netball_womens_nz_score_flow: 1364 (HY000): Field 'squadId' doesn't have a default value
2024-10-11 10:06:25,534 - ERROR - Error executing query for netball_womens_nz_score_flow: 1364 (HY000): Field 'squadId' doesn't have a default value
2024-10-11 10:06:25,535 - ERROR - Error executing query for netball_womens_nz_score_flow: 1364 (HY000): Field 'squadId' doesn't have a default value
2024-10-11 10:06:25,536 - ERROR - Error executing query for netball_womens_nz_score_flow: 1364 (HY000): Field 'squadId' doesn't have a default value
2024-10-11 10:06:25,537 - ERROR - Error executing query for netball_womens_nz_score_flow: 1364 (HY000): Field 'squadId' doesn't have a default value
2024-10-11 10:06:25,538 - ERROR - Error executing query for netball_womens_nz_score_flow: 1364 (HY000): Field 'squadId' doesn't have a default value
2024-10-11 10:06:25,539 - ERROR - Error executing query for netball_womens_nz_score_flow: 1364 (HY000): Field 'squadId' doesn't have a default value
2024-10-11 10:06:25,540 - ERROR - Error executing query for netball_womens_nz_score_flow: 1364 (HY000): Field 'squadId' doesn't have a default value
2024-10-11 10:06:25,541 - ERROR - Error executing query for netball_womens_nz_score_flow: 1364 (HY000): Field 'squadId' doesn't have a default value
2024-10-11 10:06:25,542 - ERROR - Error executing query for netball_womens_nz_score_flow: 1364 (HY000): Field 'squadId' doesn't have a default value
2024-10-11 10:06:25,543 - ERROR - Error executing query for netball_womens_nz_score_flow: 1364 (HY000): Field 'squadId' doesn't have a default value
2024-10-11 10:06:25,543 - ERROR - Error executing query for netball_womens_nz_score_flow: 1364 (HY000): Field 'squadId' doesn't have a default value
2024-10-11 10:06:25,544 - ERROR - Error executing query for netball_womens_nz_score_flow: 1364 (HY000): Field 'squadId' doesn't have a default value
2024-10-11 10:06:25,545 - ERROR - Error executing query for netball_womens_nz_score_flow: 1364 (HY000): Field 'squadId' doesn't have a default value
2024-10-11 10:06:25,546 - ERROR - Error executing query for netball_womens_nz_score_flow: 1364 (HY000): Field 'squadId' doesn't have a default value
2024-10-11 10:06:25,547 - ERROR - Error executing query for netball_womens_nz_score_flow: 1364 (HY000): Field 'squadId' doesn't have a default value
2024-10-11 10:06:25,548 - ERROR - Error executing query for netball_womens_nz_score_flow: 1364 (HY000): Field 'squadId' doesn't have a default value
2024-10-11 10:06:25,549 - ERROR - Error executing query for netball_womens_nz_score_flow: 1364 (HY000): Field 'squadId' doesn't have a default value
2024-10-11 10:06:25,550 - ERROR - Error executing query for netball_womens_nz_score_flow: 1364 (HY000): Field 'squadId' doesn't have a default value
2024-10-11 10:06:25,551 - ERROR - Error executing query for netball_womens_nz_score_flow: 1364 (HY000): Field 'squadId' doesn't have a default value
2024-10-11 10:06:25,552 - ERROR - Error executing query for netball_womens_nz_score_flow: 1364 (HY000): Field 'squadId' doesn't have a default value
2024-10-11 10:06:25,553 - ERROR - Error executing query for netball_womens_nz_score_flow: 1364 (HY000): Field 'squadId' doesn't have a default value
2024-10-11 10:06:25,554 - ERROR - Error executing query for netball_womens_nz_score_flow: 1364 (HY000): Field 'squadId' doesn't have a default value
2024-10-11 10:06:25,555 - ERROR - Error executing query for netball_womens_nz_score_flow: 1364 (HY000): Field 'squadId' doesn't have a default value
2024-10-11 10:06:25,556 - ERROR - Error executing query for netball_womens_nz_score_flow: 1364 (HY000): Field 'squadId' doesn't have a default value
2024-10-11 10:06:25,557 - ERROR - Error executing query for netball_womens_nz_score_flow: 1364 (HY000): Field 'squadId' doesn't have a default value
2024-10-11 10:06:25,558 - ERROR - Error executing query for netball_womens_nz_score_flow: 1364 (HY000): Field 'squadId' doesn't have a default value
2024-10-11 10:06:25,559 - ERROR - Error executing query for netball_womens_nz_score_flow: 1364 (HY000): Field 'squadId' doesn't have a default value
2024-10-11 10:06:25,560 - ERROR - Error executing query for netball_womens_nz_score_flow: 1364 (HY000): Field 'squadId' doesn't have a default value
2024-10-11 10:06:25,560 - ERROR - Error executing query for netball_womens_nz_score_flow: 1364 (HY000): Field 'squadId' doesn't have a default value
2024-10-11 10:06:25,561 - ERROR - Error executing query for netball_womens_nz_score_flow: 1364 (HY000): Field 'squadId' doesn't have a default value
2024-10-11 10:06:25,562 - ERROR - Error executing query for netball_womens_nz_score_flow: 1364 (HY000): Field 'squadId' doesn't have a default value
2024-10-11 10:06:25,563 - ERROR - Error executing query for netball_womens_nz_score_flow: 1364 (HY000): Field 'squadId' doesn't have a default value
2024-10-11 10:06:25,564 - ERROR - Error executing query for netball_womens_nz_score_flow: 1364 (HY000): Field 'squadId' doesn't have a default value
2024-10-11 10:06:25,565 - ERROR - Error executing query for netball_womens_nz_score_flow: 1364 (HY000): Field 'squadId' doesn't have a default value
2024-10-11 10:06:25,566 - ERROR - Error executing query for netball_womens_nz_score_flow: 1364 (HY000): Field 'squadId' doesn't have a default value
2024-10-11 10:06:25,567 - ERROR - Error executing query for netball_womens_nz_score_flow: 1364 (HY000): Field 'squadId' doesn't have a default value
2024-10-11 10:06:25,568 - ERROR - Error executing query for netball_womens_nz_score_flow: 1364 (HY000): Field 'squadId' doesn't have a default value
2024-10-11 10:06:25,569 - ERROR - Error executing query for netball_womens_nz_score_flow: 1364 (HY000): Field 'squadId' doesn't have a default value
2024-10-11 10:06:25,570 - ERROR - Error executing query for netball_womens_nz_score_flow: 1364 (HY000): Field 'squadId' doesn't have a default value
2024-10-11 10:06:25,571 - ERROR - Error executing query for netball_womens_nz_score_flow: 1364 (HY000): Field 'squadId' doesn't have a default value
2024-10-11 10:06:25,572 - ERROR - Error executing query for netball_womens_nz_score_flow: 1364 (HY000): Field 'squadId' doesn't have a default value
2024-10-11 10:06:25,573 - ERROR - Error executing query for netball_womens_nz_score_flow: 1364 (HY000): Field 'squadId' doesn't have a default value
2024-10-11 10:06:25,574 - ERROR - Error executing query for netball_womens_nz_score_flow: 1364 (HY000): Field 'squadId' doesn't have a default value
2024-10-11 10:06:25,575 - ERROR - Error executing query for netball_womens_nz_score_flow: 1364 (HY000): Field 'squadId' doesn't have a default value
2024-10-11 10:06:25,575 - ERROR - Error executing query for netball_womens_nz_score_flow: 1364 (HY000): Field 'squadId' doesn't have a default value
2024-10-11 10:06:25,576 - ERROR - Error executing query for netball_womens_nz_score_flow: 1364 (HY000): Field 'squadId' doesn't have a default value
2024-10-11 10:06:25,577 - ERROR - Error executing query for netball_womens_nz_score_flow: 1364 (HY000): Field 'squadId' doesn't have a default value
2024-10-11 10:06:25,578 - ERROR - Error executing query for netball_womens_nz_score_flow: 1364 (HY000): Field 'squadId' doesn't have a default value
2024-10-11 10:06:25,579 - ERROR - Error executing query for netball_womens_nz_score_flow: 1364 (HY000): Field 'squadId' doesn't have a default value
2024-10-11 10:06:25,580 - ERROR - Error executing query for netball_womens_nz_score_flow: 1364 (HY000): Field 'squadId' doesn't have a default value
2024-10-11 10:06:25,581 - ERROR - Error executing query for netball_womens_nz_score_flow: 1364 (HY000): Field 'squadId' doesn't have a default value
2024-10-11 10:06:25,582 - ERROR - Error executing query for netball_womens_nz_score_flow: 1364 (HY000): Field 'squadId' doesn't have a default value
2024-10-11 10:06:25,583 - ERROR - Error executing query for netball_womens_nz_score_flow: 1364 (HY000): Field 'squadId' doesn't have a default value
2024-10-11 10:06:25,584 - ERROR - Error executing query for netball_womens_nz_score_flow: 1364 (HY000): Field 'squadId' doesn't have a default value
2024-10-11 10:06:25,585 - ERROR - Error executing query for netball_womens_nz_score_flow: 1364 (HY000): Field 'squadId' doesn't have a default value
2024-10-11 10:06:25,586 - ERROR - Error executing query for netball_womens_nz_score_flow: 1364 (HY000): Field 'squadId' doesn't have a default value
2024-10-11 10:06:25,587 - ERROR - Error executing query for netball_womens_nz_score_flow: 1364 (HY000): Field 'squadId' doesn't have a default value
2024-10-11 10:06:25,588 - ERROR - Error executing query for netball_womens_nz_score_flow: 1364 (HY000): Field 'squadId' doesn't have a default value
2024-10-11 10:06:25,588 - ERROR - Error executing query for netball_womens_nz_score_flow: 1364 (HY000): Field 'squadId' doesn't have a default value
2024-10-11 10:06:25,589 - ERROR - Error executing query for netball_womens_nz_score_flow: 1364 (HY000): Field 'squadId' doesn't have a default value
2024-10-11 10:06:25,590 - ERROR - Error executing query for netball_womens_nz_score_flow: 1364 (HY000): Field 'squadId' doesn't have a default value
2024-10-11 10:06:25,591 - ERROR - Error executing query for netball_womens_nz_score_flow: 1364 (HY000): Field 'squadId' doesn't have a default value
2024-10-11 10:06:25,592 - ERROR - Error executing query for netball_womens_nz_score_flow: 1364 (HY000): Field 'squadId' doesn't have a default value
2024-10-11 10:06:25,593 - ERROR - Error executing query for netball_womens_nz_score_flow: 1364 (HY000): Field 'squadId' doesn't have a default value
2024-10-11 10:06:25,594 - ERROR - Error executing query for netball_womens_nz_score_flow: 1364 (HY000): Field 'squadId' doesn't have a default value
2024-10-11 10:06:25,595 - ERROR - Error executing query for netball_womens_nz_score_flow: 1364 (HY000): Field 'squadId' doesn't have a default value
2024-10-11 10:06:25,596 - ERROR - Error executing query for netball_womens_nz_score_flow: 1364 (HY000): Field 'squadId' doesn't have a default value
2024-10-11 10:06:25,597 - ERROR - Error executing query for netball_womens_nz_score_flow: 1364 (HY000): Field 'squadId' doesn't have a default value
2024-10-11 10:06:25,598 - ERROR - Error executing query for netball_womens_nz_score_flow: 1364 (HY000): Field 'squadId' doesn't have a default value
2024-10-11 10:06:25,599 - ERROR - Error executing query for netball_womens_nz_score_flow: 1364 (HY000): Field 'squadId' doesn't have a default value
2024-10-11 10:06:25,600 - ERROR - Error executing query for netball_womens_nz_score_flow: 1364 (HY000): Field 'squadId' doesn't have a default value
2024-10-11 10:06:25,600 - ERROR - Error executing query for netball_womens_nz_score_flow: 1364 (HY000): Field 'squadId' doesn't have a default value
2024-10-11 10:06:25,601 - ERROR - Error executing query for netball_womens_nz_score_flow: 1364 (HY000): Field 'squadId' doesn't have a default value
2024-10-11 10:06:25,603 - ERROR - Error executing query for netball_womens_nz_score_flow: 1364 (HY000): Field 'squadId' doesn't have a default value
2024-10-11 10:06:25,604 - ERROR - Error executing query for netball_womens_nz_score_flow: 1364 (HY000): Field 'squadId' doesn't have a default value
2024-10-11 10:06:25,605 - ERROR - Error executing query for netball_womens_nz_score_flow: 1364 (HY000): Field 'squadId' doesn't have a default value
2024-10-11 10:06:25,606 - ERROR - Error executing query for netball_womens_nz_score_flow: 1364 (HY000): Field 'squadId' doesn't have a default value
2024-10-11 10:06:25,608 - ERROR - Error executing query for netball_womens_nz_fixture: 1364 (HY000): Field 'fixtureId' doesn't have a default value
2024-10-11 10:06:25,609 - ERROR - Error executing query for sport_info: 1364 (HY000): Field 'sportId' doesn't have a default value
2024-10-11 10:06:25,741 - ERROR - Error executing query for player_info: 1364 (HY000): Field 'playerId' doesn't have a default value
2024-10-11 10:06:25,742 - ERROR - Error executing query for squad_info: 1364 (HY000): Field 'squadID' doesn't have a default value
2024-10-11 10:06:25,743 - ERROR - Error executing query for netball_womens_nz_match: 1364 (HY000): Field 'playerId' doesn't have a default value
2024-10-11 10:06:25,744 - ERROR - Error executing query for player_info: 1364 (HY000): Field 'playerId' doesn't have a default value
2024-10-11 10:06:25,746 - ERROR - Error executing query for squad_info: 1364 (HY000): Field 'squadID' doesn't have a default value
2024-10-11 10:06:25,747 - ERROR - Error executing query for netball_womens_nz_match: 1364 (HY000): Field 'playerId' doesn't have a default value
2024-10-11 10:06:25,749 - ERROR - Error executing query for player_info: 1364 (HY000): Field 'playerId' doesn't have a default value
2024-10-11 10:06:25,750 - ERROR - Error executing query for squad_info: 1364 (HY000): Field 'squadID' doesn't have a default value
2024-10-11 10:06:25,751 - ERROR - Error executing query for netball_womens_nz_match: 1364 (HY000): Field 'playerId' doesn't have a default value
2024-10-11 10:06:25,752 - ERROR - Error executing query for player_info: 1364 (HY000): Field 'playerId' doesn't have a default value
2024-10-11 10:06:25,753 - ERROR - Error executing query for squad_info: 1364 (HY000): Field 'squadID' doesn't have a default value
2024-10-11 10:06:25,755 - ERROR - Error executing query for netball_womens_nz_match: 1364 (HY000): Field 'playerId' doesn't have a default value
2024-10-11 10:06:25,756 - ERROR - Error executing query for player_info: 1364 (HY000): Field 'playerId' doesn't have a default value
2024-10-11 10:06:25,757 - ERROR - Error executing query for squad_info: 1364 (HY000): Field 'squadID' doesn't have a default value
2024-10-11 10:06:25,758 - ERROR - Error executing query for netball_womens_nz_match: 1364 (HY000): Field 'playerId' doesn't have a default value
2024-10-11 10:06:25,760 - ERROR - Error executing query for player_info: 1364 (HY000): Field 'playerId' doesn't have a default value
2024-10-11 10:06:25,761 - ERROR - Error executing query for squad_info: 1364 (HY000): Field 'squadID' doesn't have a default value
2024-10-11 10:06:25,763 - ERROR - Error executing query for netball_womens_nz_match: 1364 (HY000): Field 'playerId' doesn't have a default value
2024-10-11 10:06:25,764 - ERROR - Error executing query for player_info: 1364 (HY000): Field 'playerId' doesn't have a default value
2024-10-11 10:06:25,765 - ERROR - Error executing query for squad_info: 1364 (HY000): Field 'squadID' doesn't have a default value
2024-10-11 10:06:25,766 - ERROR - Error executing query for netball_womens_nz_match: 1364 (HY000): Field 'playerId' doesn't have a default value
2024-10-11 10:06:25,767 - ERROR - Error executing query for player_info: 1364 (HY000): Field 'playerId' doesn't have a default value
2024-10-11 10:06:25,768 - ERROR - Error executing query for squad_info: 1364 (HY000): Field 'squadID' doesn't have a default value
2024-10-11 10:06:25,769 - ERROR - Error executing query for netball_womens_nz_match: 1364 (HY000): Field 'playerId' doesn't have a default value
2024-10-11 10:06:25,770 - ERROR - Error executing query for player_info: 1364 (HY000): Field 'playerId' doesn't have a default value
2024-10-11 10:06:25,771 - ERROR - Error executing query for squad_info: 1364 (HY000): Field 'squadID' doesn't have a default value
2024-10-11 10:06:25,772 - ERROR - Error executing query for netball_womens_nz_match: 1364 (HY000): Field 'playerId' doesn't have a default value
2024-10-11 10:06:25,774 - ERROR - Error executing query for player_info: 1364 (HY000): Field 'playerId' doesn't have a default value
2024-10-11 10:06:25,775 - ERROR - Error executing query for squad_info: 1364 (HY000): Field 'squadID' doesn't have a default value
2024-10-11 10:06:25,777 - ERROR - Error executing query for netball_womens_nz_match: 1364 (HY000): Field 'playerId' doesn't have a default value
2024-10-11 10:06:25,778 - ERROR - Error executing query for player_info: 1364 (HY000): Field 'playerId' doesn't have a default value
2024-10-11 10:06:25,778 - ERROR - Error executing query for squad_info: 1364 (HY000): Field 'squadID' doesn't have a default value
2024-10-11 10:06:25,780 - ERROR - Error executing query for netball_womens_nz_match: 1364 (HY000): Field 'playerId' doesn't have a default value
2024-10-11 10:06:25,780 - ERROR - Error executing query for player_info: 1364 (HY000): Field 'playerId' doesn't have a default value
2024-10-11 10:06:25,781 - ERROR - Error executing query for squad_info: 1364 (HY000): Field 'squadID' doesn't have a default value
2024-10-11 10:06:25,783 - ERROR - Error executing query for netball_womens_nz_match: 1364 (HY000): Field 'playerId' doesn't have a default value
2024-10-11 10:06:25,784 - ERROR - Error executing query for player_info: 1364 (HY000): Field 'playerId' doesn't have a default value
2024-10-11 10:06:25,785 - ERROR - Error executing query for squad_info: 1364 (HY000): Field 'squadID' doesn't have a default value
2024-10-11 10:06:25,786 - ERROR - Error executing query for netball_womens_nz_match: 1364 (HY000): Field 'playerId' doesn't have a default value
2024-10-11 10:06:25,787 - ERROR - Error executing query for player_info: 1364 (HY000): Field 'playerId' doesn't have a default value
2024-10-11 10:06:25,788 - ERROR - Error executing query for squad_info: 1364 (HY000): Field 'squadID' doesn't have a default value
2024-10-11 10:06:25,789 - ERROR - Error executing query for netball_womens_nz_match: 1364 (HY000): Field 'playerId' doesn't have a default value
2024-10-11 10:06:25,790 - ERROR - Error executing query for player_info: 1364 (HY000): Field 'playerId' doesn't have a default value
2024-10-11 10:06:25,790 - ERROR - Error executing query for squad_info: 1364 (HY000): Field 'squadID' doesn't have a default value
2024-10-11 10:06:25,792 - ERROR - Error executing query for netball_womens_nz_match: 1364 (HY000): Field 'playerId' doesn't have a default value
2024-10-11 10:06:25,793 - ERROR - Error executing query for player_info: 1364 (HY000): Field 'playerId' doesn't have a default value
2024-10-11 10:06:25,794 - ERROR - Error executing query for squad_info: 1364 (HY000): Field 'squadID' doesn't have a default value
2024-10-11 10:06:25,795 - ERROR - Error executing query for netball_womens_nz_match: 1364 (HY000): Field 'playerId' doesn't have a default value
2024-10-11 10:06:25,796 - ERROR - Error executing query for player_info: 1364 (HY000): Field 'playerId' doesn't have a default value
2024-10-11 10:06:25,796 - ERROR - Error executing query for squad_info: 1364 (HY000): Field 'squadID' doesn't have a default value
2024-10-11 10:06:25,798 - ERROR - Error executing query for netball_womens_nz_match: 1364 (HY000): Field 'playerId' doesn't have a default value
2024-10-11 10:06:25,799 - ERROR - Error executing query for player_info: 1364 (HY000): Field 'playerId' doesn't have a default value
2024-10-11 10:06:25,799 - ERROR - Error executing query for squad_info: 1364 (HY000): Field 'squadID' doesn't have a default value
2024-10-11 10:06:25,801 - ERROR - Error executing query for netball_womens_nz_match: 1364 (HY000): Field 'playerId' doesn't have a default value
2024-10-11 10:06:25,802 - ERROR - Error executing query for player_info: 1364 (HY000): Field 'playerId' doesn't have a default value
2024-10-11 10:06:25,802 - ERROR - Error executing query for squad_info: 1364 (HY000): Field 'squadID' doesn't have a default value
2024-10-11 10:06:25,804 - ERROR - Error executing query for netball_womens_nz_match: 1364 (HY000): Field 'playerId' doesn't have a default value
2024-10-11 10:06:25,805 - ERROR - Error executing query for player_info: 1364 (HY000): Field 'playerId' doesn't have a default value
2024-10-11 10:06:25,805 - ERROR - Error executing query for squad_info: 1364 (HY000): Field 'squadID' doesn't have a default value
2024-10-11 10:06:25,807 - ERROR - Error executing query for netball_womens_nz_match: 1364 (HY000): Field 'playerId' doesn't have a default value
2024-10-11 10:06:25,808 - ERROR - Error executing query for player_info: 1364 (HY000): Field 'playerId' doesn't have a default value
2024-10-11 10:06:25,809 - ERROR - Error executing query for squad_info: 1364 (HY000): Field 'squadID' doesn't have a default value
2024-10-11 10:06:25,810 - ERROR - Error executing query for netball_womens_nz_match: 1364 (HY000): Field 'playerId' doesn't have a default value
2024-10-11 10:06:25,811 - ERROR - Error executing query for player_info: 1364 (HY000): Field 'playerId' doesn't have a default value
2024-10-11 10:06:25,812 - ERROR - Error executing query for squad_info: 1364 (HY000): Field 'squadID' doesn't have a default value
2024-10-11 10:06:25,813 - ERROR - Error executing query for netball_womens_nz_match: 1364 (HY000): Field 'playerId' doesn't have a default value
2024-10-11 10:06:25,814 - ERROR - Error executing query for player_info: 1364 (HY000): Field 'playerId' doesn't have a default value
2024-10-11 10:06:25,815 - ERROR - Error executing query for squad_info: 1364 (HY000): Field 'squadID' doesn't have a default value
2024-10-11 10:06:25,816 - ERROR - Error executing query for netball_womens_nz_match: 1364 (HY000): Field 'playerId' doesn't have a default value
2024-10-11 10:06:25,817 - ERROR - Error executing query for player_info: 1364 (HY000): Field 'playerId' doesn't have a default value
2024-10-11 10:06:25,818 - ERROR - Error executing query for squad_info: 1364 (HY000): Field 'squadID' doesn't have a default value
2024-10-11 10:06:25,819 - ERROR - Error executing query for netball_womens_nz_match: 1364 (HY000): Field 'playerId' doesn't have a default value
2024-10-11 10:06:25,955 - ERROR - Error executing query for netball_womens_nz_period: 1364 (HY000): Field 'playerId' doesn't have a default value
2024-10-11 10:06:25,956 - ERROR - Error executing query for netball_womens_nz_period: 1364 (HY000): Field 'playerId' doesn't have a default value
2024-10-11 10:06:25,957 - ERROR - Error executing query for netball_womens_nz_period: 1364 (HY000): Field 'playerId' doesn't have a default value
2024-10-11 10:06:25,959 - ERROR - Error executing query for netball_womens_nz_period: 1364 (HY000): Field 'playerId' doesn't have a default value
2024-10-11 10:06:25,960 - ERROR - Error executing query for netball_womens_nz_period: 1364 (HY000): Field 'playerId' doesn't have a default value
2024-10-11 10:06:25,961 - ERROR - Error executing query for netball_womens_nz_period: 1364 (HY000): Field 'playerId' doesn't have a default value
2024-10-11 10:06:25,962 - ERROR - Error executing query for netball_womens_nz_period: 1364 (HY000): Field 'playerId' doesn't have a default value
2024-10-11 10:06:25,964 - ERROR - Error executing query for netball_womens_nz_period: 1364 (HY000): Field 'playerId' doesn't have a default value
2024-10-11 10:06:25,965 - ERROR - Error executing query for netball_womens_nz_period: 1364 (HY000): Field 'playerId' doesn't have a default value
2024-10-11 10:06:25,966 - ERROR - Error executing query for netball_womens_nz_period: 1364 (HY000): Field 'playerId' doesn't have a default value
2024-10-11 10:06:25,967 - ERROR - Error executing query for netball_womens_nz_period: 1364 (HY000): Field 'playerId' doesn't have a default value
2024-10-11 10:06:25,969 - ERROR - Error executing query for netball_womens_nz_period: 1364 (HY000): Field 'playerId' doesn't have a default value
2024-10-11 10:06:25,970 - ERROR - Error executing query for netball_womens_nz_period: 1364 (HY000): Field 'playerId' doesn't have a default value
2024-10-11 10:06:25,971 - ERROR - Error executing query for netball_womens_nz_period: 1364 (HY000): Field 'playerId' doesn't have a default value
2024-10-11 10:06:25,972 - ERROR - Error executing query for netball_womens_nz_period: 1364 (HY000): Field 'playerId' doesn't have a default value
2024-10-11 10:06:25,974 - ERROR - Error executing query for netball_womens_nz_period: 1364 (HY000): Field 'playerId' doesn't have a default value
2024-10-11 10:06:25,975 - ERROR - Error executing query for netball_womens_nz_period: 1364 (HY000): Field 'playerId' doesn't have a default value
2024-10-11 10:06:25,976 - ERROR - Error executing query for netball_womens_nz_period: 1364 (HY000): Field 'playerId' doesn't have a default value
2024-10-11 10:06:25,978 - ERROR - Error executing query for netball_womens_nz_period: 1364 (HY000): Field 'playerId' doesn't have a default value
2024-10-11 10:06:25,979 - ERROR - Error executing query for netball_womens_nz_period: 1364 (HY000): Field 'playerId' doesn't have a default value
2024-10-11 10:06:25,980 - ERROR - Error executing query for netball_womens_nz_period: 1364 (HY000): Field 'playerId' doesn't have a default value
2024-10-11 10:06:25,982 - ERROR - Error executing query for netball_womens_nz_period: 1364 (HY000): Field 'playerId' doesn't have a default value
2024-10-11 10:06:25,983 - ERROR - Error executing query for netball_womens_nz_period: 1364 (HY000): Field 'playerId' doesn't have a default value
2024-10-11 10:06:25,984 - ERROR - Error executing query for netball_womens_nz_period: 1364 (HY000): Field 'playerId' doesn't have a default value
2024-10-11 10:06:25,985 - ERROR - Error executing query for netball_womens_nz_period: 1364 (HY000): Field 'playerId' doesn't have a default value
2024-10-11 10:06:25,987 - ERROR - Error executing query for netball_womens_nz_period: 1364 (HY000): Field 'playerId' doesn't have a default value
2024-10-11 10:06:25,988 - ERROR - Error executing query for netball_womens_nz_period: 1364 (HY000): Field 'playerId' doesn't have a default value
2024-10-11 10:06:25,989 - ERROR - Error executing query for netball_womens_nz_period: 1364 (HY000): Field 'playerId' doesn't have a default value
2024-10-11 10:06:25,990 - ERROR - Error executing query for netball_womens_nz_period: 1364 (HY000): Field 'playerId' doesn't have a default value
2024-10-11 10:06:25,992 - ERROR - Error executing query for netball_womens_nz_period: 1364 (HY000): Field 'playerId' doesn't have a default value
2024-10-11 10:06:25,993 - ERROR - Error executing query for netball_womens_nz_period: 1364 (HY000): Field 'playerId' doesn't have a default value
2024-10-11 10:06:25,994 - ERROR - Error executing query for netball_womens_nz_period: 1364 (HY000): Field 'playerId' doesn't have a default value
2024-10-11 10:06:25,996 - ERROR - Error executing query for netball_womens_nz_period: 1364 (HY000): Field 'playerId' doesn't have a default value
2024-10-11 10:06:25,997 - ERROR - Error executing query for netball_womens_nz_period: 1364 (HY000): Field 'playerId' doesn't have a default value
2024-10-11 10:06:25,998 - ERROR - Error executing query for netball_womens_nz_period: 1364 (HY000): Field 'playerId' doesn't have a default value
2024-10-11 10:06:25,999 - ERROR - Error executing query for netball_womens_nz_period: 1364 (HY000): Field 'playerId' doesn't have a default value
2024-10-11 10:06:26,000 - ERROR - Error executing query for netball_womens_nz_period: 1364 (HY000): Field 'playerId' doesn't have a default value
2024-10-11 10:06:26,002 - ERROR - Error executing query for netball_womens_nz_period: 1364 (HY000): Field 'playerId' doesn't have a default value
2024-10-11 10:06:26,003 - ERROR - Error executing query for netball_womens_nz_period: 1364 (HY000): Field 'playerId' doesn't have a default value
2024-10-11 10:06:26,004 - ERROR - Error executing query for netball_womens_nz_period: 1364 (HY000): Field 'playerId' doesn't have a default value
2024-10-11 10:06:26,005 - ERROR - Error executing query for netball_womens_nz_period: 1364 (HY000): Field 'playerId' doesn't have a default value
2024-10-11 10:06:26,007 - ERROR - Error executing query for netball_womens_nz_period: 1364 (HY000): Field 'playerId' doesn't have a default value
2024-10-11 10:06:26,008 - ERROR - Error executing query for netball_womens_nz_period: 1364 (HY000): Field 'playerId' doesn't have a default value
2024-10-11 10:06:26,009 - ERROR - Error executing query for netball_womens_nz_period: 1364 (HY000): Field 'playerId' doesn't have a default value
2024-10-11 10:06:26,011 - ERROR - Error executing query for netball_womens_nz_period: 1364 (HY000): Field 'playerId' doesn't have a default value
2024-10-11 10:06:26,012 - ERROR - Error executing query for netball_womens_nz_period: 1364 (HY000): Field 'playerId' doesn't have a default value
2024-10-11 10:06:26,013 - ERROR - Error executing query for netball_womens_nz_period: 1364 (HY000): Field 'playerId' doesn't have a default value
2024-10-11 10:06:26,014 - ERROR - Error executing query for netball_womens_nz_period: 1364 (HY000): Field 'playerId' doesn't have a default value
2024-10-11 10:06:26,016 - ERROR - Error executing query for netball_womens_nz_period: 1364 (HY000): Field 'playerId' doesn't have a default value
2024-10-11 10:06:26,017 - ERROR - Error executing query for netball_womens_nz_period: 1364 (HY000): Field 'playerId' doesn't have a default value
2024-10-11 10:06:26,018 - ERROR - Error executing query for netball_womens_nz_period: 1364 (HY000): Field 'playerId' doesn't have a default value
2024-10-11 10:06:26,020 - ERROR - Error executing query for netball_womens_nz_period: 1364 (HY000): Field 'playerId' doesn't have a default value
2024-10-11 10:06:26,021 - ERROR - Error executing query for netball_womens_nz_period: 1364 (HY000): Field 'playerId' doesn't have a default value
2024-10-11 10:06:26,022 - ERROR - Error executing query for netball_womens_nz_period: 1364 (HY000): Field 'playerId' doesn't have a default value
2024-10-11 10:06:26,023 - ERROR - Error executing query for netball_womens_nz_period: 1364 (HY000): Field 'playerId' doesn't have a default value
2024-10-11 10:06:26,025 - ERROR - Error executing query for netball_womens_nz_period: 1364 (HY000): Field 'playerId' doesn't have a default value
2024-10-11 10:06:26,026 - ERROR - Error executing query for netball_womens_nz_period: 1364 (HY000): Field 'playerId' doesn't have a default value
2024-10-11 10:06:26,027 - ERROR - Error executing query for netball_womens_nz_period: 1364 (HY000): Field 'playerId' doesn't have a default value
2024-10-11 10:06:26,028 - ERROR - Error executing query for netball_womens_nz_period: 1364 (HY000): Field 'playerId' doesn't have a default value
2024-10-11 10:06:26,030 - ERROR - Error executing query for netball_womens_nz_period: 1364 (HY000): Field 'playerId' doesn't have a default value
2024-10-11 10:06:26,032 - ERROR - Error executing query for netball_womens_nz_period: 1364 (HY000): Field 'playerId' doesn't have a default value
2024-10-11 10:06:26,033 - ERROR - Error executing query for netball_womens_nz_period: 1364 (HY000): Field 'playerId' doesn't have a default value
2024-10-11 10:06:26,034 - ERROR - Error executing query for netball_womens_nz_period: 1364 (HY000): Field 'playerId' doesn't have a default value
2024-10-11 10:06:26,036 - ERROR - Error executing query for netball_womens_nz_period: 1364 (HY000): Field 'playerId' doesn't have a default value
2024-10-11 10:06:26,038 - ERROR - Error executing query for netball_womens_nz_period: 1364 (HY000): Field 'playerId' doesn't have a default value
2024-10-11 10:06:26,039 - ERROR - Error executing query for netball_womens_nz_period: 1364 (HY000): Field 'playerId' doesn't have a default value
2024-10-11 10:06:26,041 - ERROR - Error executing query for netball_womens_nz_period: 1364 (HY000): Field 'playerId' doesn't have a default value
2024-10-11 10:06:26,042 - ERROR - Error executing query for netball_womens_nz_period: 1364 (HY000): Field 'playerId' doesn't have a default value
2024-10-11 10:06:26,044 - ERROR - Error executing query for netball_womens_nz_period: 1364 (HY000): Field 'playerId' doesn't have a default value
2024-10-11 10:06:26,045 - ERROR - Error executing query for netball_womens_nz_period: 1364 (HY000): Field 'playerId' doesn't have a default value
2024-10-11 10:06:26,047 - ERROR - Error executing query for netball_womens_nz_period: 1364 (HY000): Field 'playerId' doesn't have a default value
2024-10-11 10:06:26,048 - ERROR - Error executing query for netball_womens_nz_period: 1364 (HY000): Field 'playerId' doesn't have a default value
2024-10-11 10:06:26,049 - ERROR - Error executing query for netball_womens_nz_period: 1364 (HY000): Field 'playerId' doesn't have a default value
2024-10-11 10:06:26,051 - ERROR - Error executing query for netball_womens_nz_period: 1364 (HY000): Field 'playerId' doesn't have a default value
2024-10-11 10:06:26,052 - ERROR - Error executing query for netball_womens_nz_period: 1364 (HY000): Field 'playerId' doesn't have a default value
2024-10-11 10:06:26,053 - ERROR - Error executing query for netball_womens_nz_period: 1364 (HY000): Field 'playerId' doesn't have a default value
2024-10-11 10:06:26,055 - ERROR - Error executing query for netball_womens_nz_period: 1364 (HY000): Field 'playerId' doesn't have a default value
2024-10-11 10:06:26,056 - ERROR - Error executing query for netball_womens_nz_period: 1364 (HY000): Field 'playerId' doesn't have a default value
2024-10-11 10:06:26,057 - ERROR - Error executing query for netball_womens_nz_period: 1364 (HY000): Field 'playerId' doesn't have a default value
2024-10-11 10:06:26,058 - ERROR - Error executing query for netball_womens_nz_period: 1364 (HY000): Field 'playerId' doesn't have a default value
2024-10-11 10:06:26,060 - ERROR - Error executing query for netball_womens_nz_period: 1364 (HY000): Field 'playerId' doesn't have a default value
2024-10-11 10:06:26,061 - ERROR - Error executing query for netball_womens_nz_period: 1364 (HY000): Field 'playerId' doesn't have a default value
2024-10-11 10:06:26,063 - ERROR - Error executing query for netball_womens_nz_period: 1364 (HY000): Field 'playerId' doesn't have a default value
2024-10-11 10:06:26,064 - ERROR - Error executing query for netball_womens_nz_period: 1364 (HY000): Field 'playerId' doesn't have a default value
2024-10-11 10:06:26,065 - ERROR - Error executing query for netball_womens_nz_period: 1364 (HY000): Field 'playerId' doesn't have a default value
2024-10-11 10:06:26,067 - ERROR - Error executing query for netball_womens_nz_period: 1364 (HY000): Field 'playerId' doesn't have a default value
2024-10-11 10:06:26,068 - ERROR - Error executing query for netball_womens_nz_period: 1364 (HY000): Field 'playerId' doesn't have a default value
2024-10-11 10:06:26,069 - ERROR - Error executing query for netball_womens_nz_period: 1364 (HY000): Field 'playerId' doesn't have a default value
2024-10-11 10:06:26,070 - ERROR - Error executing query for netball_womens_nz_period: 1364 (HY000): Field 'playerId' doesn't have a default value
2024-10-11 10:06:26,072 - ERROR - Error executing query for netball_womens_nz_period: 1364 (HY000): Field 'playerId' doesn't have a default value
2024-10-11 10:06:26,073 - ERROR - Error executing query for netball_womens_nz_period: 1364 (HY000): Field 'playerId' doesn't have a default value
2024-10-11 10:06:26,074 - ERROR - Error executing query for netball_womens_nz_period: 1364 (HY000): Field 'playerId' doesn't have a default value
2024-10-11 10:06:26,075 - ERROR - Error executing query for netball_womens_nz_period: 1364 (HY000): Field 'playerId' doesn't have a default value
2024-10-11 10:06:26,077 - ERROR - Error executing query for netball_womens_nz_period: 1364 (HY000): Field 'playerId' doesn't have a default value
2024-10-11 10:06:26,078 - ERROR - Error executing query for netball_womens_nz_period: 1364 (HY000): Field 'playerId' doesn't have a default value
2024-10-11 10:06:26,079 - ERROR - Error executing query for netball_womens_nz_period: 1364 (HY000): Field 'playerId' doesn't have a default value
2024-10-11 10:06:26,213 - ERROR - Error executing query for netball_womens_nz_score_flow: 1364 (HY000): Field 'squadId' doesn't have a default value
2024-10-11 10:06:26,214 - ERROR - Error executing query for netball_womens_nz_score_flow: 1364 (HY000): Field 'squadId' doesn't have a default value
2024-10-11 10:06:26,215 - ERROR - Error executing query for netball_womens_nz_score_flow: 1364 (HY000): Field 'squadId' doesn't have a default value
2024-10-11 10:06:26,216 - ERROR - Error executing query for netball_womens_nz_score_flow: 1364 (HY000): Field 'squadId' doesn't have a default value
2024-10-11 10:06:26,217 - ERROR - Error executing query for netball_womens_nz_score_flow: 1364 (HY000): Field 'squadId' doesn't have a default value
2024-10-11 10:06:26,218 - ERROR - Error executing query for netball_womens_nz_score_flow: 1364 (HY000): Field 'squadId' doesn't have a default value
2024-10-11 10:06:26,219 - ERROR - Error executing query for netball_womens_nz_score_flow: 1364 (HY000): Field 'squadId' doesn't have a default value
2024-10-11 10:06:26,219 - ERROR - Error executing query for netball_womens_nz_score_flow: 1364 (HY000): Field 'squadId' doesn't have a default value
2024-10-11 10:06:26,220 - ERROR - Error executing query for netball_womens_nz_score_flow: 1364 (HY000): Field 'squadId' doesn't have a default value
2024-10-11 10:06:26,221 - ERROR - Error executing query for netball_womens_nz_score_flow: 1364 (HY000): Field 'squadId' doesn't have a default value
2024-10-11 10:06:26,222 - ERROR - Error executing query for netball_womens_nz_score_flow: 1364 (HY000): Field 'squadId' doesn't have a default value
2024-10-11 10:06:26,223 - ERROR - Error executing query for netball_womens_nz_score_flow: 1364 (HY000): Field 'squadId' doesn't have a default value
2024-10-11 10:06:26,224 - ERROR - Error executing query for netball_womens_nz_score_flow: 1364 (HY000): Field 'squadId' doesn't have a default value
2024-10-11 10:06:26,225 - ERROR - Error executing query for netball_womens_nz_score_flow: 1364 (HY000): Field 'squadId' doesn't have a default value
2024-10-11 10:06:26,226 - ERROR - Error executing query for netball_womens_nz_score_flow: 1364 (HY000): Field 'squadId' doesn't have a default value
2024-10-11 10:06:26,227 - ERROR - Error executing query for netball_womens_nz_score_flow: 1364 (HY000): Field 'squadId' doesn't have a default value
2024-10-11 10:06:26,228 - ERROR - Error executing query for netball_womens_nz_score_flow: 1364 (HY000): Field 'squadId' doesn't have a default value
2024-10-11 10:06:26,229 - ERROR - Error executing query for netball_womens_nz_score_flow: 1364 (HY000): Field 'squadId' doesn't have a default value
2024-10-11 10:06:26,230 - ERROR - Error executing query for netball_womens_nz_score_flow: 1364 (HY000): Field 'squadId' doesn't have a default value
2024-10-11 10:06:26,230 - ERROR - Error executing query for netball_womens_nz_score_flow: 1364 (HY000): Field 'squadId' doesn't have a default value
2024-10-11 10:06:26,231 - ERROR - Error executing query for netball_womens_nz_score_flow: 1364 (HY000): Field 'squadId' doesn't have a default value
2024-10-11 10:06:26,232 - ERROR - Error executing query for netball_womens_nz_score_flow: 1364 (HY000): Field 'squadId' doesn't have a default value
2024-10-11 10:06:26,233 - ERROR - Error executing query for netball_womens_nz_score_flow: 1364 (HY000): Field 'squadId' doesn't have a default value
2024-10-11 10:06:26,234 - ERROR - Error executing query for netball_womens_nz_score_flow: 1364 (HY000): Field 'squadId' doesn't have a default value
2024-10-11 10:06:26,235 - ERROR - Error executing query for netball_womens_nz_score_flow: 1364 (HY000): Field 'squadId' doesn't have a default value
2024-10-11 10:06:26,236 - ERROR - Error executing query for netball_womens_nz_score_flow: 1364 (HY000): Field 'squadId' doesn't have a default value
2024-10-11 10:06:26,237 - ERROR - Error executing query for netball_womens_nz_score_flow: 1364 (HY000): Field 'squadId' doesn't have a default value
2024-10-11 10:06:26,238 - ERROR - Error executing query for netball_womens_nz_score_flow: 1364 (HY000): Field 'squadId' doesn't have a default value
2024-10-11 10:06:26,239 - ERROR - Error executing query for netball_womens_nz_score_flow: 1364 (HY000): Field 'squadId' doesn't have a default value
2024-10-11 10:06:26,240 - ERROR - Error executing query for netball_womens_nz_score_flow: 1364 (HY000): Field 'squadId' doesn't have a default value
2024-10-11 10:06:26,240 - ERROR - Error executing query for netball_womens_nz_score_flow: 1364 (HY000): Field 'squadId' doesn't have a default value
2024-10-11 10:06:26,241 - ERROR - Error executing query for netball_womens_nz_score_flow: 1364 (HY000): Field 'squadId' doesn't have a default value
2024-10-11 10:06:26,242 - ERROR - Error executing query for netball_womens_nz_score_flow: 1364 (HY000): Field 'squadId' doesn't have a default value
2024-10-11 10:06:26,243 - ERROR - Error executing query for netball_womens_nz_score_flow: 1364 (HY000): Field 'squadId' doesn't have a default value
2024-10-11 10:06:26,244 - ERROR - Error executing query for netball_womens_nz_score_flow: 1364 (HY000): Field 'squadId' doesn't have a default value
2024-10-11 10:06:26,245 - ERROR - Error executing query for netball_womens_nz_score_flow: 1364 (HY000): Field 'squadId' doesn't have a default value
2024-10-11 10:06:26,246 - ERROR - Error executing query for netball_womens_nz_score_flow: 1364 (HY000): Field 'squadId' doesn't have a default value
2024-10-11 10:06:26,247 - ERROR - Error executing query for netball_womens_nz_score_flow: 1364 (HY000): Field 'squadId' doesn't have a default value
2024-10-11 10:06:26,248 - ERROR - Error executing query for netball_womens_nz_score_flow: 1364 (HY000): Field 'squadId' doesn't have a default value
2024-10-11 10:06:26,249 - ERROR - Error executing query for netball_womens_nz_score_flow: 1364 (HY000): Field 'squadId' doesn't have a default value
2024-10-11 10:06:26,250 - ERROR - Error executing query for netball_womens_nz_score_flow: 1364 (HY000): Field 'squadId' doesn't have a default value
2024-10-11 10:06:26,251 - ERROR - Error executing query for netball_womens_nz_score_flow: 1364 (HY000): Field 'squadId' doesn't have a default value
2024-10-11 10:06:26,252 - ERROR - Error executing query for netball_womens_nz_score_flow: 1364 (HY000): Field 'squadId' doesn't have a default value
2024-10-11 10:06:26,253 - ERROR - Error executing query for netball_womens_nz_score_flow: 1364 (HY000): Field 'squadId' doesn't have a default value
2024-10-11 10:06:26,254 - ERROR - Error executing query for netball_womens_nz_score_flow: 1364 (HY000): Field 'squadId' doesn't have a default value
2024-10-11 10:06:26,255 - ERROR - Error executing query for netball_womens_nz_score_flow: 1364 (HY000): Field 'squadId' doesn't have a default value
2024-10-11 10:06:26,256 - ERROR - Error executing query for netball_womens_nz_score_flow: 1364 (HY000): Field 'squadId' doesn't have a default value
2024-10-11 10:06:26,257 - ERROR - Error executing query for netball_womens_nz_score_flow: 1364 (HY000): Field 'squadId' doesn't have a default value
2024-10-11 10:06:26,258 - ERROR - Error executing query for netball_womens_nz_score_flow: 1364 (HY000): Field 'squadId' doesn't have a default value
2024-10-11 10:06:26,259 - ERROR - Error executing query for netball_womens_nz_score_flow: 1364 (HY000): Field 'squadId' doesn't have a default value
2024-10-11 10:06:26,259 - ERROR - Error executing query for netball_womens_nz_score_flow: 1364 (HY000): Field 'squadId' doesn't have a default value
2024-10-11 10:06:26,260 - ERROR - Error executing query for netball_womens_nz_score_flow: 1364 (HY000): Field 'squadId' doesn't have a default value
2024-10-11 10:06:26,261 - ERROR - Error executing query for netball_womens_nz_score_flow: 1364 (HY000): Field 'squadId' doesn't have a default value
2024-10-11 10:06:26,262 - ERROR - Error executing query for netball_womens_nz_score_flow: 1364 (HY000): Field 'squadId' doesn't have a default value
2024-10-11 10:06:26,263 - ERROR - Error executing query for netball_womens_nz_score_flow: 1364 (HY000): Field 'squadId' doesn't have a default value
2024-10-11 10:06:26,264 - ERROR - Error executing query for netball_womens_nz_score_flow: 1364 (HY000): Field 'squadId' doesn't have a default value
2024-10-11 10:06:26,265 - ERROR - Error executing query for netball_womens_nz_score_flow: 1364 (HY000): Field 'squadId' doesn't have a default value
2024-10-11 10:06:26,266 - ERROR - Error executing query for netball_womens_nz_score_flow: 1364 (HY000): Field 'squadId' doesn't have a default value
2024-10-11 10:06:26,267 - ERROR - Error executing query for netball_womens_nz_score_flow: 1364 (HY000): Field 'squadId' doesn't have a default value
2024-10-11 10:06:26,268 - ERROR - Error executing query for netball_womens_nz_score_flow: 1364 (HY000): Field 'squadId' doesn't have a default value
2024-10-11 10:06:26,269 - ERROR - Error executing query for netball_womens_nz_score_flow: 1364 (HY000): Field 'squadId' doesn't have a default value
2024-10-11 10:06:26,270 - ERROR - Error executing query for netball_womens_nz_score_flow: 1364 (HY000): Field 'squadId' doesn't have a default value
2024-10-11 10:06:26,271 - ERROR - Error executing query for netball_womens_nz_score_flow: 1364 (HY000): Field 'squadId' doesn't have a default value
2024-10-11 10:06:26,272 - ERROR - Error executing query for netball_womens_nz_score_flow: 1364 (HY000): Field 'squadId' doesn't have a default value
2024-10-11 10:06:26,273 - ERROR - Error executing query for netball_womens_nz_score_flow: 1364 (HY000): Field 'squadId' doesn't have a default value
2024-10-11 10:06:26,273 - ERROR - Error executing query for netball_womens_nz_score_flow: 1364 (HY000): Field 'squadId' doesn't have a default value
2024-10-11 10:06:26,274 - ERROR - Error executing query for netball_womens_nz_score_flow: 1364 (HY000): Field 'squadId' doesn't have a default value
2024-10-11 10:06:26,275 - ERROR - Error executing query for netball_womens_nz_score_flow: 1364 (HY000): Field 'squadId' doesn't have a default value
2024-10-11 10:06:26,276 - ERROR - Error executing query for netball_womens_nz_score_flow: 1364 (HY000): Field 'squadId' doesn't have a default value
2024-10-11 10:06:26,277 - ERROR - Error executing query for netball_womens_nz_score_flow: 1364 (HY000): Field 'squadId' doesn't have a default value
2024-10-11 10:06:26,278 - ERROR - Error executing query for netball_womens_nz_score_flow: 1364 (HY000): Field 'squadId' doesn't have a default value
2024-10-11 10:06:26,279 - ERROR - Error executing query for netball_womens_nz_score_flow: 1364 (HY000): Field 'squadId' doesn't have a default value
2024-10-11 10:06:26,280 - ERROR - Error executing query for netball_womens_nz_score_flow: 1364 (HY000): Field 'squadId' doesn't have a default value
2024-10-11 10:06:26,281 - ERROR - Error executing query for netball_womens_nz_score_flow: 1364 (HY000): Field 'squadId' doesn't have a default value
2024-10-11 10:06:26,282 - ERROR - Error executing query for netball_womens_nz_score_flow: 1364 (HY000): Field 'squadId' doesn't have a default value
2024-10-11 10:06:26,283 - ERROR - Error executing query for netball_womens_nz_score_flow: 1364 (HY000): Field 'squadId' doesn't have a default value
2024-10-11 10:06:26,284 - ERROR - Error executing query for netball_womens_nz_score_flow: 1364 (HY000): Field 'squadId' doesn't have a default value
2024-10-11 10:06:26,285 - ERROR - Error executing query for netball_womens_nz_score_flow: 1364 (HY000): Field 'squadId' doesn't have a default value
2024-10-11 10:06:26,286 - ERROR - Error executing query for netball_womens_nz_score_flow: 1364 (HY000): Field 'squadId' doesn't have a default value
2024-10-11 10:06:26,287 - ERROR - Error executing query for netball_womens_nz_score_flow: 1364 (HY000): Field 'squadId' doesn't have a default value
2024-10-11 10:06:26,287 - ERROR - Error executing query for netball_womens_nz_score_flow: 1364 (HY000): Field 'squadId' doesn't have a default value
2024-10-11 10:06:26,288 - ERROR - Error executing query for netball_womens_nz_score_flow: 1364 (HY000): Field 'squadId' doesn't have a default value
2024-10-11 10:06:26,289 - ERROR - Error executing query for netball_womens_nz_score_flow: 1364 (HY000): Field 'squadId' doesn't have a default value
2024-10-11 10:06:26,290 - ERROR - Error executing query for netball_womens_nz_score_flow: 1364 (HY000): Field 'squadId' doesn't have a default value
2024-10-11 10:06:26,291 - ERROR - Error executing query for netball_womens_nz_score_flow: 1364 (HY000): Field 'squadId' doesn't have a default value
2024-10-11 10:06:26,292 - ERROR - Error executing query for netball_womens_nz_score_flow: 1364 (HY000): Field 'squadId' doesn't have a default value
2024-10-11 10:06:26,293 - ERROR - Error executing query for netball_womens_nz_score_flow: 1364 (HY000): Field 'squadId' doesn't have a default value
2024-10-11 10:06:26,294 - ERROR - Error executing query for netball_womens_nz_score_flow: 1364 (HY000): Field 'squadId' doesn't have a default value
2024-10-11 10:06:26,295 - ERROR - Error executing query for netball_womens_nz_score_flow: 1364 (HY000): Field 'squadId' doesn't have a default value
2024-10-11 10:06:26,296 - ERROR - Error executing query for netball_womens_nz_score_flow: 1364 (HY000): Field 'squadId' doesn't have a default value
2024-10-11 10:06:26,297 - ERROR - Error executing query for netball_womens_nz_score_flow: 1364 (HY000): Field 'squadId' doesn't have a default value
2024-10-11 10:06:26,297 - ERROR - Error executing query for netball_womens_nz_score_flow: 1364 (HY000): Field 'squadId' doesn't have a default value
2024-10-11 10:06:26,298 - ERROR - Error executing query for netball_womens_nz_score_flow: 1364 (HY000): Field 'squadId' doesn't have a default value
2024-10-11 10:06:26,299 - ERROR - Error executing query for netball_womens_nz_score_flow: 1364 (HY000): Field 'squadId' doesn't have a default value
2024-10-11 10:06:26,300 - ERROR - Error executing query for netball_womens_nz_score_flow: 1364 (HY000): Field 'squadId' doesn't have a default value
2024-10-11 10:06:26,301 - ERROR - Error executing query for netball_womens_nz_score_flow: 1364 (HY000): Field 'squadId' doesn't have a default value
2024-10-11 10:06:26,302 - ERROR - Error executing query for netball_womens_nz_score_flow: 1364 (HY000): Field 'squadId' doesn't have a default value
2024-10-11 10:06:26,303 - ERROR - Error executing query for netball_womens_nz_score_flow: 1364 (HY000): Field 'squadId' doesn't have a default value
2024-10-11 10:06:26,304 - ERROR - Error executing query for netball_womens_nz_score_flow: 1364 (HY000): Field 'squadId' doesn't have a default value
2024-10-11 10:06:26,305 - ERROR - Error executing query for netball_womens_nz_score_flow: 1364 (HY000): Field 'squadId' doesn't have a default value
2024-10-11 10:06:26,306 - ERROR - Error executing query for netball_womens_nz_score_flow: 1364 (HY000): Field 'squadId' doesn't have a default value
2024-10-11 10:06:26,307 - ERROR - Error executing query for netball_womens_nz_score_flow: 1364 (HY000): Field 'squadId' doesn't have a default value
2024-10-11 10:06:26,308 - ERROR - Error executing query for netball_womens_nz_score_flow: 1364 (HY000): Field 'squadId' doesn't have a default value
2024-10-11 10:06:26,308 - ERROR - Error executing query for netball_womens_nz_score_flow: 1364 (HY000): Field 'squadId' doesn't have a default value
2024-10-11 10:06:26,309 - ERROR - Error executing query for netball_womens_nz_score_flow: 1364 (HY000): Field 'squadId' doesn't have a default value
2024-10-11 10:06:26,310 - ERROR - Error executing query for netball_womens_nz_score_flow: 1364 (HY000): Field 'squadId' doesn't have a default value
2024-10-11 10:06:26,311 - ERROR - Error executing query for netball_womens_nz_score_flow: 1364 (HY000): Field 'squadId' doesn't have a default value
2024-10-11 10:06:26,312 - ERROR - Error executing query for netball_womens_nz_score_flow: 1364 (HY000): Field 'squadId' doesn't have a default value
2024-10-11 10:06:26,313 - ERROR - Error executing query for netball_womens_nz_score_flow: 1364 (HY000): Field 'squadId' doesn't have a default value
2024-10-11 10:06:26,314 - ERROR - Error executing query for netball_womens_nz_score_flow: 1364 (HY000): Field 'squadId' doesn't have a default value
2024-10-11 10:06:26,315 - ERROR - Error executing query for netball_womens_nz_score_flow: 1364 (HY000): Field 'squadId' doesn't have a default value
2024-10-11 10:06:26,317 - ERROR - Error executing query for netball_womens_nz_score_flow: 1364 (HY000): Field 'squadId' doesn't have a default value
2024-10-11 10:06:26,318 - ERROR - Error executing query for netball_womens_nz_score_flow: 1364 (HY000): Field 'squadId' doesn't have a default value
2024-10-11 10:06:26,318 - ERROR - Error executing query for netball_womens_nz_score_flow: 1364 (HY000): Field 'squadId' doesn't have a default value
2024-10-11 10:06:26,319 - ERROR - Error executing query for netball_womens_nz_score_flow: 1364 (HY000): Field 'squadId' doesn't have a default value
2024-10-11 10:06:26,320 - ERROR - Error executing query for netball_womens_nz_score_flow: 1364 (HY000): Field 'squadId' doesn't have a default value
2024-10-11 10:06:26,321 - ERROR - Error executing query for netball_womens_nz_score_flow: 1364 (HY000): Field 'squadId' doesn't have a default value
2024-10-11 10:06:26,322 - ERROR - Error executing query for netball_womens_nz_score_flow: 1364 (HY000): Field 'squadId' doesn't have a default value
2024-10-11 10:06:26,323 - ERROR - Error executing query for netball_womens_nz_score_flow: 1364 (HY000): Field 'squadId' doesn't have a default value
2024-10-11 10:06:26,324 - ERROR - Error executing query for netball_womens_nz_score_flow: 1364 (HY000): Field 'squadId' doesn't have a default value
2024-10-11 10:06:26,325 - ERROR - Error executing query for netball_womens_nz_score_flow: 1364 (HY000): Field 'squadId' doesn't have a default value
2024-10-11 10:06:26,327 - ERROR - Error executing query for netball_womens_nz_score_flow: 1364 (HY000): Field 'squadId' doesn't have a default value
2024-10-11 10:06:26,328 - ERROR - Error executing query for netball_womens_nz_fixture: 1364 (HY000): Field 'fixtureId' doesn't have a default value
2024-10-11 10:06:26,329 - ERROR - Error executing query for sport_info: 1364 (HY000): Field 'sportId' doesn't have a default value
2024-10-11 10:06:26,462 - ERROR - Error executing query for player_info: 1364 (HY000): Field 'playerId' doesn't have a default value
2024-10-11 10:06:26,463 - ERROR - Error executing query for squad_info: 1364 (HY000): Field 'squadID' doesn't have a default value
2024-10-11 10:06:26,464 - ERROR - Error executing query for netball_womens_nz_match: 1364 (HY000): Field 'playerId' doesn't have a default value
2024-10-11 10:06:26,466 - ERROR - Error executing query for player_info: 1364 (HY000): Field 'playerId' doesn't have a default value
2024-10-11 10:06:26,467 - ERROR - Error executing query for squad_info: 1364 (HY000): Field 'squadID' doesn't have a default value
2024-10-11 10:06:26,468 - ERROR - Error executing query for netball_womens_nz_match: 1364 (HY000): Field 'playerId' doesn't have a default value
2024-10-11 10:06:26,469 - ERROR - Error executing query for player_info: 1364 (HY000): Field 'playerId' doesn't have a default value
2024-10-11 10:06:26,470 - ERROR - Error executing query for squad_info: 1364 (HY000): Field 'squadID' doesn't have a default value
2024-10-11 10:06:26,472 - ERROR - Error executing query for netball_womens_nz_match: 1364 (HY000): Field 'playerId' doesn't have a default value
2024-10-11 10:06:26,473 - ERROR - Error executing query for player_info: 1364 (HY000): Field 'playerId' doesn't have a default value
2024-10-11 10:06:26,474 - ERROR - Error executing query for squad_info: 1364 (HY000): Field 'squadID' doesn't have a default value
2024-10-11 10:06:26,475 - ERROR - Error executing query for netball_womens_nz_match: 1364 (HY000): Field 'playerId' doesn't have a default value
2024-10-11 10:06:26,476 - ERROR - Error executing query for player_info: 1364 (HY000): Field 'playerId' doesn't have a default value
2024-10-11 10:06:26,477 - ERROR - Error executing query for squad_info: 1364 (HY000): Field 'squadID' doesn't have a default value
2024-10-11 10:06:26,479 - ERROR - Error executing query for netball_womens_nz_match: 1364 (HY000): Field 'playerId' doesn't have a default value
2024-10-11 10:06:26,480 - ERROR - Error executing query for player_info: 1364 (HY000): Field 'playerId' doesn't have a default value
2024-10-11 10:06:26,481 - ERROR - Error executing query for squad_info: 1364 (HY000): Field 'squadID' doesn't have a default value
2024-10-11 10:06:26,482 - ERROR - Error executing query for netball_womens_nz_match: 1364 (HY000): Field 'playerId' doesn't have a default value
2024-10-11 10:06:26,483 - ERROR - Error executing query for player_info: 1364 (HY000): Field 'playerId' doesn't have a default value
2024-10-11 10:06:26,484 - ERROR - Error executing query for squad_info: 1364 (HY000): Field 'squadID' doesn't have a default value
2024-10-11 10:06:26,486 - ERROR - Error executing query for netball_womens_nz_match: 1364 (HY000): Field 'playerId' doesn't have a default value
2024-10-11 10:06:26,487 - ERROR - Error executing query for player_info: 1364 (HY000): Field 'playerId' doesn't have a default value
2024-10-11 10:06:26,488 - ERROR - Error executing query for squad_info: 1364 (HY000): Field 'squadID' doesn't have a default value
2024-10-11 10:06:26,489 - ERROR - Error executing query for netball_womens_nz_match: 1364 (HY000): Field 'playerId' doesn't have a default value
2024-10-11 10:06:26,490 - ERROR - Error executing query for player_info: 1364 (HY000): Field 'playerId' doesn't have a default value
2024-10-11 10:06:26,491 - ERROR - Error executing query for squad_info: 1364 (HY000): Field 'squadID' doesn't have a default value
2024-10-11 10:06:26,492 - ERROR - Error executing query for netball_womens_nz_match: 1364 (HY000): Field 'playerId' doesn't have a default value
2024-10-11 10:06:26,493 - ERROR - Error executing query for player_info: 1364 (HY000): Field 'playerId' doesn't have a default value
2024-10-11 10:06:26,494 - ERROR - Error executing query for squad_info: 1364 (HY000): Field 'squadID' doesn't have a default value
2024-10-11 10:06:26,495 - ERROR - Error executing query for netball_womens_nz_match: 1364 (HY000): Field 'playerId' doesn't have a default value
2024-10-11 10:06:26,496 - ERROR - Error executing query for player_info: 1364 (HY000): Field 'playerId' doesn't have a default value
2024-10-11 10:06:26,497 - ERROR - Error executing query for squad_info: 1364 (HY000): Field 'squadID' doesn't have a default value
2024-10-11 10:06:26,498 - ERROR - Error executing query for netball_womens_nz_match: 1364 (HY000): Field 'playerId' doesn't have a default value
2024-10-11 10:06:26,499 - ERROR - Error executing query for player_info: 1364 (HY000): Field 'playerId' doesn't have a default value
2024-10-11 10:06:26,500 - ERROR - Error executing query for squad_info: 1364 (HY000): Field 'squadID' doesn't have a default value
2024-10-11 10:06:26,501 - ERROR - Error executing query for netball_womens_nz_match: 1364 (HY000): Field 'playerId' doesn't have a default value
2024-10-11 10:06:26,502 - ERROR - Error executing query for player_info: 1364 (HY000): Field 'playerId' doesn't have a default value
2024-10-11 10:06:26,503 - ERROR - Error executing query for squad_info: 1364 (HY000): Field 'squadID' doesn't have a default value
2024-10-11 10:06:26,504 - ERROR - Error executing query for netball_womens_nz_match: 1364 (HY000): Field 'playerId' doesn't have a default value
2024-10-11 10:06:26,505 - ERROR - Error executing query for player_info: 1364 (HY000): Field 'playerId' doesn't have a default value
2024-10-11 10:06:26,506 - ERROR - Error executing query for squad_info: 1364 (HY000): Field 'squadID' doesn't have a default value
2024-10-11 10:06:26,507 - ERROR - Error executing query for netball_womens_nz_match: 1364 (HY000): Field 'playerId' doesn't have a default value
2024-10-11 10:06:26,508 - ERROR - Error executing query for player_info: 1364 (HY000): Field 'playerId' doesn't have a default value
2024-10-11 10:06:26,509 - ERROR - Error executing query for squad_info: 1364 (HY000): Field 'squadID' doesn't have a default value
2024-10-11 10:06:26,510 - ERROR - Error executing query for netball_womens_nz_match: 1364 (HY000): Field 'playerId' doesn't have a default value
2024-10-11 10:06:26,511 - ERROR - Error executing query for player_info: 1364 (HY000): Field 'playerId' doesn't have a default value
2024-10-11 10:06:26,512 - ERROR - Error executing query for squad_info: 1364 (HY000): Field 'squadID' doesn't have a default value
2024-10-11 10:06:26,513 - ERROR - Error executing query for netball_womens_nz_match: 1364 (HY000): Field 'playerId' doesn't have a default value
2024-10-11 10:06:26,514 - ERROR - Error executing query for player_info: 1364 (HY000): Field 'playerId' doesn't have a default value
2024-10-11 10:06:26,515 - ERROR - Error executing query for squad_info: 1364 (HY000): Field 'squadID' doesn't have a default value
2024-10-11 10:06:26,516 - ERROR - Error executing query for netball_womens_nz_match: 1364 (HY000): Field 'playerId' doesn't have a default value
2024-10-11 10:06:26,517 - ERROR - Error executing query for player_info: 1364 (HY000): Field 'playerId' doesn't have a default value
2024-10-11 10:06:26,518 - ERROR - Error executing query for squad_info: 1364 (HY000): Field 'squadID' doesn't have a default value
2024-10-11 10:06:26,519 - ERROR - Error executing query for netball_womens_nz_match: 1364 (HY000): Field 'playerId' doesn't have a default value
2024-10-11 10:06:26,520 - ERROR - Error executing query for player_info: 1364 (HY000): Field 'playerId' doesn't have a default value
2024-10-11 10:06:26,521 - ERROR - Error executing query for squad_info: 1364 (HY000): Field 'squadID' doesn't have a default value
2024-10-11 10:06:26,522 - ERROR - Error executing query for netball_womens_nz_match: 1364 (HY000): Field 'playerId' doesn't have a default value
2024-10-11 10:06:26,523 - ERROR - Error executing query for player_info: 1364 (HY000): Field 'playerId' doesn't have a default value
2024-10-11 10:06:26,524 - ERROR - Error executing query for squad_info: 1364 (HY000): Field 'squadID' doesn't have a default value
2024-10-11 10:06:26,525 - ERROR - Error executing query for netball_womens_nz_match: 1364 (HY000): Field 'playerId' doesn't have a default value
2024-10-11 10:06:26,526 - ERROR - Error executing query for player_info: 1364 (HY000): Field 'playerId' doesn't have a default value
2024-10-11 10:06:26,527 - ERROR - Error executing query for squad_info: 1364 (HY000): Field 'squadID' doesn't have a default value
2024-10-11 10:06:26,528 - ERROR - Error executing query for netball_womens_nz_match: 1364 (HY000): Field 'playerId' doesn't have a default value
2024-10-11 10:06:26,529 - ERROR - Error executing query for player_info: 1364 (HY000): Field 'playerId' doesn't have a default value
2024-10-11 10:06:26,530 - ERROR - Error executing query for squad_info: 1364 (HY000): Field 'squadID' doesn't have a default value
2024-10-11 10:06:26,531 - ERROR - Error executing query for netball_womens_nz_match: 1364 (HY000): Field 'playerId' doesn't have a default value
2024-10-11 10:06:26,532 - ERROR - Error executing query for player_info: 1364 (HY000): Field 'playerId' doesn't have a default value
2024-10-11 10:06:26,533 - ERROR - Error executing query for squad_info: 1364 (HY000): Field 'squadID' doesn't have a default value
2024-10-11 10:06:26,534 - ERROR - Error executing query for netball_womens_nz_match: 1364 (HY000): Field 'playerId' doesn't have a default value
2024-10-11 10:06:26,535 - ERROR - Error executing query for player_info: 1364 (HY000): Field 'playerId' doesn't have a default value
2024-10-11 10:06:26,536 - ERROR - Error executing query for squad_info: 1364 (HY000): Field 'squadID' doesn't have a default value
2024-10-11 10:06:26,537 - ERROR - Error executing query for netball_womens_nz_match: 1364 (HY000): Field 'playerId' doesn't have a default value
2024-10-11 10:06:26,677 - ERROR - Error executing query for netball_womens_nz_period: 1364 (HY000): Field 'playerId' doesn't have a default value
2024-10-11 10:06:26,678 - ERROR - Error executing query for netball_womens_nz_period: 1364 (HY000): Field 'playerId' doesn't have a default value
2024-10-11 10:06:26,679 - ERROR - Error executing query for netball_womens_nz_period: 1364 (HY000): Field 'playerId' doesn't have a default value
2024-10-11 10:06:26,680 - ERROR - Error executing query for netball_womens_nz_period: 1364 (HY000): Field 'playerId' doesn't have a default value
2024-10-11 10:06:26,682 - ERROR - Error executing query for netball_womens_nz_period: 1364 (HY000): Field 'playerId' doesn't have a default value
2024-10-11 10:06:26,683 - ERROR - Error executing query for netball_womens_nz_period: 1364 (HY000): Field 'playerId' doesn't have a default value
2024-10-11 10:06:26,684 - ERROR - Error executing query for netball_womens_nz_period: 1364 (HY000): Field 'playerId' doesn't have a default value
2024-10-11 10:06:26,685 - ERROR - Error executing query for netball_womens_nz_period: 1364 (HY000): Field 'playerId' doesn't have a default value
2024-10-11 10:06:26,687 - ERROR - Error executing query for netball_womens_nz_period: 1364 (HY000): Field 'playerId' doesn't have a default value
2024-10-11 10:06:26,688 - ERROR - Error executing query for netball_womens_nz_period: 1364 (HY000): Field 'playerId' doesn't have a default value
2024-10-11 10:06:26,689 - ERROR - Error executing query for netball_womens_nz_period: 1364 (HY000): Field 'playerId' doesn't have a default value
2024-10-11 10:06:26,691 - ERROR - Error executing query for netball_womens_nz_period: 1364 (HY000): Field 'playerId' doesn't have a default value
2024-10-11 10:06:26,692 - ERROR - Error executing query for netball_womens_nz_period: 1364 (HY000): Field 'playerId' doesn't have a default value
2024-10-11 10:06:26,693 - ERROR - Error executing query for netball_womens_nz_period: 1364 (HY000): Field 'playerId' doesn't have a default value
2024-10-11 10:06:26,694 - ERROR - Error executing query for netball_womens_nz_period: 1364 (HY000): Field 'playerId' doesn't have a default value
2024-10-11 10:06:26,696 - ERROR - Error executing query for netball_womens_nz_period: 1364 (HY000): Field 'playerId' doesn't have a default value
2024-10-11 10:06:26,697 - ERROR - Error executing query for netball_womens_nz_period: 1364 (HY000): Field 'playerId' doesn't have a default value
2024-10-11 10:06:26,698 - ERROR - Error executing query for netball_womens_nz_period: 1364 (HY000): Field 'playerId' doesn't have a default value
2024-10-11 10:06:26,699 - ERROR - Error executing query for netball_womens_nz_period: 1364 (HY000): Field 'playerId' doesn't have a default value
2024-10-11 10:06:26,701 - ERROR - Error executing query for netball_womens_nz_period: 1364 (HY000): Field 'playerId' doesn't have a default value
2024-10-11 10:06:26,702 - ERROR - Error executing query for netball_womens_nz_period: 1364 (HY000): Field 'playerId' doesn't have a default value
2024-10-11 10:06:26,703 - ERROR - Error executing query for netball_womens_nz_period: 1364 (HY000): Field 'playerId' doesn't have a default value
2024-10-11 10:06:26,704 - ERROR - Error executing query for netball_womens_nz_period: 1364 (HY000): Field 'playerId' doesn't have a default value
2024-10-11 10:06:26,706 - ERROR - Error executing query for netball_womens_nz_period: 1364 (HY000): Field 'playerId' doesn't have a default value
2024-10-11 10:06:26,707 - ERROR - Error executing query for netball_womens_nz_period: 1364 (HY000): Field 'playerId' doesn't have a default value
2024-10-11 10:06:26,708 - ERROR - Error executing query for netball_womens_nz_period: 1364 (HY000): Field 'playerId' doesn't have a default value
2024-10-11 10:06:26,710 - ERROR - Error executing query for netball_womens_nz_period: 1364 (HY000): Field 'playerId' doesn't have a default value
2024-10-11 10:06:26,711 - ERROR - Error executing query for netball_womens_nz_period: 1364 (HY000): Field 'playerId' doesn't have a default value
2024-10-11 10:06:26,712 - ERROR - Error executing query for netball_womens_nz_period: 1364 (HY000): Field 'playerId' doesn't have a default value
2024-10-11 10:06:26,713 - ERROR - Error executing query for netball_womens_nz_period: 1364 (HY000): Field 'playerId' doesn't have a default value
2024-10-11 10:06:26,715 - ERROR - Error executing query for netball_womens_nz_period: 1364 (HY000): Field 'playerId' doesn't have a default value
2024-10-11 10:06:26,716 - ERROR - Error executing query for netball_womens_nz_period: 1364 (HY000): Field 'playerId' doesn't have a default value
2024-10-11 10:06:26,717 - ERROR - Error executing query for netball_womens_nz_period: 1364 (HY000): Field 'playerId' doesn't have a default value
2024-10-11 10:06:26,719 - ERROR - Error executing query for netball_womens_nz_period: 1364 (HY000): Field 'playerId' doesn't have a default value
2024-10-11 10:06:26,720 - ERROR - Error executing query for netball_womens_nz_period: 1364 (HY000): Field 'playerId' doesn't have a default value
2024-10-11 10:06:26,721 - ERROR - Error executing query for netball_womens_nz_period: 1364 (HY000): Field 'playerId' doesn't have a default value
2024-10-11 10:06:26,722 - ERROR - Error executing query for netball_womens_nz_period: 1364 (HY000): Field 'playerId' doesn't have a default value
2024-10-11 10:06:26,724 - ERROR - Error executing query for netball_womens_nz_period: 1364 (HY000): Field 'playerId' doesn't have a default value
2024-10-11 10:06:26,725 - ERROR - Error executing query for netball_womens_nz_period: 1364 (HY000): Field 'playerId' doesn't have a default value
2024-10-11 10:06:26,726 - ERROR - Error executing query for netball_womens_nz_period: 1364 (HY000): Field 'playerId' doesn't have a default value
2024-10-11 10:06:26,727 - ERROR - Error executing query for netball_womens_nz_period: 1364 (HY000): Field 'playerId' doesn't have a default value
2024-10-11 10:06:26,729 - ERROR - Error executing query for netball_womens_nz_period: 1364 (HY000): Field 'playerId' doesn't have a default value
2024-10-11 10:06:26,730 - ERROR - Error executing query for netball_womens_nz_period: 1364 (HY000): Field 'playerId' doesn't have a default value
2024-10-11 10:06:26,731 - ERROR - Error executing query for netball_womens_nz_period: 1364 (HY000): Field 'playerId' doesn't have a default value
2024-10-11 10:06:26,732 - ERROR - Error executing query for netball_womens_nz_period: 1364 (HY000): Field 'playerId' doesn't have a default value
2024-10-11 10:06:26,734 - ERROR - Error executing query for netball_womens_nz_period: 1364 (HY000): Field 'playerId' doesn't have a default value
2024-10-11 10:06:26,735 - ERROR - Error executing query for netball_womens_nz_period: 1364 (HY000): Field 'playerId' doesn't have a default value
2024-10-11 10:06:26,737 - ERROR - Error executing query for netball_womens_nz_period: 1364 (HY000): Field 'playerId' doesn't have a default value
2024-10-11 10:06:26,738 - ERROR - Error executing query for netball_womens_nz_period: 1364 (HY000): Field 'playerId' doesn't have a default value
2024-10-11 10:06:26,740 - ERROR - Error executing query for netball_womens_nz_period: 1364 (HY000): Field 'playerId' doesn't have a default value
2024-10-11 10:06:26,741 - ERROR - Error executing query for netball_womens_nz_period: 1364 (HY000): Field 'playerId' doesn't have a default value
2024-10-11 10:06:26,742 - ERROR - Error executing query for netball_womens_nz_period: 1364 (HY000): Field 'playerId' doesn't have a default value
2024-10-11 10:06:26,744 - ERROR - Error executing query for netball_womens_nz_period: 1364 (HY000): Field 'playerId' doesn't have a default value
2024-10-11 10:06:26,745 - ERROR - Error executing query for netball_womens_nz_period: 1364 (HY000): Field 'playerId' doesn't have a default value
2024-10-11 10:06:26,747 - ERROR - Error executing query for netball_womens_nz_period: 1364 (HY000): Field 'playerId' doesn't have a default value
2024-10-11 10:06:26,748 - ERROR - Error executing query for netball_womens_nz_period: 1364 (HY000): Field 'playerId' doesn't have a default value
2024-10-11 10:06:26,750 - ERROR - Error executing query for netball_womens_nz_period: 1364 (HY000): Field 'playerId' doesn't have a default value
2024-10-11 10:06:26,752 - ERROR - Error executing query for netball_womens_nz_period: 1364 (HY000): Field 'playerId' doesn't have a default value
2024-10-11 10:06:26,753 - ERROR - Error executing query for netball_womens_nz_period: 1364 (HY000): Field 'playerId' doesn't have a default value
2024-10-11 10:06:26,754 - ERROR - Error executing query for netball_womens_nz_period: 1364 (HY000): Field 'playerId' doesn't have a default value
2024-10-11 10:06:26,755 - ERROR - Error executing query for netball_womens_nz_period: 1364 (HY000): Field 'playerId' doesn't have a default value
2024-10-11 10:06:26,757 - ERROR - Error executing query for netball_womens_nz_period: 1364 (HY000): Field 'playerId' doesn't have a default value
2024-10-11 10:06:26,758 - ERROR - Error executing query for netball_womens_nz_period: 1364 (HY000): Field 'playerId' doesn't have a default value
2024-10-11 10:06:26,759 - ERROR - Error executing query for netball_womens_nz_period: 1364 (HY000): Field 'playerId' doesn't have a default value
2024-10-11 10:06:26,761 - ERROR - Error executing query for netball_womens_nz_period: 1364 (HY000): Field 'playerId' doesn't have a default value
2024-10-11 10:06:26,762 - ERROR - Error executing query for netball_womens_nz_period: 1364 (HY000): Field 'playerId' doesn't have a default value
2024-10-11 10:06:26,763 - ERROR - Error executing query for netball_womens_nz_period: 1364 (HY000): Field 'playerId' doesn't have a default value
2024-10-11 10:06:26,765 - ERROR - Error executing query for netball_womens_nz_period: 1364 (HY000): Field 'playerId' doesn't have a default value
2024-10-11 10:06:26,767 - ERROR - Error executing query for netball_womens_nz_period: 1364 (HY000): Field 'playerId' doesn't have a default value
2024-10-11 10:06:26,768 - ERROR - Error executing query for netball_womens_nz_period: 1364 (HY000): Field 'playerId' doesn't have a default value
2024-10-11 10:06:26,770 - ERROR - Error executing query for netball_womens_nz_period: 1364 (HY000): Field 'playerId' doesn't have a default value
2024-10-11 10:06:26,771 - ERROR - Error executing query for netball_womens_nz_period: 1364 (HY000): Field 'playerId' doesn't have a default value
2024-10-11 10:06:26,772 - ERROR - Error executing query for netball_womens_nz_period: 1364 (HY000): Field 'playerId' doesn't have a default value
2024-10-11 10:06:26,774 - ERROR - Error executing query for netball_womens_nz_period: 1364 (HY000): Field 'playerId' doesn't have a default value
2024-10-11 10:06:26,775 - ERROR - Error executing query for netball_womens_nz_period: 1364 (HY000): Field 'playerId' doesn't have a default value
2024-10-11 10:06:26,776 - ERROR - Error executing query for netball_womens_nz_period: 1364 (HY000): Field 'playerId' doesn't have a default value
2024-10-11 10:06:26,777 - ERROR - Error executing query for netball_womens_nz_period: 1364 (HY000): Field 'playerId' doesn't have a default value
2024-10-11 10:06:26,779 - ERROR - Error executing query for netball_womens_nz_period: 1364 (HY000): Field 'playerId' doesn't have a default value
2024-10-11 10:06:26,780 - ERROR - Error executing query for netball_womens_nz_period: 1364 (HY000): Field 'playerId' doesn't have a default value
2024-10-11 10:06:26,781 - ERROR - Error executing query for netball_womens_nz_period: 1364 (HY000): Field 'playerId' doesn't have a default value
2024-10-11 10:06:26,783 - ERROR - Error executing query for netball_womens_nz_period: 1364 (HY000): Field 'playerId' doesn't have a default value
2024-10-11 10:06:26,784 - ERROR - Error executing query for netball_womens_nz_period: 1364 (HY000): Field 'playerId' doesn't have a default value
2024-10-11 10:06:26,785 - ERROR - Error executing query for netball_womens_nz_period: 1364 (HY000): Field 'playerId' doesn't have a default value
2024-10-11 10:06:26,786 - ERROR - Error executing query for netball_womens_nz_period: 1364 (HY000): Field 'playerId' doesn't have a default value
2024-10-11 10:06:26,788 - ERROR - Error executing query for netball_womens_nz_period: 1364 (HY000): Field 'playerId' doesn't have a default value
2024-10-11 10:06:26,789 - ERROR - Error executing query for netball_womens_nz_period: 1364 (HY000): Field 'playerId' doesn't have a default value
2024-10-11 10:06:26,790 - ERROR - Error executing query for netball_womens_nz_period: 1364 (HY000): Field 'playerId' doesn't have a default value
2024-10-11 10:06:26,791 - ERROR - Error executing query for netball_womens_nz_period: 1364 (HY000): Field 'playerId' doesn't have a default value
2024-10-11 10:06:26,793 - ERROR - Error executing query for netball_womens_nz_period: 1364 (HY000): Field 'playerId' doesn't have a default value
2024-10-11 10:06:26,794 - ERROR - Error executing query for netball_womens_nz_period: 1364 (HY000): Field 'playerId' doesn't have a default value
2024-10-11 10:06:26,795 - ERROR - Error executing query for netball_womens_nz_period: 1364 (HY000): Field 'playerId' doesn't have a default value
2024-10-11 10:06:26,797 - ERROR - Error executing query for netball_womens_nz_period: 1364 (HY000): Field 'playerId' doesn't have a default value
2024-10-11 10:06:26,798 - ERROR - Error executing query for netball_womens_nz_period: 1364 (HY000): Field 'playerId' doesn't have a default value
2024-10-11 10:06:26,799 - ERROR - Error executing query for netball_womens_nz_period: 1364 (HY000): Field 'playerId' doesn't have a default value
2024-10-11 10:06:26,800 - ERROR - Error executing query for netball_womens_nz_period: 1364 (HY000): Field 'playerId' doesn't have a default value
2024-10-11 10:06:26,802 - ERROR - Error executing query for netball_womens_nz_period: 1364 (HY000): Field 'playerId' doesn't have a default value
2024-10-11 10:06:26,940 - ERROR - Error executing query for netball_womens_nz_score_flow: 1364 (HY000): Field 'squadId' doesn't have a default value
2024-10-11 10:06:26,941 - ERROR - Error executing query for netball_womens_nz_score_flow: 1364 (HY000): Field 'squadId' doesn't have a default value
2024-10-11 10:06:26,942 - ERROR - Error executing query for netball_womens_nz_score_flow: 1364 (HY000): Field 'squadId' doesn't have a default value
2024-10-11 10:06:26,943 - ERROR - Error executing query for netball_womens_nz_score_flow: 1364 (HY000): Field 'squadId' doesn't have a default value
2024-10-11 10:06:26,944 - ERROR - Error executing query for netball_womens_nz_score_flow: 1364 (HY000): Field 'squadId' doesn't have a default value
2024-10-11 10:06:26,945 - ERROR - Error executing query for netball_womens_nz_score_flow: 1364 (HY000): Field 'squadId' doesn't have a default value
2024-10-11 10:06:26,946 - ERROR - Error executing query for netball_womens_nz_score_flow: 1364 (HY000): Field 'squadId' doesn't have a default value
2024-10-11 10:06:26,947 - ERROR - Error executing query for netball_womens_nz_score_flow: 1364 (HY000): Field 'squadId' doesn't have a default value
2024-10-11 10:06:26,948 - ERROR - Error executing query for netball_womens_nz_score_flow: 1364 (HY000): Field 'squadId' doesn't have a default value
2024-10-11 10:06:26,948 - ERROR - Error executing query for netball_womens_nz_score_flow: 1364 (HY000): Field 'squadId' doesn't have a default value
2024-10-11 10:06:26,949 - ERROR - Error executing query for netball_womens_nz_score_flow: 1364 (HY000): Field 'squadId' doesn't have a default value
2024-10-11 10:06:26,950 - ERROR - Error executing query for netball_womens_nz_score_flow: 1364 (HY000): Field 'squadId' doesn't have a default value
2024-10-11 10:06:26,951 - ERROR - Error executing query for netball_womens_nz_score_flow: 1364 (HY000): Field 'squadId' doesn't have a default value
2024-10-11 10:06:26,952 - ERROR - Error executing query for netball_womens_nz_score_flow: 1364 (HY000): Field 'squadId' doesn't have a default value
2024-10-11 10:06:26,953 - ERROR - Error executing query for netball_womens_nz_score_flow: 1364 (HY000): Field 'squadId' doesn't have a default value
2024-10-11 10:06:26,954 - ERROR - Error executing query for netball_womens_nz_score_flow: 1364 (HY000): Field 'squadId' doesn't have a default value
2024-10-11 10:06:26,955 - ERROR - Error executing query for netball_womens_nz_score_flow: 1364 (HY000): Field 'squadId' doesn't have a default value
2024-10-11 10:06:26,956 - ERROR - Error executing query for netball_womens_nz_score_flow: 1364 (HY000): Field 'squadId' doesn't have a default value
2024-10-11 10:06:26,957 - ERROR - Error executing query for netball_womens_nz_score_flow: 1364 (HY000): Field 'squadId' doesn't have a default value
2024-10-11 10:06:26,958 - ERROR - Error executing query for netball_womens_nz_score_flow: 1364 (HY000): Field 'squadId' doesn't have a default value
2024-10-11 10:06:26,959 - ERROR - Error executing query for netball_womens_nz_score_flow: 1364 (HY000): Field 'squadId' doesn't have a default value
2024-10-11 10:06:26,960 - ERROR - Error executing query for netball_womens_nz_score_flow: 1364 (HY000): Field 'squadId' doesn't have a default value
2024-10-11 10:06:26,961 - ERROR - Error executing query for netball_womens_nz_score_flow: 1364 (HY000): Field 'squadId' doesn't have a default value
2024-10-11 10:06:26,961 - ERROR - Error executing query for netball_womens_nz_score_flow: 1364 (HY000): Field 'squadId' doesn't have a default value
2024-10-11 10:06:26,962 - ERROR - Error executing query for netball_womens_nz_score_flow: 1364 (HY000): Field 'squadId' doesn't have a default value
2024-10-11 10:06:26,963 - ERROR - Error executing query for netball_womens_nz_score_flow: 1364 (HY000): Field 'squadId' doesn't have a default value
2024-10-11 10:06:26,964 - ERROR - Error executing query for netball_womens_nz_score_flow: 1364 (HY000): Field 'squadId' doesn't have a default value
2024-10-11 10:06:26,965 - ERROR - Error executing query for netball_womens_nz_score_flow: 1364 (HY000): Field 'squadId' doesn't have a default value
2024-10-11 10:06:26,966 - ERROR - Error executing query for netball_womens_nz_score_flow: 1364 (HY000): Field 'squadId' doesn't have a default value
2024-10-11 10:06:26,967 - ERROR - Error executing query for netball_womens_nz_score_flow: 1364 (HY000): Field 'squadId' doesn't have a default value
2024-10-11 10:06:26,968 - ERROR - Error executing query for netball_womens_nz_score_flow: 1364 (HY000): Field 'squadId' doesn't have a default value
2024-10-11 10:06:26,969 - ERROR - Error executing query for netball_womens_nz_score_flow: 1364 (HY000): Field 'squadId' doesn't have a default value
2024-10-11 10:06:26,970 - ERROR - Error executing query for netball_womens_nz_score_flow: 1364 (HY000): Field 'squadId' doesn't have a default value
2024-10-11 10:06:26,971 - ERROR - Error executing query for netball_womens_nz_score_flow: 1364 (HY000): Field 'squadId' doesn't have a default value
2024-10-11 10:06:26,971 - ERROR - Error executing query for netball_womens_nz_score_flow: 1364 (HY000): Field 'squadId' doesn't have a default value
2024-10-11 10:06:26,972 - ERROR - Error executing query for netball_womens_nz_score_flow: 1364 (HY000): Field 'squadId' doesn't have a default value
2024-10-11 10:06:26,973 - ERROR - Error executing query for netball_womens_nz_score_flow: 1364 (HY000): Field 'squadId' doesn't have a default value
2024-10-11 10:06:26,974 - ERROR - Error executing query for netball_womens_nz_score_flow: 1364 (HY000): Field 'squadId' doesn't have a default value
2024-10-11 10:06:26,975 - ERROR - Error executing query for netball_womens_nz_score_flow: 1364 (HY000): Field 'squadId' doesn't have a default value
2024-10-11 10:06:26,976 - ERROR - Error executing query for netball_womens_nz_score_flow: 1364 (HY000): Field 'squadId' doesn't have a default value
2024-10-11 10:06:26,977 - ERROR - Error executing query for netball_womens_nz_score_flow: 1364 (HY000): Field 'squadId' doesn't have a default value
2024-10-11 10:06:26,978 - ERROR - Error executing query for netball_womens_nz_score_flow: 1364 (HY000): Field 'squadId' doesn't have a default value
2024-10-11 10:06:26,979 - ERROR - Error executing query for netball_womens_nz_score_flow: 1364 (HY000): Field 'squadId' doesn't have a default value
2024-10-11 10:06:26,980 - ERROR - Error executing query for netball_womens_nz_score_flow: 1364 (HY000): Field 'squadId' doesn't have a default value
2024-10-11 10:06:26,981 - ERROR - Error executing query for netball_womens_nz_score_flow: 1364 (HY000): Field 'squadId' doesn't have a default value
2024-10-11 10:06:26,982 - ERROR - Error executing query for netball_womens_nz_score_flow: 1364 (HY000): Field 'squadId' doesn't have a default value
2024-10-11 10:06:26,982 - ERROR - Error executing query for netball_womens_nz_score_flow: 1364 (HY000): Field 'squadId' doesn't have a default value
2024-10-11 10:06:26,983 - ERROR - Error executing query for netball_womens_nz_score_flow: 1364 (HY000): Field 'squadId' doesn't have a default value
2024-10-11 10:06:26,984 - ERROR - Error executing query for netball_womens_nz_score_flow: 1364 (HY000): Field 'squadId' doesn't have a default value
2024-10-11 10:06:26,985 - ERROR - Error executing query for netball_womens_nz_score_flow: 1364 (HY000): Field 'squadId' doesn't have a default value
2024-10-11 10:06:26,986 - ERROR - Error executing query for netball_womens_nz_score_flow: 1364 (HY000): Field 'squadId' doesn't have a default value
2024-10-11 10:06:26,987 - ERROR - Error executing query for netball_womens_nz_score_flow: 1364 (HY000): Field 'squadId' doesn't have a default value
2024-10-11 10:06:26,988 - ERROR - Error executing query for netball_womens_nz_score_flow: 1364 (HY000): Field 'squadId' doesn't have a default value
2024-10-11 10:06:26,989 - ERROR - Error executing query for netball_womens_nz_score_flow: 1364 (HY000): Field 'squadId' doesn't have a default value
2024-10-11 10:06:26,990 - ERROR - Error executing query for netball_womens_nz_score_flow: 1364 (HY000): Field 'squadId' doesn't have a default value
2024-10-11 10:06:26,991 - ERROR - Error executing query for netball_womens_nz_score_flow: 1364 (HY000): Field 'squadId' doesn't have a default value
2024-10-11 10:06:26,992 - ERROR - Error executing query for netball_womens_nz_score_flow: 1364 (HY000): Field 'squadId' doesn't have a default value
2024-10-11 10:06:26,993 - ERROR - Error executing query for netball_womens_nz_score_flow: 1364 (HY000): Field 'squadId' doesn't have a default value
2024-10-11 10:06:26,994 - ERROR - Error executing query for netball_womens_nz_score_flow: 1364 (HY000): Field 'squadId' doesn't have a default value
2024-10-11 10:06:26,994 - ERROR - Error executing query for netball_womens_nz_score_flow: 1364 (HY000): Field 'squadId' doesn't have a default value
2024-10-11 10:06:26,995 - ERROR - Error executing query for netball_womens_nz_score_flow: 1364 (HY000): Field 'squadId' doesn't have a default value
2024-10-11 10:06:26,996 - ERROR - Error executing query for netball_womens_nz_score_flow: 1364 (HY000): Field 'squadId' doesn't have a default value
2024-10-11 10:06:26,997 - ERROR - Error executing query for netball_womens_nz_score_flow: 1364 (HY000): Field 'squadId' doesn't have a default value
2024-10-11 10:06:26,998 - ERROR - Error executing query for netball_womens_nz_score_flow: 1364 (HY000): Field 'squadId' doesn't have a default value
2024-10-11 10:06:26,999 - ERROR - Error executing query for netball_womens_nz_score_flow: 1364 (HY000): Field 'squadId' doesn't have a default value
2024-10-11 10:06:27,000 - ERROR - Error executing query for netball_womens_nz_score_flow: 1364 (HY000): Field 'squadId' doesn't have a default value
2024-10-11 10:06:27,001 - ERROR - Error executing query for netball_womens_nz_score_flow: 1364 (HY000): Field 'squadId' doesn't have a default value
2024-10-11 10:06:27,002 - ERROR - Error executing query for netball_womens_nz_score_flow: 1364 (HY000): Field 'squadId' doesn't have a default value
2024-10-11 10:06:27,003 - ERROR - Error executing query for netball_womens_nz_score_flow: 1364 (HY000): Field 'squadId' doesn't have a default value
2024-10-11 10:06:27,004 - ERROR - Error executing query for netball_womens_nz_score_flow: 1364 (HY000): Field 'squadId' doesn't have a default value
2024-10-11 10:06:27,005 - ERROR - Error executing query for netball_womens_nz_score_flow: 1364 (HY000): Field 'squadId' doesn't have a default value
2024-10-11 10:06:27,005 - ERROR - Error executing query for netball_womens_nz_score_flow: 1364 (HY000): Field 'squadId' doesn't have a default value
2024-10-11 10:06:27,007 - ERROR - Error executing query for netball_womens_nz_score_flow: 1364 (HY000): Field 'squadId' doesn't have a default value
2024-10-11 10:06:27,008 - ERROR - Error executing query for netball_womens_nz_score_flow: 1364 (HY000): Field 'squadId' doesn't have a default value
2024-10-11 10:06:27,008 - ERROR - Error executing query for netball_womens_nz_score_flow: 1364 (HY000): Field 'squadId' doesn't have a default value
2024-10-11 10:06:27,009 - ERROR - Error executing query for netball_womens_nz_score_flow: 1364 (HY000): Field 'squadId' doesn't have a default value
2024-10-11 10:06:27,010 - ERROR - Error executing query for netball_womens_nz_score_flow: 1364 (HY000): Field 'squadId' doesn't have a default value
2024-10-11 10:06:27,011 - ERROR - Error executing query for netball_womens_nz_score_flow: 1364 (HY000): Field 'squadId' doesn't have a default value
2024-10-11 10:06:27,012 - ERROR - Error executing query for netball_womens_nz_score_flow: 1364 (HY000): Field 'squadId' doesn't have a default value
2024-10-11 10:06:27,013 - ERROR - Error executing query for netball_womens_nz_score_flow: 1364 (HY000): Field 'squadId' doesn't have a default value
2024-10-11 10:06:27,014 - ERROR - Error executing query for netball_womens_nz_score_flow: 1364 (HY000): Field 'squadId' doesn't have a default value
2024-10-11 10:06:27,015 - ERROR - Error executing query for netball_womens_nz_score_flow: 1364 (HY000): Field 'squadId' doesn't have a default value
2024-10-11 10:06:27,016 - ERROR - Error executing query for netball_womens_nz_score_flow: 1364 (HY000): Field 'squadId' doesn't have a default value
2024-10-11 10:06:27,017 - ERROR - Error executing query for netball_womens_nz_score_flow: 1364 (HY000): Field 'squadId' doesn't have a default value
2024-10-11 10:06:27,017 - ERROR - Error executing query for netball_womens_nz_score_flow: 1364 (HY000): Field 'squadId' doesn't have a default value
2024-10-11 10:06:27,019 - ERROR - Error executing query for netball_womens_nz_score_flow: 1364 (HY000): Field 'squadId' doesn't have a default value
2024-10-11 10:06:27,020 - ERROR - Error executing query for netball_womens_nz_score_flow: 1364 (HY000): Field 'squadId' doesn't have a default value
2024-10-11 10:06:27,021 - ERROR - Error executing query for netball_womens_nz_score_flow: 1364 (HY000): Field 'squadId' doesn't have a default value
2024-10-11 10:06:27,022 - ERROR - Error executing query for netball_womens_nz_score_flow: 1364 (HY000): Field 'squadId' doesn't have a default value
2024-10-11 10:06:27,023 - ERROR - Error executing query for netball_womens_nz_score_flow: 1364 (HY000): Field 'squadId' doesn't have a default value
2024-10-11 10:06:27,024 - ERROR - Error executing query for netball_womens_nz_score_flow: 1364 (HY000): Field 'squadId' doesn't have a default value
2024-10-11 10:06:27,025 - ERROR - Error executing query for netball_womens_nz_score_flow: 1364 (HY000): Field 'squadId' doesn't have a default value
2024-10-11 10:06:27,026 - ERROR - Error executing query for netball_womens_nz_score_flow: 1364 (HY000): Field 'squadId' doesn't have a default value
2024-10-11 10:06:27,027 - ERROR - Error executing query for netball_womens_nz_score_flow: 1364 (HY000): Field 'squadId' doesn't have a default value
2024-10-11 10:06:27,028 - ERROR - Error executing query for netball_womens_nz_score_flow: 1364 (HY000): Field 'squadId' doesn't have a default value
2024-10-11 10:06:27,029 - ERROR - Error executing query for netball_womens_nz_score_flow: 1364 (HY000): Field 'squadId' doesn't have a default value
2024-10-11 10:06:27,030 - ERROR - Error executing query for netball_womens_nz_score_flow: 1364 (HY000): Field 'squadId' doesn't have a default value
2024-10-11 10:06:27,031 - ERROR - Error executing query for netball_womens_nz_score_flow: 1364 (HY000): Field 'squadId' doesn't have a default value
2024-10-11 10:06:27,032 - ERROR - Error executing query for netball_womens_nz_score_flow: 1364 (HY000): Field 'squadId' doesn't have a default value
2024-10-11 10:06:27,033 - ERROR - Error executing query for netball_womens_nz_score_flow: 1364 (HY000): Field 'squadId' doesn't have a default value
2024-10-11 10:06:27,034 - ERROR - Error executing query for netball_womens_nz_score_flow: 1364 (HY000): Field 'squadId' doesn't have a default value
2024-10-11 10:06:27,036 - ERROR - Error executing query for netball_womens_nz_score_flow: 1364 (HY000): Field 'squadId' doesn't have a default value
2024-10-11 10:06:27,037 - ERROR - Error executing query for netball_womens_nz_score_flow: 1364 (HY000): Field 'squadId' doesn't have a default value
2024-10-11 10:06:27,038 - ERROR - Error executing query for netball_womens_nz_score_flow: 1364 (HY000): Field 'squadId' doesn't have a default value
2024-10-11 10:06:27,039 - ERROR - Error executing query for netball_womens_nz_score_flow: 1364 (HY000): Field 'squadId' doesn't have a default value
2024-10-11 10:06:27,039 - ERROR - Error executing query for netball_womens_nz_score_flow: 1364 (HY000): Field 'squadId' doesn't have a default value
2024-10-11 10:06:27,040 - ERROR - Error executing query for netball_womens_nz_score_flow: 1364 (HY000): Field 'squadId' doesn't have a default value
2024-10-11 10:06:27,042 - ERROR - Error executing query for netball_womens_nz_score_flow: 1364 (HY000): Field 'squadId' doesn't have a default value
2024-10-11 10:06:27,043 - ERROR - Error executing query for netball_womens_nz_score_flow: 1364 (HY000): Field 'squadId' doesn't have a default value
2024-10-11 10:06:27,044 - ERROR - Error executing query for netball_womens_nz_score_flow: 1364 (HY000): Field 'squadId' doesn't have a default value
2024-10-11 10:06:27,044 - ERROR - Error executing query for netball_womens_nz_score_flow: 1364 (HY000): Field 'squadId' doesn't have a default value
2024-10-11 10:06:27,045 - ERROR - Error executing query for netball_womens_nz_score_flow: 1364 (HY000): Field 'squadId' doesn't have a default value
2024-10-11 10:06:27,046 - ERROR - Error executing query for netball_womens_nz_score_flow: 1364 (HY000): Field 'squadId' doesn't have a default value
2024-10-11 10:06:27,047 - ERROR - Error executing query for netball_womens_nz_score_flow: 1364 (HY000): Field 'squadId' doesn't have a default value
2024-10-11 10:06:27,048 - ERROR - Error executing query for netball_womens_nz_score_flow: 1364 (HY000): Field 'squadId' doesn't have a default value
2024-10-11 10:06:27,049 - ERROR - Error executing query for netball_womens_nz_score_flow: 1364 (HY000): Field 'squadId' doesn't have a default value
2024-10-11 10:06:27,050 - ERROR - Error executing query for netball_womens_nz_score_flow: 1364 (HY000): Field 'squadId' doesn't have a default value
2024-10-11 10:06:27,051 - ERROR - Error executing query for netball_womens_nz_score_flow: 1364 (HY000): Field 'squadId' doesn't have a default value
2024-10-11 10:06:27,052 - ERROR - Error executing query for netball_womens_nz_score_flow: 1364 (HY000): Field 'squadId' doesn't have a default value
2024-10-11 10:06:27,053 - ERROR - Error executing query for netball_womens_nz_score_flow: 1364 (HY000): Field 'squadId' doesn't have a default value
2024-10-11 10:06:27,054 - ERROR - Error executing query for netball_womens_nz_score_flow: 1364 (HY000): Field 'squadId' doesn't have a default value
2024-10-11 10:06:27,056 - ERROR - Error executing query for netball_womens_nz_fixture: 1364 (HY000): Field 'fixtureId' doesn't have a default value
2024-10-11 10:06:27,057 - ERROR - Error executing query for sport_info: 1364 (HY000): Field 'sportId' doesn't have a default value
2024-10-11 10:06:27,188 - ERROR - Error executing query for player_info: 1364 (HY000): Field 'playerId' doesn't have a default value
2024-10-11 10:06:27,188 - ERROR - Error executing query for squad_info: 1364 (HY000): Field 'squadID' doesn't have a default value
2024-10-11 10:06:27,190 - ERROR - Error executing query for netball_womens_nz_match: 1364 (HY000): Field 'playerId' doesn't have a default value
2024-10-11 10:06:27,191 - ERROR - Error executing query for player_info: 1364 (HY000): Field 'playerId' doesn't have a default value
2024-10-11 10:06:27,192 - ERROR - Error executing query for squad_info: 1364 (HY000): Field 'squadID' doesn't have a default value
2024-10-11 10:06:27,193 - ERROR - Error executing query for netball_womens_nz_match: 1364 (HY000): Field 'playerId' doesn't have a default value
2024-10-11 10:06:27,194 - ERROR - Error executing query for player_info: 1364 (HY000): Field 'playerId' doesn't have a default value
2024-10-11 10:06:27,195 - ERROR - Error executing query for squad_info: 1364 (HY000): Field 'squadID' doesn't have a default value
2024-10-11 10:06:27,196 - ERROR - Error executing query for netball_womens_nz_match: 1364 (HY000): Field 'playerId' doesn't have a default value
2024-10-11 10:06:27,197 - ERROR - Error executing query for player_info: 1364 (HY000): Field 'playerId' doesn't have a default value
2024-10-11 10:06:27,198 - ERROR - Error executing query for squad_info: 1364 (HY000): Field 'squadID' doesn't have a default value
2024-10-11 10:06:27,199 - ERROR - Error executing query for netball_womens_nz_match: 1364 (HY000): Field 'playerId' doesn't have a default value
2024-10-11 10:06:27,201 - ERROR - Error executing query for player_info: 1364 (HY000): Field 'playerId' doesn't have a default value
2024-10-11 10:06:27,202 - ERROR - Error executing query for squad_info: 1364 (HY000): Field 'squadID' doesn't have a default value
2024-10-11 10:06:27,203 - ERROR - Error executing query for netball_womens_nz_match: 1364 (HY000): Field 'playerId' doesn't have a default value
2024-10-11 10:06:27,204 - ERROR - Error executing query for player_info: 1364 (HY000): Field 'playerId' doesn't have a default value
2024-10-11 10:06:27,206 - ERROR - Error executing query for squad_info: 1364 (HY000): Field 'squadID' doesn't have a default value
2024-10-11 10:06:27,207 - ERROR - Error executing query for netball_womens_nz_match: 1364 (HY000): Field 'playerId' doesn't have a default value
2024-10-11 10:06:27,208 - ERROR - Error executing query for player_info: 1364 (HY000): Field 'playerId' doesn't have a default value
2024-10-11 10:06:27,209 - ERROR - Error executing query for squad_info: 1364 (HY000): Field 'squadID' doesn't have a default value
2024-10-11 10:06:27,211 - ERROR - Error executing query for netball_womens_nz_match: 1364 (HY000): Field 'playerId' doesn't have a default value
2024-10-11 10:06:27,211 - ERROR - Error executing query for player_info: 1364 (HY000): Field 'playerId' doesn't have a default value
2024-10-11 10:06:27,212 - ERROR - Error executing query for squad_info: 1364 (HY000): Field 'squadID' doesn't have a default value
2024-10-11 10:06:27,214 - ERROR - Error executing query for netball_womens_nz_match: 1364 (HY000): Field 'playerId' doesn't have a default value
2024-10-11 10:06:27,215 - ERROR - Error executing query for player_info: 1364 (HY000): Field 'playerId' doesn't have a default value
2024-10-11 10:06:27,216 - ERROR - Error executing query for squad_info: 1364 (HY000): Field 'squadID' doesn't have a default value
2024-10-11 10:06:27,217 - ERROR - Error executing query for netball_womens_nz_match: 1364 (HY000): Field 'playerId' doesn't have a default value
2024-10-11 10:06:27,218 - ERROR - Error executing query for player_info: 1364 (HY000): Field 'playerId' doesn't have a default value
2024-10-11 10:06:27,219 - ERROR - Error executing query for squad_info: 1364 (HY000): Field 'squadID' doesn't have a default value
2024-10-11 10:06:27,220 - ERROR - Error executing query for netball_womens_nz_match: 1364 (HY000): Field 'playerId' doesn't have a default value
2024-10-11 10:06:27,221 - ERROR - Error executing query for player_info: 1364 (HY000): Field 'playerId' doesn't have a default value
2024-10-11 10:06:27,222 - ERROR - Error executing query for squad_info: 1364 (HY000): Field 'squadID' doesn't have a default value
2024-10-11 10:06:27,223 - ERROR - Error executing query for netball_womens_nz_match: 1364 (HY000): Field 'playerId' doesn't have a default value
2024-10-11 10:06:27,224 - ERROR - Error executing query for player_info: 1364 (HY000): Field 'playerId' doesn't have a default value
2024-10-11 10:06:27,225 - ERROR - Error executing query for squad_info: 1364 (HY000): Field 'squadID' doesn't have a default value
2024-10-11 10:06:27,226 - ERROR - Error executing query for netball_womens_nz_match: 1364 (HY000): Field 'playerId' doesn't have a default value
2024-10-11 10:06:27,227 - ERROR - Error executing query for player_info: 1364 (HY000): Field 'playerId' doesn't have a default value
2024-10-11 10:06:27,228 - ERROR - Error executing query for squad_info: 1364 (HY000): Field 'squadID' doesn't have a default value
2024-10-11 10:06:27,229 - ERROR - Error executing query for netball_womens_nz_match: 1364 (HY000): Field 'playerId' doesn't have a default value
2024-10-11 10:06:27,230 - ERROR - Error executing query for player_info: 1364 (HY000): Field 'playerId' doesn't have a default value
2024-10-11 10:06:27,231 - ERROR - Error executing query for squad_info: 1364 (HY000): Field 'squadID' doesn't have a default value
2024-10-11 10:06:27,232 - ERROR - Error executing query for netball_womens_nz_match: 1364 (HY000): Field 'playerId' doesn't have a default value
2024-10-11 10:06:27,233 - ERROR - Error executing query for player_info: 1364 (HY000): Field 'playerId' doesn't have a default value
2024-10-11 10:06:27,234 - ERROR - Error executing query for squad_info: 1364 (HY000): Field 'squadID' doesn't have a default value
2024-10-11 10:06:27,235 - ERROR - Error executing query for netball_womens_nz_match: 1364 (HY000): Field 'playerId' doesn't have a default value
2024-10-11 10:06:27,236 - ERROR - Error executing query for player_info: 1364 (HY000): Field 'playerId' doesn't have a default value
2024-10-11 10:06:27,237 - ERROR - Error executing query for squad_info: 1364 (HY000): Field 'squadID' doesn't have a default value
2024-10-11 10:06:27,238 - ERROR - Error executing query for netball_womens_nz_match: 1364 (HY000): Field 'playerId' doesn't have a default value
2024-10-11 10:06:27,239 - ERROR - Error executing query for player_info: 1364 (HY000): Field 'playerId' doesn't have a default value
2024-10-11 10:06:27,240 - ERROR - Error executing query for squad_info: 1364 (HY000): Field 'squadID' doesn't have a default value
2024-10-11 10:06:27,241 - ERROR - Error executing query for netball_womens_nz_match: 1364 (HY000): Field 'playerId' doesn't have a default value
2024-10-11 10:06:27,242 - ERROR - Error executing query for player_info: 1364 (HY000): Field 'playerId' doesn't have a default value
2024-10-11 10:06:27,243 - ERROR - Error executing query for squad_info: 1364 (HY000): Field 'squadID' doesn't have a default value
2024-10-11 10:06:27,244 - ERROR - Error executing query for netball_womens_nz_match: 1364 (HY000): Field 'playerId' doesn't have a default value
2024-10-11 10:06:27,245 - ERROR - Error executing query for player_info: 1364 (HY000): Field 'playerId' doesn't have a default value
2024-10-11 10:06:27,246 - ERROR - Error executing query for squad_info: 1364 (HY000): Field 'squadID' doesn't have a default value
2024-10-11 10:06:27,247 - ERROR - Error executing query for netball_womens_nz_match: 1364 (HY000): Field 'playerId' doesn't have a default value
2024-10-11 10:06:27,249 - ERROR - Error executing query for player_info: 1364 (HY000): Field 'playerId' doesn't have a default value
2024-10-11 10:06:27,250 - ERROR - Error executing query for squad_info: 1364 (HY000): Field 'squadID' doesn't have a default value
2024-10-11 10:06:27,251 - ERROR - Error executing query for netball_womens_nz_match: 1364 (HY000): Field 'playerId' doesn't have a default value
2024-10-11 10:06:27,252 - ERROR - Error executing query for player_info: 1364 (HY000): Field 'playerId' doesn't have a default value
2024-10-11 10:06:27,253 - ERROR - Error executing query for squad_info: 1364 (HY000): Field 'squadID' doesn't have a default value
2024-10-11 10:06:27,254 - ERROR - Error executing query for netball_womens_nz_match: 1364 (HY000): Field 'playerId' doesn't have a default value
2024-10-11 10:06:27,255 - ERROR - Error executing query for player_info: 1364 (HY000): Field 'playerId' doesn't have a default value
2024-10-11 10:06:27,256 - ERROR - Error executing query for squad_info: 1364 (HY000): Field 'squadID' doesn't have a default value
2024-10-11 10:06:27,257 - ERROR - Error executing query for netball_womens_nz_match: 1364 (HY000): Field 'playerId' doesn't have a default value
2024-10-11 10:06:27,258 - ERROR - Error executing query for player_info: 1364 (HY000): Field 'playerId' doesn't have a default value
2024-10-11 10:06:27,259 - ERROR - Error executing query for squad_info: 1364 (HY000): Field 'squadID' doesn't have a default value
2024-10-11 10:06:27,260 - ERROR - Error executing query for netball_womens_nz_match: 1364 (HY000): Field 'playerId' doesn't have a default value
2024-10-11 10:06:27,261 - ERROR - Error executing query for player_info: 1364 (HY000): Field 'playerId' doesn't have a default value
2024-10-11 10:06:27,262 - ERROR - Error executing query for squad_info: 1364 (HY000): Field 'squadID' doesn't have a default value
2024-10-11 10:06:27,263 - ERROR - Error executing query for netball_womens_nz_match: 1364 (HY000): Field 'playerId' doesn't have a default value
2024-10-11 10:06:27,399 - ERROR - Error executing query for netball_womens_nz_period: 1364 (HY000): Field 'playerId' doesn't have a default value
2024-10-11 10:06:27,400 - ERROR - Error executing query for netball_womens_nz_period: 1364 (HY000): Field 'playerId' doesn't have a default value
2024-10-11 10:06:27,401 - ERROR - Error executing query for netball_womens_nz_period: 1364 (HY000): Field 'playerId' doesn't have a default value
2024-10-11 10:06:27,403 - ERROR - Error executing query for netball_womens_nz_period: 1364 (HY000): Field 'playerId' doesn't have a default value
2024-10-11 10:06:27,404 - ERROR - Error executing query for netball_womens_nz_period: 1364 (HY000): Field 'playerId' doesn't have a default value
2024-10-11 10:06:27,406 - ERROR - Error executing query for netball_womens_nz_period: 1364 (HY000): Field 'playerId' doesn't have a default value
2024-10-11 10:06:27,407 - ERROR - Error executing query for netball_womens_nz_period: 1364 (HY000): Field 'playerId' doesn't have a default value
2024-10-11 10:06:27,408 - ERROR - Error executing query for netball_womens_nz_period: 1364 (HY000): Field 'playerId' doesn't have a default value
2024-10-11 10:06:27,409 - ERROR - Error executing query for netball_womens_nz_period: 1364 (HY000): Field 'playerId' doesn't have a default value
2024-10-11 10:06:27,411 - ERROR - Error executing query for netball_womens_nz_period: 1364 (HY000): Field 'playerId' doesn't have a default value
2024-10-11 10:06:27,412 - ERROR - Error executing query for netball_womens_nz_period: 1364 (HY000): Field 'playerId' doesn't have a default value
2024-10-11 10:06:27,413 - ERROR - Error executing query for netball_womens_nz_period: 1364 (HY000): Field 'playerId' doesn't have a default value
2024-10-11 10:06:27,414 - ERROR - Error executing query for netball_womens_nz_period: 1364 (HY000): Field 'playerId' doesn't have a default value
2024-10-11 10:06:27,416 - ERROR - Error executing query for netball_womens_nz_period: 1364 (HY000): Field 'playerId' doesn't have a default value
2024-10-11 10:06:27,417 - ERROR - Error executing query for netball_womens_nz_period: 1364 (HY000): Field 'playerId' doesn't have a default value
2024-10-11 10:06:27,418 - ERROR - Error executing query for netball_womens_nz_period: 1364 (HY000): Field 'playerId' doesn't have a default value
2024-10-11 10:06:27,420 - ERROR - Error executing query for netball_womens_nz_period: 1364 (HY000): Field 'playerId' doesn't have a default value
2024-10-11 10:06:27,421 - ERROR - Error executing query for netball_womens_nz_period: 1364 (HY000): Field 'playerId' doesn't have a default value
2024-10-11 10:06:27,422 - ERROR - Error executing query for netball_womens_nz_period: 1364 (HY000): Field 'playerId' doesn't have a default value
2024-10-11 10:06:27,423 - ERROR - Error executing query for netball_womens_nz_period: 1364 (HY000): Field 'playerId' doesn't have a default value
2024-10-11 10:06:27,424 - ERROR - Error executing query for netball_womens_nz_period: 1364 (HY000): Field 'playerId' doesn't have a default value
2024-10-11 10:06:27,426 - ERROR - Error executing query for netball_womens_nz_period: 1364 (HY000): Field 'playerId' doesn't have a default value
2024-10-11 10:06:27,427 - ERROR - Error executing query for netball_womens_nz_period: 1364 (HY000): Field 'playerId' doesn't have a default value
2024-10-11 10:06:27,429 - ERROR - Error executing query for netball_womens_nz_period: 1364 (HY000): Field 'playerId' doesn't have a default value
2024-10-11 10:06:27,430 - ERROR - Error executing query for netball_womens_nz_period: 1364 (HY000): Field 'playerId' doesn't have a default value
2024-10-11 10:06:27,431 - ERROR - Error executing query for netball_womens_nz_period: 1364 (HY000): Field 'playerId' doesn't have a default value
2024-10-11 10:06:27,432 - ERROR - Error executing query for netball_womens_nz_period: 1364 (HY000): Field 'playerId' doesn't have a default value
2024-10-11 10:06:27,434 - ERROR - Error executing query for netball_womens_nz_period: 1364 (HY000): Field 'playerId' doesn't have a default value
2024-10-11 10:06:27,435 - ERROR - Error executing query for netball_womens_nz_period: 1364 (HY000): Field 'playerId' doesn't have a default value
2024-10-11 10:06:27,436 - ERROR - Error executing query for netball_womens_nz_period: 1364 (HY000): Field 'playerId' doesn't have a default value
2024-10-11 10:06:27,438 - ERROR - Error executing query for netball_womens_nz_period: 1364 (HY000): Field 'playerId' doesn't have a default value
2024-10-11 10:06:27,439 - ERROR - Error executing query for netball_womens_nz_period: 1364 (HY000): Field 'playerId' doesn't have a default value
2024-10-11 10:06:27,440 - ERROR - Error executing query for netball_womens_nz_period: 1364 (HY000): Field 'playerId' doesn't have a default value
2024-10-11 10:06:27,441 - ERROR - Error executing query for netball_womens_nz_period: 1364 (HY000): Field 'playerId' doesn't have a default value
2024-10-11 10:06:27,443 - ERROR - Error executing query for netball_womens_nz_period: 1364 (HY000): Field 'playerId' doesn't have a default value
2024-10-11 10:06:27,445 - ERROR - Error executing query for netball_womens_nz_period: 1364 (HY000): Field 'playerId' doesn't have a default value
2024-10-11 10:06:27,446 - ERROR - Error executing query for netball_womens_nz_period: 1364 (HY000): Field 'playerId' doesn't have a default value
2024-10-11 10:06:27,447 - ERROR - Error executing query for netball_womens_nz_period: 1364 (HY000): Field 'playerId' doesn't have a default value
2024-10-11 10:06:27,449 - ERROR - Error executing query for netball_womens_nz_period: 1364 (HY000): Field 'playerId' doesn't have a default value
2024-10-11 10:06:27,450 - ERROR - Error executing query for netball_womens_nz_period: 1364 (HY000): Field 'playerId' doesn't have a default value
2024-10-11 10:06:27,452 - ERROR - Error executing query for netball_womens_nz_period: 1364 (HY000): Field 'playerId' doesn't have a default value
2024-10-11 10:06:27,453 - ERROR - Error executing query for netball_womens_nz_period: 1364 (HY000): Field 'playerId' doesn't have a default value
2024-10-11 10:06:27,454 - ERROR - Error executing query for netball_womens_nz_period: 1364 (HY000): Field 'playerId' doesn't have a default value
2024-10-11 10:06:27,456 - ERROR - Error executing query for netball_womens_nz_period: 1364 (HY000): Field 'playerId' doesn't have a default value
2024-10-11 10:06:27,458 - ERROR - Error executing query for netball_womens_nz_period: 1364 (HY000): Field 'playerId' doesn't have a default value
2024-10-11 10:06:27,460 - ERROR - Error executing query for netball_womens_nz_period: 1364 (HY000): Field 'playerId' doesn't have a default value
2024-10-11 10:06:27,461 - ERROR - Error executing query for netball_womens_nz_period: 1364 (HY000): Field 'playerId' doesn't have a default value
2024-10-11 10:06:27,462 - ERROR - Error executing query for netball_womens_nz_period: 1364 (HY000): Field 'playerId' doesn't have a default value
2024-10-11 10:06:27,463 - ERROR - Error executing query for netball_womens_nz_period: 1364 (HY000): Field 'playerId' doesn't have a default value
2024-10-11 10:06:27,465 - ERROR - Error executing query for netball_womens_nz_period: 1364 (HY000): Field 'playerId' doesn't have a default value
2024-10-11 10:06:27,466 - ERROR - Error executing query for netball_womens_nz_period: 1364 (HY000): Field 'playerId' doesn't have a default value
2024-10-11 10:06:27,468 - ERROR - Error executing query for netball_womens_nz_period: 1364 (HY000): Field 'playerId' doesn't have a default value
2024-10-11 10:06:27,469 - ERROR - Error executing query for netball_womens_nz_period: 1364 (HY000): Field 'playerId' doesn't have a default value
2024-10-11 10:06:27,470 - ERROR - Error executing query for netball_womens_nz_period: 1364 (HY000): Field 'playerId' doesn't have a default value
2024-10-11 10:06:27,471 - ERROR - Error executing query for netball_womens_nz_period: 1364 (HY000): Field 'playerId' doesn't have a default value
2024-10-11 10:06:27,473 - ERROR - Error executing query for netball_womens_nz_period: 1364 (HY000): Field 'playerId' doesn't have a default value
2024-10-11 10:06:27,474 - ERROR - Error executing query for netball_womens_nz_period: 1364 (HY000): Field 'playerId' doesn't have a default value
2024-10-11 10:06:27,475 - ERROR - Error executing query for netball_womens_nz_period: 1364 (HY000): Field 'playerId' doesn't have a default value
2024-10-11 10:06:27,477 - ERROR - Error executing query for netball_womens_nz_period: 1364 (HY000): Field 'playerId' doesn't have a default value
2024-10-11 10:06:27,479 - ERROR - Error executing query for netball_womens_nz_period: 1364 (HY000): Field 'playerId' doesn't have a default value
2024-10-11 10:06:27,480 - ERROR - Error executing query for netball_womens_nz_period: 1364 (HY000): Field 'playerId' doesn't have a default value
2024-10-11 10:06:27,481 - ERROR - Error executing query for netball_womens_nz_period: 1364 (HY000): Field 'playerId' doesn't have a default value
2024-10-11 10:06:27,483 - ERROR - Error executing query for netball_womens_nz_period: 1364 (HY000): Field 'playerId' doesn't have a default value
2024-10-11 10:06:27,484 - ERROR - Error executing query for netball_womens_nz_period: 1364 (HY000): Field 'playerId' doesn't have a default value
2024-10-11 10:06:27,485 - ERROR - Error executing query for netball_womens_nz_period: 1364 (HY000): Field 'playerId' doesn't have a default value
2024-10-11 10:06:27,486 - ERROR - Error executing query for netball_womens_nz_period: 1364 (HY000): Field 'playerId' doesn't have a default value
2024-10-11 10:06:27,488 - ERROR - Error executing query for netball_womens_nz_period: 1364 (HY000): Field 'playerId' doesn't have a default value
2024-10-11 10:06:27,489 - ERROR - Error executing query for netball_womens_nz_period: 1364 (HY000): Field 'playerId' doesn't have a default value
2024-10-11 10:06:27,490 - ERROR - Error executing query for netball_womens_nz_period: 1364 (HY000): Field 'playerId' doesn't have a default value
2024-10-11 10:06:27,492 - ERROR - Error executing query for netball_womens_nz_period: 1364 (HY000): Field 'playerId' doesn't have a default value
2024-10-11 10:06:27,493 - ERROR - Error executing query for netball_womens_nz_period: 1364 (HY000): Field 'playerId' doesn't have a default value
2024-10-11 10:06:27,495 - ERROR - Error executing query for netball_womens_nz_period: 1364 (HY000): Field 'playerId' doesn't have a default value
2024-10-11 10:06:27,496 - ERROR - Error executing query for netball_womens_nz_period: 1364 (HY000): Field 'playerId' doesn't have a default value
2024-10-11 10:06:27,497 - ERROR - Error executing query for netball_womens_nz_period: 1364 (HY000): Field 'playerId' doesn't have a default value
2024-10-11 10:06:27,498 - ERROR - Error executing query for netball_womens_nz_period: 1364 (HY000): Field 'playerId' doesn't have a default value
2024-10-11 10:06:27,500 - ERROR - Error executing query for netball_womens_nz_period: 1364 (HY000): Field 'playerId' doesn't have a default value
2024-10-11 10:06:27,501 - ERROR - Error executing query for netball_womens_nz_period: 1364 (HY000): Field 'playerId' doesn't have a default value
2024-10-11 10:06:27,502 - ERROR - Error executing query for netball_womens_nz_period: 1364 (HY000): Field 'playerId' doesn't have a default value
2024-10-11 10:06:27,503 - ERROR - Error executing query for netball_womens_nz_period: 1364 (HY000): Field 'playerId' doesn't have a default value
2024-10-11 10:06:27,505 - ERROR - Error executing query for netball_womens_nz_period: 1364 (HY000): Field 'playerId' doesn't have a default value
2024-10-11 10:06:27,506 - ERROR - Error executing query for netball_womens_nz_period: 1364 (HY000): Field 'playerId' doesn't have a default value
2024-10-11 10:06:27,507 - ERROR - Error executing query for netball_womens_nz_period: 1364 (HY000): Field 'playerId' doesn't have a default value
2024-10-11 10:06:27,509 - ERROR - Error executing query for netball_womens_nz_period: 1364 (HY000): Field 'playerId' doesn't have a default value
2024-10-11 10:06:27,510 - ERROR - Error executing query for netball_womens_nz_period: 1364 (HY000): Field 'playerId' doesn't have a default value
2024-10-11 10:06:27,511 - ERROR - Error executing query for netball_womens_nz_period: 1364 (HY000): Field 'playerId' doesn't have a default value
2024-10-11 10:06:27,512 - ERROR - Error executing query for netball_womens_nz_period: 1364 (HY000): Field 'playerId' doesn't have a default value
2024-10-11 10:06:27,514 - ERROR - Error executing query for netball_womens_nz_period: 1364 (HY000): Field 'playerId' doesn't have a default value
2024-10-11 10:06:27,515 - ERROR - Error executing query for netball_womens_nz_period: 1364 (HY000): Field 'playerId' doesn't have a default value
2024-10-11 10:06:27,516 - ERROR - Error executing query for netball_womens_nz_period: 1364 (HY000): Field 'playerId' doesn't have a default value
2024-10-11 10:06:27,518 - ERROR - Error executing query for netball_womens_nz_period: 1364 (HY000): Field 'playerId' doesn't have a default value
2024-10-11 10:06:27,519 - ERROR - Error executing query for netball_womens_nz_period: 1364 (HY000): Field 'playerId' doesn't have a default value
2024-10-11 10:06:27,520 - ERROR - Error executing query for netball_womens_nz_period: 1364 (HY000): Field 'playerId' doesn't have a default value
2024-10-11 10:06:27,522 - ERROR - Error executing query for netball_womens_nz_period: 1364 (HY000): Field 'playerId' doesn't have a default value
2024-10-11 10:06:27,523 - ERROR - Error executing query for netball_womens_nz_period: 1364 (HY000): Field 'playerId' doesn't have a default value
2024-10-11 10:06:27,524 - ERROR - Error executing query for netball_womens_nz_period: 1364 (HY000): Field 'playerId' doesn't have a default value
2024-10-11 10:06:27,526 - ERROR - Error executing query for netball_womens_nz_period: 1364 (HY000): Field 'playerId' doesn't have a default value
2024-10-11 10:06:27,660 - ERROR - Error executing query for netball_womens_nz_score_flow: 1364 (HY000): Field 'squadId' doesn't have a default value
2024-10-11 10:06:27,661 - ERROR - Error executing query for netball_womens_nz_score_flow: 1364 (HY000): Field 'squadId' doesn't have a default value
2024-10-11 10:06:27,662 - ERROR - Error executing query for netball_womens_nz_score_flow: 1364 (HY000): Field 'squadId' doesn't have a default value
2024-10-11 10:06:27,663 - ERROR - Error executing query for netball_womens_nz_score_flow: 1364 (HY000): Field 'squadId' doesn't have a default value
2024-10-11 10:06:27,663 - ERROR - Error executing query for netball_womens_nz_score_flow: 1364 (HY000): Field 'squadId' doesn't have a default value
2024-10-11 10:06:27,664 - ERROR - Error executing query for netball_womens_nz_score_flow: 1364 (HY000): Field 'squadId' doesn't have a default value
2024-10-11 10:06:27,665 - ERROR - Error executing query for netball_womens_nz_score_flow: 1364 (HY000): Field 'squadId' doesn't have a default value
2024-10-11 10:06:27,667 - ERROR - Error executing query for netball_womens_nz_score_flow: 1364 (HY000): Field 'squadId' doesn't have a default value
2024-10-11 10:06:27,668 - ERROR - Error executing query for netball_womens_nz_score_flow: 1364 (HY000): Field 'squadId' doesn't have a default value
2024-10-11 10:06:27,669 - ERROR - Error executing query for netball_womens_nz_score_flow: 1364 (HY000): Field 'squadId' doesn't have a default value
2024-10-11 10:06:27,670 - ERROR - Error executing query for netball_womens_nz_score_flow: 1364 (HY000): Field 'squadId' doesn't have a default value
2024-10-11 10:06:27,670 - ERROR - Error executing query for netball_womens_nz_score_flow: 1364 (HY000): Field 'squadId' doesn't have a default value
2024-10-11 10:06:27,671 - ERROR - Error executing query for netball_womens_nz_score_flow: 1364 (HY000): Field 'squadId' doesn't have a default value
2024-10-11 10:06:27,672 - ERROR - Error executing query for netball_womens_nz_score_flow: 1364 (HY000): Field 'squadId' doesn't have a default value
2024-10-11 10:06:27,673 - ERROR - Error executing query for netball_womens_nz_score_flow: 1364 (HY000): Field 'squadId' doesn't have a default value
2024-10-11 10:06:27,674 - ERROR - Error executing query for netball_womens_nz_score_flow: 1364 (HY000): Field 'squadId' doesn't have a default value
2024-10-11 10:06:27,675 - ERROR - Error executing query for netball_womens_nz_score_flow: 1364 (HY000): Field 'squadId' doesn't have a default value
2024-10-11 10:06:27,676 - ERROR - Error executing query for netball_womens_nz_score_flow: 1364 (HY000): Field 'squadId' doesn't have a default value
2024-10-11 10:06:27,677 - ERROR - Error executing query for netball_womens_nz_score_flow: 1364 (HY000): Field 'squadId' doesn't have a default value
2024-10-11 10:06:27,678 - ERROR - Error executing query for netball_womens_nz_score_flow: 1364 (HY000): Field 'squadId' doesn't have a default value
2024-10-11 10:06:27,679 - ERROR - Error executing query for netball_womens_nz_score_flow: 1364 (HY000): Field 'squadId' doesn't have a default value
2024-10-11 10:06:27,680 - ERROR - Error executing query for netball_womens_nz_score_flow: 1364 (HY000): Field 'squadId' doesn't have a default value
2024-10-11 10:06:27,681 - ERROR - Error executing query for netball_womens_nz_score_flow: 1364 (HY000): Field 'squadId' doesn't have a default value
2024-10-11 10:06:27,682 - ERROR - Error executing query for netball_womens_nz_score_flow: 1364 (HY000): Field 'squadId' doesn't have a default value
2024-10-11 10:06:27,682 - ERROR - Error executing query for netball_womens_nz_score_flow: 1364 (HY000): Field 'squadId' doesn't have a default value
2024-10-11 10:06:27,683 - ERROR - Error executing query for netball_womens_nz_score_flow: 1364 (HY000): Field 'squadId' doesn't have a default value
2024-10-11 10:06:27,684 - ERROR - Error executing query for netball_womens_nz_score_flow: 1364 (HY000): Field 'squadId' doesn't have a default value
2024-10-11 10:06:27,685 - ERROR - Error executing query for netball_womens_nz_score_flow: 1364 (HY000): Field 'squadId' doesn't have a default value
2024-10-11 10:06:27,686 - ERROR - Error executing query for netball_womens_nz_score_flow: 1364 (HY000): Field 'squadId' doesn't have a default value
2024-10-11 10:06:27,687 - ERROR - Error executing query for netball_womens_nz_score_flow: 1364 (HY000): Field 'squadId' doesn't have a default value
2024-10-11 10:06:27,688 - ERROR - Error executing query for netball_womens_nz_score_flow: 1364 (HY000): Field 'squadId' doesn't have a default value
2024-10-11 10:06:27,689 - ERROR - Error executing query for netball_womens_nz_score_flow: 1364 (HY000): Field 'squadId' doesn't have a default value
2024-10-11 10:06:27,690 - ERROR - Error executing query for netball_womens_nz_score_flow: 1364 (HY000): Field 'squadId' doesn't have a default value
2024-10-11 10:06:27,691 - ERROR - Error executing query for netball_womens_nz_score_flow: 1364 (HY000): Field 'squadId' doesn't have a default value
2024-10-11 10:06:27,692 - ERROR - Error executing query for netball_womens_nz_score_flow: 1364 (HY000): Field 'squadId' doesn't have a default value
2024-10-11 10:06:27,693 - ERROR - Error executing query for netball_womens_nz_score_flow: 1364 (HY000): Field 'squadId' doesn't have a default value
2024-10-11 10:06:27,694 - ERROR - Error executing query for netball_womens_nz_score_flow: 1364 (HY000): Field 'squadId' doesn't have a default value
2024-10-11 10:06:27,695 - ERROR - Error executing query for netball_womens_nz_score_flow: 1364 (HY000): Field 'squadId' doesn't have a default value
2024-10-11 10:06:27,696 - ERROR - Error executing query for netball_womens_nz_score_flow: 1364 (HY000): Field 'squadId' doesn't have a default value
2024-10-11 10:06:27,697 - ERROR - Error executing query for netball_womens_nz_score_flow: 1364 (HY000): Field 'squadId' doesn't have a default value
2024-10-11 10:06:27,698 - ERROR - Error executing query for netball_womens_nz_score_flow: 1364 (HY000): Field 'squadId' doesn't have a default value
2024-10-11 10:06:27,699 - ERROR - Error executing query for netball_womens_nz_score_flow: 1364 (HY000): Field 'squadId' doesn't have a default value
2024-10-11 10:06:27,700 - ERROR - Error executing query for netball_womens_nz_score_flow: 1364 (HY000): Field 'squadId' doesn't have a default value
2024-10-11 10:06:27,700 - ERROR - Error executing query for netball_womens_nz_score_flow: 1364 (HY000): Field 'squadId' doesn't have a default value
2024-10-11 10:06:27,701 - ERROR - Error executing query for netball_womens_nz_score_flow: 1364 (HY000): Field 'squadId' doesn't have a default value
2024-10-11 10:06:27,702 - ERROR - Error executing query for netball_womens_nz_score_flow: 1364 (HY000): Field 'squadId' doesn't have a default value
2024-10-11 10:06:27,703 - ERROR - Error executing query for netball_womens_nz_score_flow: 1364 (HY000): Field 'squadId' doesn't have a default value
2024-10-11 10:06:27,704 - ERROR - Error executing query for netball_womens_nz_score_flow: 1364 (HY000): Field 'squadId' doesn't have a default value
2024-10-11 10:06:27,705 - ERROR - Error executing query for netball_womens_nz_score_flow: 1364 (HY000): Field 'squadId' doesn't have a default value
2024-10-11 10:06:27,706 - ERROR - Error executing query for netball_womens_nz_score_flow: 1364 (HY000): Field 'squadId' doesn't have a default value
2024-10-11 10:06:27,707 - ERROR - Error executing query for netball_womens_nz_score_flow: 1364 (HY000): Field 'squadId' doesn't have a default value
2024-10-11 10:06:27,708 - ERROR - Error executing query for netball_womens_nz_score_flow: 1364 (HY000): Field 'squadId' doesn't have a default value
2024-10-11 10:06:27,709 - ERROR - Error executing query for netball_womens_nz_score_flow: 1364 (HY000): Field 'squadId' doesn't have a default value
2024-10-11 10:06:27,710 - ERROR - Error executing query for netball_womens_nz_score_flow: 1364 (HY000): Field 'squadId' doesn't have a default value
2024-10-11 10:06:27,711 - ERROR - Error executing query for netball_womens_nz_score_flow: 1364 (HY000): Field 'squadId' doesn't have a default value
2024-10-11 10:06:27,712 - ERROR - Error executing query for netball_womens_nz_score_flow: 1364 (HY000): Field 'squadId' doesn't have a default value
2024-10-11 10:06:27,713 - ERROR - Error executing query for netball_womens_nz_score_flow: 1364 (HY000): Field 'squadId' doesn't have a default value
2024-10-11 10:06:27,714 - ERROR - Error executing query for netball_womens_nz_score_flow: 1364 (HY000): Field 'squadId' doesn't have a default value
2024-10-11 10:06:27,715 - ERROR - Error executing query for netball_womens_nz_score_flow: 1364 (HY000): Field 'squadId' doesn't have a default value
2024-10-11 10:06:27,715 - ERROR - Error executing query for netball_womens_nz_score_flow: 1364 (HY000): Field 'squadId' doesn't have a default value
2024-10-11 10:06:27,717 - ERROR - Error executing query for netball_womens_nz_score_flow: 1364 (HY000): Field 'squadId' doesn't have a default value
2024-10-11 10:06:27,717 - ERROR - Error executing query for netball_womens_nz_score_flow: 1364 (HY000): Field 'squadId' doesn't have a default value
2024-10-11 10:06:27,718 - ERROR - Error executing query for netball_womens_nz_score_flow: 1364 (HY000): Field 'squadId' doesn't have a default value
2024-10-11 10:06:27,719 - ERROR - Error executing query for netball_womens_nz_score_flow: 1364 (HY000): Field 'squadId' doesn't have a default value
2024-10-11 10:06:27,720 - ERROR - Error executing query for netball_womens_nz_score_flow: 1364 (HY000): Field 'squadId' doesn't have a default value
2024-10-11 10:06:27,721 - ERROR - Error executing query for netball_womens_nz_score_flow: 1364 (HY000): Field 'squadId' doesn't have a default value
2024-10-11 10:06:27,722 - ERROR - Error executing query for netball_womens_nz_score_flow: 1364 (HY000): Field 'squadId' doesn't have a default value
2024-10-11 10:06:27,723 - ERROR - Error executing query for netball_womens_nz_score_flow: 1364 (HY000): Field 'squadId' doesn't have a default value
2024-10-11 10:06:27,724 - ERROR - Error executing query for netball_womens_nz_score_flow: 1364 (HY000): Field 'squadId' doesn't have a default value
2024-10-11 10:06:27,725 - ERROR - Error executing query for netball_womens_nz_score_flow: 1364 (HY000): Field 'squadId' doesn't have a default value
2024-10-11 10:06:27,726 - ERROR - Error executing query for netball_womens_nz_score_flow: 1364 (HY000): Field 'squadId' doesn't have a default value
2024-10-11 10:06:27,727 - ERROR - Error executing query for netball_womens_nz_score_flow: 1364 (HY000): Field 'squadId' doesn't have a default value
2024-10-11 10:06:27,728 - ERROR - Error executing query for netball_womens_nz_score_flow: 1364 (HY000): Field 'squadId' doesn't have a default value
2024-10-11 10:06:27,729 - ERROR - Error executing query for netball_womens_nz_score_flow: 1364 (HY000): Field 'squadId' doesn't have a default value
2024-10-11 10:06:27,730 - ERROR - Error executing query for netball_womens_nz_score_flow: 1364 (HY000): Field 'squadId' doesn't have a default value
2024-10-11 10:06:27,731 - ERROR - Error executing query for netball_womens_nz_score_flow: 1364 (HY000): Field 'squadId' doesn't have a default value
2024-10-11 10:06:27,732 - ERROR - Error executing query for netball_womens_nz_score_flow: 1364 (HY000): Field 'squadId' doesn't have a default value
2024-10-11 10:06:27,733 - ERROR - Error executing query for netball_womens_nz_score_flow: 1364 (HY000): Field 'squadId' doesn't have a default value
2024-10-11 10:06:27,734 - ERROR - Error executing query for netball_womens_nz_score_flow: 1364 (HY000): Field 'squadId' doesn't have a default value
2024-10-11 10:06:27,735 - ERROR - Error executing query for netball_womens_nz_score_flow: 1364 (HY000): Field 'squadId' doesn't have a default value
2024-10-11 10:06:27,736 - ERROR - Error executing query for netball_womens_nz_score_flow: 1364 (HY000): Field 'squadId' doesn't have a default value
2024-10-11 10:06:27,737 - ERROR - Error executing query for netball_womens_nz_score_flow: 1364 (HY000): Field 'squadId' doesn't have a default value
2024-10-11 10:06:27,738 - ERROR - Error executing query for netball_womens_nz_score_flow: 1364 (HY000): Field 'squadId' doesn't have a default value
2024-10-11 10:06:27,739 - ERROR - Error executing query for netball_womens_nz_score_flow: 1364 (HY000): Field 'squadId' doesn't have a default value
2024-10-11 10:06:27,740 - ERROR - Error executing query for netball_womens_nz_score_flow: 1364 (HY000): Field 'squadId' doesn't have a default value
2024-10-11 10:06:27,741 - ERROR - Error executing query for netball_womens_nz_score_flow: 1364 (HY000): Field 'squadId' doesn't have a default value
2024-10-11 10:06:27,742 - ERROR - Error executing query for netball_womens_nz_score_flow: 1364 (HY000): Field 'squadId' doesn't have a default value
2024-10-11 10:06:27,744 - ERROR - Error executing query for netball_womens_nz_score_flow: 1364 (HY000): Field 'squadId' doesn't have a default value
2024-10-11 10:06:27,745 - ERROR - Error executing query for netball_womens_nz_score_flow: 1364 (HY000): Field 'squadId' doesn't have a default value
2024-10-11 10:06:27,746 - ERROR - Error executing query for netball_womens_nz_score_flow: 1364 (HY000): Field 'squadId' doesn't have a default value
2024-10-11 10:06:27,747 - ERROR - Error executing query for netball_womens_nz_score_flow: 1364 (HY000): Field 'squadId' doesn't have a default value
2024-10-11 10:06:27,748 - ERROR - Error executing query for netball_womens_nz_score_flow: 1364 (HY000): Field 'squadId' doesn't have a default value
2024-10-11 10:06:27,749 - ERROR - Error executing query for netball_womens_nz_score_flow: 1364 (HY000): Field 'squadId' doesn't have a default value
2024-10-11 10:06:27,750 - ERROR - Error executing query for netball_womens_nz_score_flow: 1364 (HY000): Field 'squadId' doesn't have a default value
2024-10-11 10:06:27,751 - ERROR - Error executing query for netball_womens_nz_score_flow: 1364 (HY000): Field 'squadId' doesn't have a default value
2024-10-11 10:06:27,752 - ERROR - Error executing query for netball_womens_nz_score_flow: 1364 (HY000): Field 'squadId' doesn't have a default value
2024-10-11 10:06:27,753 - ERROR - Error executing query for netball_womens_nz_score_flow: 1364 (HY000): Field 'squadId' doesn't have a default value
2024-10-11 10:06:27,754 - ERROR - Error executing query for netball_womens_nz_score_flow: 1364 (HY000): Field 'squadId' doesn't have a default value
2024-10-11 10:06:27,755 - ERROR - Error executing query for netball_womens_nz_score_flow: 1364 (HY000): Field 'squadId' doesn't have a default value
2024-10-11 10:06:27,756 - ERROR - Error executing query for netball_womens_nz_score_flow: 1364 (HY000): Field 'squadId' doesn't have a default value
2024-10-11 10:06:27,757 - ERROR - Error executing query for netball_womens_nz_score_flow: 1364 (HY000): Field 'squadId' doesn't have a default value
2024-10-11 10:06:27,758 - ERROR - Error executing query for netball_womens_nz_score_flow: 1364 (HY000): Field 'squadId' doesn't have a default value
2024-10-11 10:06:27,759 - ERROR - Error executing query for netball_womens_nz_score_flow: 1364 (HY000): Field 'squadId' doesn't have a default value
2024-10-11 10:06:27,760 - ERROR - Error executing query for netball_womens_nz_score_flow: 1364 (HY000): Field 'squadId' doesn't have a default value
2024-10-11 10:06:27,761 - ERROR - Error executing query for netball_womens_nz_score_flow: 1364 (HY000): Field 'squadId' doesn't have a default value
2024-10-11 10:06:27,762 - ERROR - Error executing query for netball_womens_nz_score_flow: 1364 (HY000): Field 'squadId' doesn't have a default value
2024-10-11 10:06:27,763 - ERROR - Error executing query for netball_womens_nz_score_flow: 1364 (HY000): Field 'squadId' doesn't have a default value
2024-10-11 10:06:27,764 - ERROR - Error executing query for netball_womens_nz_score_flow: 1364 (HY000): Field 'squadId' doesn't have a default value
2024-10-11 10:06:27,765 - ERROR - Error executing query for netball_womens_nz_fixture: 1364 (HY000): Field 'fixtureId' doesn't have a default value
2024-10-11 10:06:27,766 - ERROR - Error executing query for sport_info: 1364 (HY000): Field 'sportId' doesn't have a default value
2024-10-11 10:06:27,905 - ERROR - Error executing query for player_info: 1364 (HY000): Field 'playerId' doesn't have a default value
2024-10-11 10:06:27,906 - ERROR - Error executing query for squad_info: 1364 (HY000): Field 'squadID' doesn't have a default value
2024-10-11 10:06:27,907 - ERROR - Error executing query for netball_womens_nz_match: 1364 (HY000): Field 'playerId' doesn't have a default value
2024-10-11 10:06:27,908 - ERROR - Error executing query for player_info: 1364 (HY000): Field 'playerId' doesn't have a default value
2024-10-11 10:06:27,909 - ERROR - Error executing query for squad_info: 1364 (HY000): Field 'squadID' doesn't have a default value
2024-10-11 10:06:27,910 - ERROR - Error executing query for netball_womens_nz_match: 1364 (HY000): Field 'playerId' doesn't have a default value
2024-10-11 10:06:27,911 - ERROR - Error executing query for player_info: 1364 (HY000): Field 'playerId' doesn't have a default value
2024-10-11 10:06:27,912 - ERROR - Error executing query for squad_info: 1364 (HY000): Field 'squadID' doesn't have a default value
2024-10-11 10:06:27,913 - ERROR - Error executing query for netball_womens_nz_match: 1364 (HY000): Field 'playerId' doesn't have a default value
2024-10-11 10:06:27,914 - ERROR - Error executing query for player_info: 1364 (HY000): Field 'playerId' doesn't have a default value
2024-10-11 10:06:27,915 - ERROR - Error executing query for squad_info: 1364 (HY000): Field 'squadID' doesn't have a default value
2024-10-11 10:06:27,916 - ERROR - Error executing query for netball_womens_nz_match: 1364 (HY000): Field 'playerId' doesn't have a default value
2024-10-11 10:06:27,917 - ERROR - Error executing query for player_info: 1364 (HY000): Field 'playerId' doesn't have a default value
2024-10-11 10:06:27,918 - ERROR - Error executing query for squad_info: 1364 (HY000): Field 'squadID' doesn't have a default value
2024-10-11 10:06:27,919 - ERROR - Error executing query for netball_womens_nz_match: 1364 (HY000): Field 'playerId' doesn't have a default value
2024-10-11 10:06:27,920 - ERROR - Error executing query for player_info: 1364 (HY000): Field 'playerId' doesn't have a default value
2024-10-11 10:06:27,921 - ERROR - Error executing query for squad_info: 1364 (HY000): Field 'squadID' doesn't have a default value
2024-10-11 10:06:27,922 - ERROR - Error executing query for netball_womens_nz_match: 1364 (HY000): Field 'playerId' doesn't have a default value
2024-10-11 10:06:27,923 - ERROR - Error executing query for player_info: 1364 (HY000): Field 'playerId' doesn't have a default value
2024-10-11 10:06:27,924 - ERROR - Error executing query for squad_info: 1364 (HY000): Field 'squadID' doesn't have a default value
2024-10-11 10:06:27,926 - ERROR - Error executing query for netball_womens_nz_match: 1364 (HY000): Field 'playerId' doesn't have a default value
2024-10-11 10:06:27,927 - ERROR - Error executing query for player_info: 1364 (HY000): Field 'playerId' doesn't have a default value
2024-10-11 10:06:27,928 - ERROR - Error executing query for squad_info: 1364 (HY000): Field 'squadID' doesn't have a default value
2024-10-11 10:06:27,929 - ERROR - Error executing query for netball_womens_nz_match: 1364 (HY000): Field 'playerId' doesn't have a default value
2024-10-11 10:06:27,930 - ERROR - Error executing query for player_info: 1364 (HY000): Field 'playerId' doesn't have a default value
2024-10-11 10:06:27,931 - ERROR - Error executing query for squad_info: 1364 (HY000): Field 'squadID' doesn't have a default value
2024-10-11 10:06:27,933 - ERROR - Error executing query for netball_womens_nz_match: 1364 (HY000): Field 'playerId' doesn't have a default value
2024-10-11 10:06:27,933 - ERROR - Error executing query for player_info: 1364 (HY000): Field 'playerId' doesn't have a default value
2024-10-11 10:06:27,934 - ERROR - Error executing query for squad_info: 1364 (HY000): Field 'squadID' doesn't have a default value
2024-10-11 10:06:27,936 - ERROR - Error executing query for netball_womens_nz_match: 1364 (HY000): Field 'playerId' doesn't have a default value
2024-10-11 10:06:27,937 - ERROR - Error executing query for player_info: 1364 (HY000): Field 'playerId' doesn't have a default value
2024-10-11 10:06:27,938 - ERROR - Error executing query for squad_info: 1364 (HY000): Field 'squadID' doesn't have a default value
2024-10-11 10:06:27,939 - ERROR - Error executing query for netball_womens_nz_match: 1364 (HY000): Field 'playerId' doesn't have a default value
2024-10-11 10:06:27,940 - ERROR - Error executing query for player_info: 1364 (HY000): Field 'playerId' doesn't have a default value
2024-10-11 10:06:27,941 - ERROR - Error executing query for squad_info: 1364 (HY000): Field 'squadID' doesn't have a default value
2024-10-11 10:06:27,942 - ERROR - Error executing query for netball_womens_nz_match: 1364 (HY000): Field 'playerId' doesn't have a default value
2024-10-11 10:06:27,943 - ERROR - Error executing query for player_info: 1364 (HY000): Field 'playerId' doesn't have a default value
2024-10-11 10:06:27,944 - ERROR - Error executing query for squad_info: 1364 (HY000): Field 'squadID' doesn't have a default value
2024-10-11 10:06:27,945 - ERROR - Error executing query for netball_womens_nz_match: 1364 (HY000): Field 'playerId' doesn't have a default value
2024-10-11 10:06:27,946 - ERROR - Error executing query for player_info: 1364 (HY000): Field 'playerId' doesn't have a default value
2024-10-11 10:06:27,947 - ERROR - Error executing query for squad_info: 1364 (HY000): Field 'squadID' doesn't have a default value
2024-10-11 10:06:27,948 - ERROR - Error executing query for netball_womens_nz_match: 1364 (HY000): Field 'playerId' doesn't have a default value
2024-10-11 10:06:27,949 - ERROR - Error executing query for player_info: 1364 (HY000): Field 'playerId' doesn't have a default value
2024-10-11 10:06:27,950 - ERROR - Error executing query for squad_info: 1364 (HY000): Field 'squadID' doesn't have a default value
2024-10-11 10:06:27,951 - ERROR - Error executing query for netball_womens_nz_match: 1364 (HY000): Field 'playerId' doesn't have a default value
2024-10-11 10:06:27,952 - ERROR - Error executing query for player_info: 1364 (HY000): Field 'playerId' doesn't have a default value
2024-10-11 10:06:27,953 - ERROR - Error executing query for squad_info: 1364 (HY000): Field 'squadID' doesn't have a default value
2024-10-11 10:06:27,954 - ERROR - Error executing query for netball_womens_nz_match: 1364 (HY000): Field 'playerId' doesn't have a default value
2024-10-11 10:06:27,955 - ERROR - Error executing query for player_info: 1364 (HY000): Field 'playerId' doesn't have a default value
2024-10-11 10:06:27,956 - ERROR - Error executing query for squad_info: 1364 (HY000): Field 'squadID' doesn't have a default value
2024-10-11 10:06:27,957 - ERROR - Error executing query for netball_womens_nz_match: 1364 (HY000): Field 'playerId' doesn't have a default value
2024-10-11 10:06:27,958 - ERROR - Error executing query for player_info: 1364 (HY000): Field 'playerId' doesn't have a default value
2024-10-11 10:06:27,959 - ERROR - Error executing query for squad_info: 1364 (HY000): Field 'squadID' doesn't have a default value
2024-10-11 10:06:27,960 - ERROR - Error executing query for netball_womens_nz_match: 1364 (HY000): Field 'playerId' doesn't have a default value
2024-10-11 10:06:27,961 - ERROR - Error executing query for player_info: 1364 (HY000): Field 'playerId' doesn't have a default value
2024-10-11 10:06:27,962 - ERROR - Error executing query for squad_info: 1364 (HY000): Field 'squadID' doesn't have a default value
2024-10-11 10:06:27,963 - ERROR - Error executing query for netball_womens_nz_match: 1364 (HY000): Field 'playerId' doesn't have a default value
2024-10-11 10:06:27,964 - ERROR - Error executing query for player_info: 1364 (HY000): Field 'playerId' doesn't have a default value
2024-10-11 10:06:27,965 - ERROR - Error executing query for squad_info: 1364 (HY000): Field 'squadID' doesn't have a default value
2024-10-11 10:06:27,966 - ERROR - Error executing query for netball_womens_nz_match: 1364 (HY000): Field 'playerId' doesn't have a default value
2024-10-11 10:06:27,967 - ERROR - Error executing query for player_info: 1364 (HY000): Field 'playerId' doesn't have a default value
2024-10-11 10:06:27,968 - ERROR - Error executing query for squad_info: 1364 (HY000): Field 'squadID' doesn't have a default value
2024-10-11 10:06:27,969 - ERROR - Error executing query for netball_womens_nz_match: 1364 (HY000): Field 'playerId' doesn't have a default value
2024-10-11 10:06:27,970 - ERROR - Error executing query for player_info: 1364 (HY000): Field 'playerId' doesn't have a default value
2024-10-11 10:06:27,971 - ERROR - Error executing query for squad_info: 1364 (HY000): Field 'squadID' doesn't have a default value
2024-10-11 10:06:27,972 - ERROR - Error executing query for netball_womens_nz_match: 1364 (HY000): Field 'playerId' doesn't have a default value
2024-10-11 10:06:27,973 - ERROR - Error executing query for player_info: 1364 (HY000): Field 'playerId' doesn't have a default value
2024-10-11 10:06:27,974 - ERROR - Error executing query for squad_info: 1364 (HY000): Field 'squadID' doesn't have a default value
2024-10-11 10:06:27,975 - ERROR - Error executing query for netball_womens_nz_match: 1364 (HY000): Field 'playerId' doesn't have a default value
2024-10-11 10:06:27,976 - ERROR - Error executing query for player_info: 1364 (HY000): Field 'playerId' doesn't have a default value
2024-10-11 10:06:27,977 - ERROR - Error executing query for squad_info: 1364 (HY000): Field 'squadID' doesn't have a default value
2024-10-11 10:06:27,978 - ERROR - Error executing query for netball_womens_nz_match: 1364 (HY000): Field 'playerId' doesn't have a default value
2024-10-11 10:06:28,119 - ERROR - Error executing query for netball_womens_nz_period: 1364 (HY000): Field 'playerId' doesn't have a default value
2024-10-11 10:06:28,121 - ERROR - Error executing query for netball_womens_nz_period: 1364 (HY000): Field 'playerId' doesn't have a default value
2024-10-11 10:06:28,122 - ERROR - Error executing query for netball_womens_nz_period: 1364 (HY000): Field 'playerId' doesn't have a default value
2024-10-11 10:06:28,124 - ERROR - Error executing query for netball_womens_nz_period: 1364 (HY000): Field 'playerId' doesn't have a default value
2024-10-11 10:06:28,125 - ERROR - Error executing query for netball_womens_nz_period: 1364 (HY000): Field 'playerId' doesn't have a default value
2024-10-11 10:06:28,126 - ERROR - Error executing query for netball_womens_nz_period: 1364 (HY000): Field 'playerId' doesn't have a default value
2024-10-11 10:06:28,128 - ERROR - Error executing query for netball_womens_nz_period: 1364 (HY000): Field 'playerId' doesn't have a default value
2024-10-11 10:06:28,129 - ERROR - Error executing query for netball_womens_nz_period: 1364 (HY000): Field 'playerId' doesn't have a default value
2024-10-11 10:06:28,130 - ERROR - Error executing query for netball_womens_nz_period: 1364 (HY000): Field 'playerId' doesn't have a default value
2024-10-11 10:06:28,132 - ERROR - Error executing query for netball_womens_nz_period: 1364 (HY000): Field 'playerId' doesn't have a default value
2024-10-11 10:06:28,133 - ERROR - Error executing query for netball_womens_nz_period: 1364 (HY000): Field 'playerId' doesn't have a default value
2024-10-11 10:06:28,134 - ERROR - Error executing query for netball_womens_nz_period: 1364 (HY000): Field 'playerId' doesn't have a default value
2024-10-11 10:06:28,136 - ERROR - Error executing query for netball_womens_nz_period: 1364 (HY000): Field 'playerId' doesn't have a default value
2024-10-11 10:06:28,137 - ERROR - Error executing query for netball_womens_nz_period: 1364 (HY000): Field 'playerId' doesn't have a default value
2024-10-11 10:06:28,138 - ERROR - Error executing query for netball_womens_nz_period: 1364 (HY000): Field 'playerId' doesn't have a default value
2024-10-11 10:06:28,140 - ERROR - Error executing query for netball_womens_nz_period: 1364 (HY000): Field 'playerId' doesn't have a default value
2024-10-11 10:06:28,141 - ERROR - Error executing query for netball_womens_nz_period: 1364 (HY000): Field 'playerId' doesn't have a default value
2024-10-11 10:06:28,142 - ERROR - Error executing query for netball_womens_nz_period: 1364 (HY000): Field 'playerId' doesn't have a default value
2024-10-11 10:06:28,143 - ERROR - Error executing query for netball_womens_nz_period: 1364 (HY000): Field 'playerId' doesn't have a default value
2024-10-11 10:06:28,145 - ERROR - Error executing query for netball_womens_nz_period: 1364 (HY000): Field 'playerId' doesn't have a default value
2024-10-11 10:06:28,146 - ERROR - Error executing query for netball_womens_nz_period: 1364 (HY000): Field 'playerId' doesn't have a default value
2024-10-11 10:06:28,147 - ERROR - Error executing query for netball_womens_nz_period: 1364 (HY000): Field 'playerId' doesn't have a default value
2024-10-11 10:06:28,149 - ERROR - Error executing query for netball_womens_nz_period: 1364 (HY000): Field 'playerId' doesn't have a default value
2024-10-11 10:06:28,150 - ERROR - Error executing query for netball_womens_nz_period: 1364 (HY000): Field 'playerId' doesn't have a default value
2024-10-11 10:06:28,151 - ERROR - Error executing query for netball_womens_nz_period: 1364 (HY000): Field 'playerId' doesn't have a default value
2024-10-11 10:06:28,153 - ERROR - Error executing query for netball_womens_nz_period: 1364 (HY000): Field 'playerId' doesn't have a default value
2024-10-11 10:06:28,155 - ERROR - Error executing query for netball_womens_nz_period: 1364 (HY000): Field 'playerId' doesn't have a default value
2024-10-11 10:06:28,156 - ERROR - Error executing query for netball_womens_nz_period: 1364 (HY000): Field 'playerId' doesn't have a default value
2024-10-11 10:06:28,158 - ERROR - Error executing query for netball_womens_nz_period: 1364 (HY000): Field 'playerId' doesn't have a default value
2024-10-11 10:06:28,159 - ERROR - Error executing query for netball_womens_nz_period: 1364 (HY000): Field 'playerId' doesn't have a default value
2024-10-11 10:06:28,160 - ERROR - Error executing query for netball_womens_nz_period: 1364 (HY000): Field 'playerId' doesn't have a default value
2024-10-11 10:06:28,162 - ERROR - Error executing query for netball_womens_nz_period: 1364 (HY000): Field 'playerId' doesn't have a default value
2024-10-11 10:06:28,164 - ERROR - Error executing query for netball_womens_nz_period: 1364 (HY000): Field 'playerId' doesn't have a default value
2024-10-11 10:06:28,165 - ERROR - Error executing query for netball_womens_nz_period: 1364 (HY000): Field 'playerId' doesn't have a default value
2024-10-11 10:06:28,168 - ERROR - Error executing query for netball_womens_nz_period: 1364 (HY000): Field 'playerId' doesn't have a default value
2024-10-11 10:06:28,170 - ERROR - Error executing query for netball_womens_nz_period: 1364 (HY000): Field 'playerId' doesn't have a default value
2024-10-11 10:06:28,171 - ERROR - Error executing query for netball_womens_nz_period: 1364 (HY000): Field 'playerId' doesn't have a default value
2024-10-11 10:06:28,172 - ERROR - Error executing query for netball_womens_nz_period: 1364 (HY000): Field 'playerId' doesn't have a default value
2024-10-11 10:06:28,174 - ERROR - Error executing query for netball_womens_nz_period: 1364 (HY000): Field 'playerId' doesn't have a default value
2024-10-11 10:06:28,175 - ERROR - Error executing query for netball_womens_nz_period: 1364 (HY000): Field 'playerId' doesn't have a default value
2024-10-11 10:06:28,176 - ERROR - Error executing query for netball_womens_nz_period: 1364 (HY000): Field 'playerId' doesn't have a default value
2024-10-11 10:06:28,178 - ERROR - Error executing query for netball_womens_nz_period: 1364 (HY000): Field 'playerId' doesn't have a default value
2024-10-11 10:06:28,179 - ERROR - Error executing query for netball_womens_nz_period: 1364 (HY000): Field 'playerId' doesn't have a default value
2024-10-11 10:06:28,180 - ERROR - Error executing query for netball_womens_nz_period: 1364 (HY000): Field 'playerId' doesn't have a default value
2024-10-11 10:06:28,182 - ERROR - Error executing query for netball_womens_nz_period: 1364 (HY000): Field 'playerId' doesn't have a default value
2024-10-11 10:06:28,183 - ERROR - Error executing query for netball_womens_nz_period: 1364 (HY000): Field 'playerId' doesn't have a default value
2024-10-11 10:06:28,184 - ERROR - Error executing query for netball_womens_nz_period: 1364 (HY000): Field 'playerId' doesn't have a default value
2024-10-11 10:06:28,186 - ERROR - Error executing query for netball_womens_nz_period: 1364 (HY000): Field 'playerId' doesn't have a default value
2024-10-11 10:06:28,187 - ERROR - Error executing query for netball_womens_nz_period: 1364 (HY000): Field 'playerId' doesn't have a default value
2024-10-11 10:06:28,189 - ERROR - Error executing query for netball_womens_nz_period: 1364 (HY000): Field 'playerId' doesn't have a default value
2024-10-11 10:06:28,190 - ERROR - Error executing query for netball_womens_nz_period: 1364 (HY000): Field 'playerId' doesn't have a default value
2024-10-11 10:06:28,191 - ERROR - Error executing query for netball_womens_nz_period: 1364 (HY000): Field 'playerId' doesn't have a default value
2024-10-11 10:06:28,192 - ERROR - Error executing query for netball_womens_nz_period: 1364 (HY000): Field 'playerId' doesn't have a default value
2024-10-11 10:06:28,194 - ERROR - Error executing query for netball_womens_nz_period: 1364 (HY000): Field 'playerId' doesn't have a default value
2024-10-11 10:06:28,195 - ERROR - Error executing query for netball_womens_nz_period: 1364 (HY000): Field 'playerId' doesn't have a default value
2024-10-11 10:06:28,196 - ERROR - Error executing query for netball_womens_nz_period: 1364 (HY000): Field 'playerId' doesn't have a default value
2024-10-11 10:06:28,198 - ERROR - Error executing query for netball_womens_nz_period: 1364 (HY000): Field 'playerId' doesn't have a default value
2024-10-11 10:06:28,199 - ERROR - Error executing query for netball_womens_nz_period: 1364 (HY000): Field 'playerId' doesn't have a default value
2024-10-11 10:06:28,200 - ERROR - Error executing query for netball_womens_nz_period: 1364 (HY000): Field 'playerId' doesn't have a default value
2024-10-11 10:06:28,202 - ERROR - Error executing query for netball_womens_nz_period: 1364 (HY000): Field 'playerId' doesn't have a default value
2024-10-11 10:06:28,203 - ERROR - Error executing query for netball_womens_nz_period: 1364 (HY000): Field 'playerId' doesn't have a default value
2024-10-11 10:06:28,204 - ERROR - Error executing query for netball_womens_nz_period: 1364 (HY000): Field 'playerId' doesn't have a default value
2024-10-11 10:06:28,205 - ERROR - Error executing query for netball_womens_nz_period: 1364 (HY000): Field 'playerId' doesn't have a default value
2024-10-11 10:06:28,207 - ERROR - Error executing query for netball_womens_nz_period: 1364 (HY000): Field 'playerId' doesn't have a default value
2024-10-11 10:06:28,208 - ERROR - Error executing query for netball_womens_nz_period: 1364 (HY000): Field 'playerId' doesn't have a default value
2024-10-11 10:06:28,209 - ERROR - Error executing query for netball_womens_nz_period: 1364 (HY000): Field 'playerId' doesn't have a default value
2024-10-11 10:06:28,210 - ERROR - Error executing query for netball_womens_nz_period: 1364 (HY000): Field 'playerId' doesn't have a default value
2024-10-11 10:06:28,212 - ERROR - Error executing query for netball_womens_nz_period: 1364 (HY000): Field 'playerId' doesn't have a default value
2024-10-11 10:06:28,213 - ERROR - Error executing query for netball_womens_nz_period: 1364 (HY000): Field 'playerId' doesn't have a default value
2024-10-11 10:06:28,214 - ERROR - Error executing query for netball_womens_nz_period: 1364 (HY000): Field 'playerId' doesn't have a default value
2024-10-11 10:06:28,216 - ERROR - Error executing query for netball_womens_nz_period: 1364 (HY000): Field 'playerId' doesn't have a default value
2024-10-11 10:06:28,217 - ERROR - Error executing query for netball_womens_nz_period: 1364 (HY000): Field 'playerId' doesn't have a default value
2024-10-11 10:06:28,218 - ERROR - Error executing query for netball_womens_nz_period: 1364 (HY000): Field 'playerId' doesn't have a default value
2024-10-11 10:06:28,219 - ERROR - Error executing query for netball_womens_nz_period: 1364 (HY000): Field 'playerId' doesn't have a default value
2024-10-11 10:06:28,221 - ERROR - Error executing query for netball_womens_nz_period: 1364 (HY000): Field 'playerId' doesn't have a default value
2024-10-11 10:06:28,222 - ERROR - Error executing query for netball_womens_nz_period: 1364 (HY000): Field 'playerId' doesn't have a default value
2024-10-11 10:06:28,223 - ERROR - Error executing query for netball_womens_nz_period: 1364 (HY000): Field 'playerId' doesn't have a default value
2024-10-11 10:06:28,224 - ERROR - Error executing query for netball_womens_nz_period: 1364 (HY000): Field 'playerId' doesn't have a default value
2024-10-11 10:06:28,226 - ERROR - Error executing query for netball_womens_nz_period: 1364 (HY000): Field 'playerId' doesn't have a default value
2024-10-11 10:06:28,227 - ERROR - Error executing query for netball_womens_nz_period: 1364 (HY000): Field 'playerId' doesn't have a default value
2024-10-11 10:06:28,228 - ERROR - Error executing query for netball_womens_nz_period: 1364 (HY000): Field 'playerId' doesn't have a default value
2024-10-11 10:06:28,229 - ERROR - Error executing query for netball_womens_nz_period: 1364 (HY000): Field 'playerId' doesn't have a default value
2024-10-11 10:06:28,231 - ERROR - Error executing query for netball_womens_nz_period: 1364 (HY000): Field 'playerId' doesn't have a default value
2024-10-11 10:06:28,232 - ERROR - Error executing query for netball_womens_nz_period: 1364 (HY000): Field 'playerId' doesn't have a default value
2024-10-11 10:06:28,233 - ERROR - Error executing query for netball_womens_nz_period: 1364 (HY000): Field 'playerId' doesn't have a default value
2024-10-11 10:06:28,235 - ERROR - Error executing query for netball_womens_nz_period: 1364 (HY000): Field 'playerId' doesn't have a default value
2024-10-11 10:06:28,236 - ERROR - Error executing query for netball_womens_nz_period: 1364 (HY000): Field 'playerId' doesn't have a default value
2024-10-11 10:06:28,237 - ERROR - Error executing query for netball_womens_nz_period: 1364 (HY000): Field 'playerId' doesn't have a default value
2024-10-11 10:06:28,238 - ERROR - Error executing query for netball_womens_nz_period: 1364 (HY000): Field 'playerId' doesn't have a default value
2024-10-11 10:06:28,240 - ERROR - Error executing query for netball_womens_nz_period: 1364 (HY000): Field 'playerId' doesn't have a default value
2024-10-11 10:06:28,241 - ERROR - Error executing query for netball_womens_nz_period: 1364 (HY000): Field 'playerId' doesn't have a default value
2024-10-11 10:06:28,242 - ERROR - Error executing query for netball_womens_nz_period: 1364 (HY000): Field 'playerId' doesn't have a default value
2024-10-11 10:06:28,243 - ERROR - Error executing query for netball_womens_nz_period: 1364 (HY000): Field 'playerId' doesn't have a default value
2024-10-11 10:06:28,245 - ERROR - Error executing query for netball_womens_nz_period: 1364 (HY000): Field 'playerId' doesn't have a default value
2024-10-11 10:06:28,246 - ERROR - Error executing query for netball_womens_nz_period: 1364 (HY000): Field 'playerId' doesn't have a default value
2024-10-11 10:06:28,247 - ERROR - Error executing query for netball_womens_nz_period: 1364 (HY000): Field 'playerId' doesn't have a default value
2024-10-11 10:06:28,379 - ERROR - Error executing query for netball_womens_nz_score_flow: 1364 (HY000): Field 'squadId' doesn't have a default value
2024-10-11 10:06:28,380 - ERROR - Error executing query for netball_womens_nz_score_flow: 1364 (HY000): Field 'squadId' doesn't have a default value
2024-10-11 10:06:28,381 - ERROR - Error executing query for netball_womens_nz_score_flow: 1364 (HY000): Field 'squadId' doesn't have a default value
2024-10-11 10:06:28,382 - ERROR - Error executing query for netball_womens_nz_score_flow: 1364 (HY000): Field 'squadId' doesn't have a default value
2024-10-11 10:06:28,383 - ERROR - Error executing query for netball_womens_nz_score_flow: 1364 (HY000): Field 'squadId' doesn't have a default value
2024-10-11 10:06:28,384 - ERROR - Error executing query for netball_womens_nz_score_flow: 1364 (HY000): Field 'squadId' doesn't have a default value
2024-10-11 10:06:28,385 - ERROR - Error executing query for netball_womens_nz_score_flow: 1364 (HY000): Field 'squadId' doesn't have a default value
2024-10-11 10:06:28,386 - ERROR - Error executing query for netball_womens_nz_score_flow: 1364 (HY000): Field 'squadId' doesn't have a default value
2024-10-11 10:06:28,387 - ERROR - Error executing query for netball_womens_nz_score_flow: 1364 (HY000): Field 'squadId' doesn't have a default value
2024-10-11 10:06:28,388 - ERROR - Error executing query for netball_womens_nz_score_flow: 1364 (HY000): Field 'squadId' doesn't have a default value
2024-10-11 10:06:28,389 - ERROR - Error executing query for netball_womens_nz_score_flow: 1364 (HY000): Field 'squadId' doesn't have a default value
2024-10-11 10:06:28,390 - ERROR - Error executing query for netball_womens_nz_score_flow: 1364 (HY000): Field 'squadId' doesn't have a default value
2024-10-11 10:06:28,391 - ERROR - Error executing query for netball_womens_nz_score_flow: 1364 (HY000): Field 'squadId' doesn't have a default value
2024-10-11 10:06:28,392 - ERROR - Error executing query for netball_womens_nz_score_flow: 1364 (HY000): Field 'squadId' doesn't have a default value
2024-10-11 10:06:28,392 - ERROR - Error executing query for netball_womens_nz_score_flow: 1364 (HY000): Field 'squadId' doesn't have a default value
2024-10-11 10:06:28,393 - ERROR - Error executing query for netball_womens_nz_score_flow: 1364 (HY000): Field 'squadId' doesn't have a default value
2024-10-11 10:06:28,394 - ERROR - Error executing query for netball_womens_nz_score_flow: 1364 (HY000): Field 'squadId' doesn't have a default value
2024-10-11 10:06:28,395 - ERROR - Error executing query for netball_womens_nz_score_flow: 1364 (HY000): Field 'squadId' doesn't have a default value
2024-10-11 10:06:28,396 - ERROR - Error executing query for netball_womens_nz_score_flow: 1364 (HY000): Field 'squadId' doesn't have a default value
2024-10-11 10:06:28,397 - ERROR - Error executing query for netball_womens_nz_score_flow: 1364 (HY000): Field 'squadId' doesn't have a default value
2024-10-11 10:06:28,398 - ERROR - Error executing query for netball_womens_nz_score_flow: 1364 (HY000): Field 'squadId' doesn't have a default value
2024-10-11 10:06:28,399 - ERROR - Error executing query for netball_womens_nz_score_flow: 1364 (HY000): Field 'squadId' doesn't have a default value
2024-10-11 10:06:28,400 - ERROR - Error executing query for netball_womens_nz_score_flow: 1364 (HY000): Field 'squadId' doesn't have a default value
2024-10-11 10:06:28,401 - ERROR - Error executing query for netball_womens_nz_score_flow: 1364 (HY000): Field 'squadId' doesn't have a default value
2024-10-11 10:06:28,402 - ERROR - Error executing query for netball_womens_nz_score_flow: 1364 (HY000): Field 'squadId' doesn't have a default value
2024-10-11 10:06:28,403 - ERROR - Error executing query for netball_womens_nz_score_flow: 1364 (HY000): Field 'squadId' doesn't have a default value
2024-10-11 10:06:28,404 - ERROR - Error executing query for netball_womens_nz_score_flow: 1364 (HY000): Field 'squadId' doesn't have a default value
2024-10-11 10:06:28,405 - ERROR - Error executing query for netball_womens_nz_score_flow: 1364 (HY000): Field 'squadId' doesn't have a default value
2024-10-11 10:06:28,406 - ERROR - Error executing query for netball_womens_nz_score_flow: 1364 (HY000): Field 'squadId' doesn't have a default value
2024-10-11 10:06:28,407 - ERROR - Error executing query for netball_womens_nz_score_flow: 1364 (HY000): Field 'squadId' doesn't have a default value
2024-10-11 10:06:28,408 - ERROR - Error executing query for netball_womens_nz_score_flow: 1364 (HY000): Field 'squadId' doesn't have a default value
2024-10-11 10:06:28,409 - ERROR - Error executing query for netball_womens_nz_score_flow: 1364 (HY000): Field 'squadId' doesn't have a default value
2024-10-11 10:06:28,410 - ERROR - Error executing query for netball_womens_nz_score_flow: 1364 (HY000): Field 'squadId' doesn't have a default value
2024-10-11 10:06:28,410 - ERROR - Error executing query for netball_womens_nz_score_flow: 1364 (HY000): Field 'squadId' doesn't have a default value
2024-10-11 10:06:28,411 - ERROR - Error executing query for netball_womens_nz_score_flow: 1364 (HY000): Field 'squadId' doesn't have a default value
2024-10-11 10:06:28,412 - ERROR - Error executing query for netball_womens_nz_score_flow: 1364 (HY000): Field 'squadId' doesn't have a default value
2024-10-11 10:06:28,413 - ERROR - Error executing query for netball_womens_nz_score_flow: 1364 (HY000): Field 'squadId' doesn't have a default value
2024-10-11 10:06:28,414 - ERROR - Error executing query for netball_womens_nz_score_flow: 1364 (HY000): Field 'squadId' doesn't have a default value
2024-10-11 10:06:28,415 - ERROR - Error executing query for netball_womens_nz_score_flow: 1364 (HY000): Field 'squadId' doesn't have a default value
2024-10-11 10:06:28,417 - ERROR - Error executing query for netball_womens_nz_score_flow: 1364 (HY000): Field 'squadId' doesn't have a default value
2024-10-11 10:06:28,418 - ERROR - Error executing query for netball_womens_nz_score_flow: 1364 (HY000): Field 'squadId' doesn't have a default value
2024-10-11 10:06:28,419 - ERROR - Error executing query for netball_womens_nz_score_flow: 1364 (HY000): Field 'squadId' doesn't have a default value
2024-10-11 10:06:28,420 - ERROR - Error executing query for netball_womens_nz_score_flow: 1364 (HY000): Field 'squadId' doesn't have a default value
2024-10-11 10:06:28,421 - ERROR - Error executing query for netball_womens_nz_score_flow: 1364 (HY000): Field 'squadId' doesn't have a default value
2024-10-11 10:06:28,422 - ERROR - Error executing query for netball_womens_nz_score_flow: 1364 (HY000): Field 'squadId' doesn't have a default value
2024-10-11 10:06:28,423 - ERROR - Error executing query for netball_womens_nz_score_flow: 1364 (HY000): Field 'squadId' doesn't have a default value
2024-10-11 10:06:28,424 - ERROR - Error executing query for netball_womens_nz_score_flow: 1364 (HY000): Field 'squadId' doesn't have a default value
2024-10-11 10:06:28,425 - ERROR - Error executing query for netball_womens_nz_score_flow: 1364 (HY000): Field 'squadId' doesn't have a default value
2024-10-11 10:06:28,426 - ERROR - Error executing query for netball_womens_nz_score_flow: 1364 (HY000): Field 'squadId' doesn't have a default value
2024-10-11 10:06:28,427 - ERROR - Error executing query for netball_womens_nz_score_flow: 1364 (HY000): Field 'squadId' doesn't have a default value
2024-10-11 10:06:28,428 - ERROR - Error executing query for netball_womens_nz_score_flow: 1364 (HY000): Field 'squadId' doesn't have a default value
2024-10-11 10:06:28,429 - ERROR - Error executing query for netball_womens_nz_score_flow: 1364 (HY000): Field 'squadId' doesn't have a default value
2024-10-11 10:06:28,430 - ERROR - Error executing query for netball_womens_nz_score_flow: 1364 (HY000): Field 'squadId' doesn't have a default value
2024-10-11 10:06:28,431 - ERROR - Error executing query for netball_womens_nz_score_flow: 1364 (HY000): Field 'squadId' doesn't have a default value
2024-10-11 10:06:28,431 - ERROR - Error executing query for netball_womens_nz_score_flow: 1364 (HY000): Field 'squadId' doesn't have a default value
2024-10-11 10:06:28,432 - ERROR - Error executing query for netball_womens_nz_score_flow: 1364 (HY000): Field 'squadId' doesn't have a default value
2024-10-11 10:06:28,433 - ERROR - Error executing query for netball_womens_nz_score_flow: 1364 (HY000): Field 'squadId' doesn't have a default value
2024-10-11 10:06:28,434 - ERROR - Error executing query for netball_womens_nz_score_flow: 1364 (HY000): Field 'squadId' doesn't have a default value
2024-10-11 10:06:28,436 - ERROR - Error executing query for netball_womens_nz_score_flow: 1364 (HY000): Field 'squadId' doesn't have a default value
2024-10-11 10:06:28,437 - ERROR - Error executing query for netball_womens_nz_score_flow: 1364 (HY000): Field 'squadId' doesn't have a default value
2024-10-11 10:06:28,438 - ERROR - Error executing query for netball_womens_nz_score_flow: 1364 (HY000): Field 'squadId' doesn't have a default value
2024-10-11 10:06:28,439 - ERROR - Error executing query for netball_womens_nz_score_flow: 1364 (HY000): Field 'squadId' doesn't have a default value
2024-10-11 10:06:28,440 - ERROR - Error executing query for netball_womens_nz_score_flow: 1364 (HY000): Field 'squadId' doesn't have a default value
2024-10-11 10:06:28,441 - ERROR - Error executing query for netball_womens_nz_score_flow: 1364 (HY000): Field 'squadId' doesn't have a default value
2024-10-11 10:06:28,442 - ERROR - Error executing query for netball_womens_nz_score_flow: 1364 (HY000): Field 'squadId' doesn't have a default value
2024-10-11 10:06:28,443 - ERROR - Error executing query for netball_womens_nz_score_flow: 1364 (HY000): Field 'squadId' doesn't have a default value
2024-10-11 10:06:28,444 - ERROR - Error executing query for netball_womens_nz_score_flow: 1364 (HY000): Field 'squadId' doesn't have a default value
2024-10-11 10:06:28,445 - ERROR - Error executing query for netball_womens_nz_score_flow: 1364 (HY000): Field 'squadId' doesn't have a default value
2024-10-11 10:06:28,446 - ERROR - Error executing query for netball_womens_nz_score_flow: 1364 (HY000): Field 'squadId' doesn't have a default value
2024-10-11 10:06:28,448 - ERROR - Error executing query for netball_womens_nz_score_flow: 1364 (HY000): Field 'squadId' doesn't have a default value
2024-10-11 10:06:28,449 - ERROR - Error executing query for netball_womens_nz_score_flow: 1364 (HY000): Field 'squadId' doesn't have a default value
2024-10-11 10:06:28,450 - ERROR - Error executing query for netball_womens_nz_score_flow: 1364 (HY000): Field 'squadId' doesn't have a default value
2024-10-11 10:06:28,451 - ERROR - Error executing query for netball_womens_nz_score_flow: 1364 (HY000): Field 'squadId' doesn't have a default value
2024-10-11 10:06:28,452 - ERROR - Error executing query for netball_womens_nz_score_flow: 1364 (HY000): Field 'squadId' doesn't have a default value
2024-10-11 10:06:28,453 - ERROR - Error executing query for netball_womens_nz_score_flow: 1364 (HY000): Field 'squadId' doesn't have a default value
2024-10-11 10:06:28,454 - ERROR - Error executing query for netball_womens_nz_score_flow: 1364 (HY000): Field 'squadId' doesn't have a default value
2024-10-11 10:06:28,455 - ERROR - Error executing query for netball_womens_nz_score_flow: 1364 (HY000): Field 'squadId' doesn't have a default value
2024-10-11 10:06:28,456 - ERROR - Error executing query for netball_womens_nz_score_flow: 1364 (HY000): Field 'squadId' doesn't have a default value
2024-10-11 10:06:28,457 - ERROR - Error executing query for netball_womens_nz_score_flow: 1364 (HY000): Field 'squadId' doesn't have a default value
2024-10-11 10:06:28,458 - ERROR - Error executing query for netball_womens_nz_score_flow: 1364 (HY000): Field 'squadId' doesn't have a default value
2024-10-11 10:06:28,459 - ERROR - Error executing query for netball_womens_nz_score_flow: 1364 (HY000): Field 'squadId' doesn't have a default value
2024-10-11 10:06:28,460 - ERROR - Error executing query for netball_womens_nz_score_flow: 1364 (HY000): Field 'squadId' doesn't have a default value
2024-10-11 10:06:28,461 - ERROR - Error executing query for netball_womens_nz_score_flow: 1364 (HY000): Field 'squadId' doesn't have a default value
2024-10-11 10:06:28,462 - ERROR - Error executing query for netball_womens_nz_score_flow: 1364 (HY000): Field 'squadId' doesn't have a default value
2024-10-11 10:06:28,463 - ERROR - Error executing query for netball_womens_nz_score_flow: 1364 (HY000): Field 'squadId' doesn't have a default value
2024-10-11 10:06:28,464 - ERROR - Error executing query for netball_womens_nz_score_flow: 1364 (HY000): Field 'squadId' doesn't have a default value
2024-10-11 10:06:28,465 - ERROR - Error executing query for netball_womens_nz_score_flow: 1364 (HY000): Field 'squadId' doesn't have a default value
2024-10-11 10:06:28,466 - ERROR - Error executing query for netball_womens_nz_score_flow: 1364 (HY000): Field 'squadId' doesn't have a default value
2024-10-11 10:06:28,467 - ERROR - Error executing query for netball_womens_nz_score_flow: 1364 (HY000): Field 'squadId' doesn't have a default value
2024-10-11 10:06:28,468 - ERROR - Error executing query for netball_womens_nz_score_flow: 1364 (HY000): Field 'squadId' doesn't have a default value
2024-10-11 10:06:28,469 - ERROR - Error executing query for netball_womens_nz_score_flow: 1364 (HY000): Field 'squadId' doesn't have a default value
2024-10-11 10:06:28,470 - ERROR - Error executing query for netball_womens_nz_score_flow: 1364 (HY000): Field 'squadId' doesn't have a default value
2024-10-11 10:06:28,472 - ERROR - Error executing query for netball_womens_nz_score_flow: 1364 (HY000): Field 'squadId' doesn't have a default value
2024-10-11 10:06:28,473 - ERROR - Error executing query for netball_womens_nz_score_flow: 1364 (HY000): Field 'squadId' doesn't have a default value
2024-10-11 10:06:28,474 - ERROR - Error executing query for netball_womens_nz_score_flow: 1364 (HY000): Field 'squadId' doesn't have a default value
2024-10-11 10:06:28,475 - ERROR - Error executing query for netball_womens_nz_score_flow: 1364 (HY000): Field 'squadId' doesn't have a default value
2024-10-11 10:06:28,475 - ERROR - Error executing query for netball_womens_nz_score_flow: 1364 (HY000): Field 'squadId' doesn't have a default value
2024-10-11 10:06:28,476 - ERROR - Error executing query for netball_womens_nz_score_flow: 1364 (HY000): Field 'squadId' doesn't have a default value
2024-10-11 10:06:28,477 - ERROR - Error executing query for netball_womens_nz_score_flow: 1364 (HY000): Field 'squadId' doesn't have a default value
2024-10-11 10:06:28,478 - ERROR - Error executing query for netball_womens_nz_score_flow: 1364 (HY000): Field 'squadId' doesn't have a default value
2024-10-11 10:06:28,480 - ERROR - Error executing query for netball_womens_nz_score_flow: 1364 (HY000): Field 'squadId' doesn't have a default value
2024-10-11 10:06:28,480 - ERROR - Error executing query for netball_womens_nz_score_flow: 1364 (HY000): Field 'squadId' doesn't have a default value
2024-10-11 10:06:28,481 - ERROR - Error executing query for netball_womens_nz_score_flow: 1364 (HY000): Field 'squadId' doesn't have a default value
2024-10-11 10:06:28,482 - ERROR - Error executing query for netball_womens_nz_score_flow: 1364 (HY000): Field 'squadId' doesn't have a default value
2024-10-11 10:06:28,483 - ERROR - Error executing query for netball_womens_nz_score_flow: 1364 (HY000): Field 'squadId' doesn't have a default value
2024-10-11 10:06:28,484 - ERROR - Error executing query for netball_womens_nz_score_flow: 1364 (HY000): Field 'squadId' doesn't have a default value
2024-10-11 10:06:28,485 - ERROR - Error executing query for netball_womens_nz_score_flow: 1364 (HY000): Field 'squadId' doesn't have a default value
2024-10-11 10:06:28,486 - ERROR - Error executing query for netball_womens_nz_score_flow: 1364 (HY000): Field 'squadId' doesn't have a default value
2024-10-11 10:06:28,488 - ERROR - Error executing query for netball_womens_nz_score_flow: 1364 (HY000): Field 'squadId' doesn't have a default value
2024-10-11 10:06:28,489 - ERROR - Error executing query for netball_womens_nz_score_flow: 1364 (HY000): Field 'squadId' doesn't have a default value
2024-10-11 10:06:28,490 - ERROR - Error executing query for netball_womens_nz_score_flow: 1364 (HY000): Field 'squadId' doesn't have a default value
2024-10-11 10:06:28,491 - ERROR - Error executing query for netball_womens_nz_score_flow: 1364 (HY000): Field 'squadId' doesn't have a default value
2024-10-11 10:06:28,492 - ERROR - Error executing query for netball_womens_nz_score_flow: 1364 (HY000): Field 'squadId' doesn't have a default value
2024-10-11 10:06:28,493 - ERROR - Error executing query for netball_womens_nz_score_flow: 1364 (HY000): Field 'squadId' doesn't have a default value
2024-10-11 10:06:28,494 - ERROR - Error executing query for netball_womens_nz_score_flow: 1364 (HY000): Field 'squadId' doesn't have a default value
2024-10-11 10:06:28,495 - ERROR - Error executing query for netball_womens_nz_score_flow: 1364 (HY000): Field 'squadId' doesn't have a default value
2024-10-11 10:06:28,496 - ERROR - Error executing query for netball_womens_nz_score_flow: 1364 (HY000): Field 'squadId' doesn't have a default value
2024-10-11 10:06:28,497 - ERROR - Error executing query for netball_womens_nz_score_flow: 1364 (HY000): Field 'squadId' doesn't have a default value
2024-10-11 10:06:28,497 - ERROR - Error executing query for netball_womens_nz_score_flow: 1364 (HY000): Field 'squadId' doesn't have a default value
2024-10-11 10:06:28,498 - ERROR - Error executing query for netball_womens_nz_score_flow: 1364 (HY000): Field 'squadId' doesn't have a default value
2024-10-11 10:06:28,499 - ERROR - Error executing query for netball_womens_nz_score_flow: 1364 (HY000): Field 'squadId' doesn't have a default value
2024-10-11 10:06:28,500 - ERROR - Error executing query for netball_womens_nz_score_flow: 1364 (HY000): Field 'squadId' doesn't have a default value
2024-10-11 10:06:28,501 - ERROR - Error executing query for netball_womens_nz_score_flow: 1364 (HY000): Field 'squadId' doesn't have a default value
2024-10-11 10:06:28,502 - ERROR - Error executing query for netball_womens_nz_score_flow: 1364 (HY000): Field 'squadId' doesn't have a default value
2024-10-11 10:06:28,503 - ERROR - Error executing query for netball_womens_nz_score_flow: 1364 (HY000): Field 'squadId' doesn't have a default value
2024-10-11 10:06:28,504 - ERROR - Error executing query for netball_womens_nz_fixture: 1364 (HY000): Field 'fixtureId' doesn't have a default value
2024-10-11 10:06:28,505 - ERROR - Error executing query for sport_info: 1364 (HY000): Field 'sportId' doesn't have a default value
2024-10-11 10:06:28,642 - ERROR - Error executing query for player_info: 1364 (HY000): Field 'playerId' doesn't have a default value
2024-10-11 10:06:28,643 - ERROR - Error executing query for squad_info: 1364 (HY000): Field 'squadID' doesn't have a default value
2024-10-11 10:06:28,644 - ERROR - Error executing query for netball_womens_nz_match: 1364 (HY000): Field 'playerId' doesn't have a default value
2024-10-11 10:06:28,645 - ERROR - Error executing query for player_info: 1364 (HY000): Field 'playerId' doesn't have a default value
2024-10-11 10:06:28,646 - ERROR - Error executing query for squad_info: 1364 (HY000): Field 'squadID' doesn't have a default value
2024-10-11 10:06:28,648 - ERROR - Error executing query for netball_womens_nz_match: 1364 (HY000): Field 'playerId' doesn't have a default value
2024-10-11 10:06:28,649 - ERROR - Error executing query for player_info: 1364 (HY000): Field 'playerId' doesn't have a default value
2024-10-11 10:06:28,650 - ERROR - Error executing query for squad_info: 1364 (HY000): Field 'squadID' doesn't have a default value
2024-10-11 10:06:28,652 - ERROR - Error executing query for netball_womens_nz_match: 1364 (HY000): Field 'playerId' doesn't have a default value
2024-10-11 10:06:28,653 - ERROR - Error executing query for player_info: 1364 (HY000): Field 'playerId' doesn't have a default value
2024-10-11 10:06:28,654 - ERROR - Error executing query for squad_info: 1364 (HY000): Field 'squadID' doesn't have a default value
2024-10-11 10:06:28,655 - ERROR - Error executing query for netball_womens_nz_match: 1364 (HY000): Field 'playerId' doesn't have a default value
2024-10-11 10:06:28,656 - ERROR - Error executing query for player_info: 1364 (HY000): Field 'playerId' doesn't have a default value
2024-10-11 10:06:28,657 - ERROR - Error executing query for squad_info: 1364 (HY000): Field 'squadID' doesn't have a default value
2024-10-11 10:06:28,658 - ERROR - Error executing query for netball_womens_nz_match: 1364 (HY000): Field 'playerId' doesn't have a default value
2024-10-11 10:06:28,659 - ERROR - Error executing query for player_info: 1364 (HY000): Field 'playerId' doesn't have a default value
2024-10-11 10:06:28,660 - ERROR - Error executing query for squad_info: 1364 (HY000): Field 'squadID' doesn't have a default value
2024-10-11 10:06:28,662 - ERROR - Error executing query for netball_womens_nz_match: 1364 (HY000): Field 'playerId' doesn't have a default value
2024-10-11 10:06:28,662 - ERROR - Error executing query for player_info: 1364 (HY000): Field 'playerId' doesn't have a default value
2024-10-11 10:06:28,663 - ERROR - Error executing query for squad_info: 1364 (HY000): Field 'squadID' doesn't have a default value
2024-10-11 10:06:28,665 - ERROR - Error executing query for netball_womens_nz_match: 1364 (HY000): Field 'playerId' doesn't have a default value
2024-10-11 10:06:28,666 - ERROR - Error executing query for player_info: 1364 (HY000): Field 'playerId' doesn't have a default value
2024-10-11 10:06:28,667 - ERROR - Error executing query for squad_info: 1364 (HY000): Field 'squadID' doesn't have a default value
2024-10-11 10:06:28,668 - ERROR - Error executing query for netball_womens_nz_match: 1364 (HY000): Field 'playerId' doesn't have a default value
2024-10-11 10:06:28,669 - ERROR - Error executing query for player_info: 1364 (HY000): Field 'playerId' doesn't have a default value
2024-10-11 10:06:28,670 - ERROR - Error executing query for squad_info: 1364 (HY000): Field 'squadID' doesn't have a default value
2024-10-11 10:06:28,671 - ERROR - Error executing query for netball_womens_nz_match: 1364 (HY000): Field 'playerId' doesn't have a default value
2024-10-11 10:06:28,672 - ERROR - Error executing query for player_info: 1364 (HY000): Field 'playerId' doesn't have a default value
2024-10-11 10:06:28,673 - ERROR - Error executing query for squad_info: 1364 (HY000): Field 'squadID' doesn't have a default value
2024-10-11 10:06:28,674 - ERROR - Error executing query for netball_womens_nz_match: 1364 (HY000): Field 'playerId' doesn't have a default value
2024-10-11 10:06:28,675 - ERROR - Error executing query for player_info: 1364 (HY000): Field 'playerId' doesn't have a default value
2024-10-11 10:06:28,676 - ERROR - Error executing query for squad_info: 1364 (HY000): Field 'squadID' doesn't have a default value
2024-10-11 10:06:28,678 - ERROR - Error executing query for netball_womens_nz_match: 1364 (HY000): Field 'playerId' doesn't have a default value
2024-10-11 10:06:28,679 - ERROR - Error executing query for player_info: 1364 (HY000): Field 'playerId' doesn't have a default value
2024-10-11 10:06:28,680 - ERROR - Error executing query for squad_info: 1364 (HY000): Field 'squadID' doesn't have a default value
2024-10-11 10:06:28,681 - ERROR - Error executing query for netball_womens_nz_match: 1364 (HY000): Field 'playerId' doesn't have a default value
2024-10-11 10:06:28,682 - ERROR - Error executing query for player_info: 1364 (HY000): Field 'playerId' doesn't have a default value
2024-10-11 10:06:28,682 - ERROR - Error executing query for squad_info: 1364 (HY000): Field 'squadID' doesn't have a default value
2024-10-11 10:06:28,684 - ERROR - Error executing query for netball_womens_nz_match: 1364 (HY000): Field 'playerId' doesn't have a default value
2024-10-11 10:06:28,685 - ERROR - Error executing query for player_info: 1364 (HY000): Field 'playerId' doesn't have a default value
2024-10-11 10:06:28,686 - ERROR - Error executing query for squad_info: 1364 (HY000): Field 'squadID' doesn't have a default value
2024-10-11 10:06:28,687 - ERROR - Error executing query for netball_womens_nz_match: 1364 (HY000): Field 'playerId' doesn't have a default value
2024-10-11 10:06:28,688 - ERROR - Error executing query for player_info: 1364 (HY000): Field 'playerId' doesn't have a default value
2024-10-11 10:06:28,689 - ERROR - Error executing query for squad_info: 1364 (HY000): Field 'squadID' doesn't have a default value
2024-10-11 10:06:28,690 - ERROR - Error executing query for netball_womens_nz_match: 1364 (HY000): Field 'playerId' doesn't have a default value
2024-10-11 10:06:28,691 - ERROR - Error executing query for player_info: 1364 (HY000): Field 'playerId' doesn't have a default value
2024-10-11 10:06:28,692 - ERROR - Error executing query for squad_info: 1364 (HY000): Field 'squadID' doesn't have a default value
2024-10-11 10:06:28,693 - ERROR - Error executing query for netball_womens_nz_match: 1364 (HY000): Field 'playerId' doesn't have a default value
2024-10-11 10:06:28,694 - ERROR - Error executing query for player_info: 1364 (HY000): Field 'playerId' doesn't have a default value
2024-10-11 10:06:28,695 - ERROR - Error executing query for squad_info: 1364 (HY000): Field 'squadID' doesn't have a default value
2024-10-11 10:06:28,696 - ERROR - Error executing query for netball_womens_nz_match: 1364 (HY000): Field 'playerId' doesn't have a default value
2024-10-11 10:06:28,697 - ERROR - Error executing query for player_info: 1364 (HY000): Field 'playerId' doesn't have a default value
2024-10-11 10:06:28,698 - ERROR - Error executing query for squad_info: 1364 (HY000): Field 'squadID' doesn't have a default value
2024-10-11 10:06:28,699 - ERROR - Error executing query for netball_womens_nz_match: 1364 (HY000): Field 'playerId' doesn't have a default value
2024-10-11 10:06:28,700 - ERROR - Error executing query for player_info: 1364 (HY000): Field 'playerId' doesn't have a default value
2024-10-11 10:06:28,701 - ERROR - Error executing query for squad_info: 1364 (HY000): Field 'squadID' doesn't have a default value
2024-10-11 10:06:28,702 - ERROR - Error executing query for netball_womens_nz_match: 1364 (HY000): Field 'playerId' doesn't have a default value
2024-10-11 10:06:28,703 - ERROR - Error executing query for player_info: 1364 (HY000): Field 'playerId' doesn't have a default value
2024-10-11 10:06:28,704 - ERROR - Error executing query for squad_info: 1364 (HY000): Field 'squadID' doesn't have a default value
2024-10-11 10:06:28,706 - ERROR - Error executing query for netball_womens_nz_match: 1364 (HY000): Field 'playerId' doesn't have a default value
2024-10-11 10:06:28,707 - ERROR - Error executing query for player_info: 1364 (HY000): Field 'playerId' doesn't have a default value
2024-10-11 10:06:28,708 - ERROR - Error executing query for squad_info: 1364 (HY000): Field 'squadID' doesn't have a default value
2024-10-11 10:06:28,709 - ERROR - Error executing query for netball_womens_nz_match: 1364 (HY000): Field 'playerId' doesn't have a default value
2024-10-11 10:06:28,710 - ERROR - Error executing query for player_info: 1364 (HY000): Field 'playerId' doesn't have a default value
2024-10-11 10:06:28,711 - ERROR - Error executing query for squad_info: 1364 (HY000): Field 'squadID' doesn't have a default value
2024-10-11 10:06:28,712 - ERROR - Error executing query for netball_womens_nz_match: 1364 (HY000): Field 'playerId' doesn't have a default value
2024-10-11 10:06:28,713 - ERROR - Error executing query for player_info: 1364 (HY000): Field 'playerId' doesn't have a default value
2024-10-11 10:06:28,714 - ERROR - Error executing query for squad_info: 1364 (HY000): Field 'squadID' doesn't have a default value
2024-10-11 10:06:28,715 - ERROR - Error executing query for netball_womens_nz_match: 1364 (HY000): Field 'playerId' doesn't have a default value
2024-10-11 10:06:28,717 - ERROR - Error executing query for player_info: 1364 (HY000): Field 'playerId' doesn't have a default value
2024-10-11 10:06:28,718 - ERROR - Error executing query for squad_info: 1364 (HY000): Field 'squadID' doesn't have a default value
2024-10-11 10:06:28,719 - ERROR - Error executing query for netball_womens_nz_match: 1364 (HY000): Field 'playerId' doesn't have a default value
2024-10-11 10:06:28,858 - ERROR - Error executing query for netball_womens_nz_period: 1364 (HY000): Field 'playerId' doesn't have a default value
2024-10-11 10:06:28,860 - ERROR - Error executing query for netball_womens_nz_period: 1364 (HY000): Field 'playerId' doesn't have a default value
2024-10-11 10:06:28,861 - ERROR - Error executing query for netball_womens_nz_period: 1364 (HY000): Field 'playerId' doesn't have a default value
2024-10-11 10:06:28,863 - ERROR - Error executing query for netball_womens_nz_period: 1364 (HY000): Field 'playerId' doesn't have a default value
2024-10-11 10:06:28,864 - ERROR - Error executing query for netball_womens_nz_period: 1364 (HY000): Field 'playerId' doesn't have a default value
2024-10-11 10:06:28,865 - ERROR - Error executing query for netball_womens_nz_period: 1364 (HY000): Field 'playerId' doesn't have a default value
2024-10-11 10:06:28,867 - ERROR - Error executing query for netball_womens_nz_period: 1364 (HY000): Field 'playerId' doesn't have a default value
2024-10-11 10:06:28,868 - ERROR - Error executing query for netball_womens_nz_period: 1364 (HY000): Field 'playerId' doesn't have a default value
2024-10-11 10:06:28,870 - ERROR - Error executing query for netball_womens_nz_period: 1364 (HY000): Field 'playerId' doesn't have a default value
2024-10-11 10:06:28,873 - ERROR - Error executing query for netball_womens_nz_period: 1364 (HY000): Field 'playerId' doesn't have a default value
2024-10-11 10:06:28,875 - ERROR - Error executing query for netball_womens_nz_period: 1364 (HY000): Field 'playerId' doesn't have a default value
2024-10-11 10:06:28,876 - ERROR - Error executing query for netball_womens_nz_period: 1364 (HY000): Field 'playerId' doesn't have a default value
2024-10-11 10:06:28,877 - ERROR - Error executing query for netball_womens_nz_period: 1364 (HY000): Field 'playerId' doesn't have a default value
2024-10-11 10:06:28,879 - ERROR - Error executing query for netball_womens_nz_period: 1364 (HY000): Field 'playerId' doesn't have a default value
2024-10-11 10:06:28,881 - ERROR - Error executing query for netball_womens_nz_period: 1364 (HY000): Field 'playerId' doesn't have a default value
2024-10-11 10:06:28,883 - ERROR - Error executing query for netball_womens_nz_period: 1364 (HY000): Field 'playerId' doesn't have a default value
2024-10-11 10:06:28,885 - ERROR - Error executing query for netball_womens_nz_period: 1364 (HY000): Field 'playerId' doesn't have a default value
2024-10-11 10:06:28,888 - ERROR - Error executing query for netball_womens_nz_period: 1364 (HY000): Field 'playerId' doesn't have a default value
2024-10-11 10:06:28,890 - ERROR - Error executing query for netball_womens_nz_period: 1364 (HY000): Field 'playerId' doesn't have a default value
2024-10-11 10:06:28,891 - ERROR - Error executing query for netball_womens_nz_period: 1364 (HY000): Field 'playerId' doesn't have a default value
2024-10-11 10:06:28,893 - ERROR - Error executing query for netball_womens_nz_period: 1364 (HY000): Field 'playerId' doesn't have a default value
2024-10-11 10:06:28,895 - ERROR - Error executing query for netball_womens_nz_period: 1364 (HY000): Field 'playerId' doesn't have a default value
2024-10-11 10:06:28,897 - ERROR - Error executing query for netball_womens_nz_period: 1364 (HY000): Field 'playerId' doesn't have a default value
2024-10-11 10:06:28,899 - ERROR - Error executing query for netball_womens_nz_period: 1364 (HY000): Field 'playerId' doesn't have a default value
2024-10-11 10:06:28,901 - ERROR - Error executing query for netball_womens_nz_period: 1364 (HY000): Field 'playerId' doesn't have a default value
2024-10-11 10:06:28,902 - ERROR - Error executing query for netball_womens_nz_period: 1364 (HY000): Field 'playerId' doesn't have a default value
2024-10-11 10:06:28,903 - ERROR - Error executing query for netball_womens_nz_period: 1364 (HY000): Field 'playerId' doesn't have a default value
2024-10-11 10:06:28,905 - ERROR - Error executing query for netball_womens_nz_period: 1364 (HY000): Field 'playerId' doesn't have a default value
2024-10-11 10:06:28,906 - ERROR - Error executing query for netball_womens_nz_period: 1364 (HY000): Field 'playerId' doesn't have a default value
2024-10-11 10:06:28,907 - ERROR - Error executing query for netball_womens_nz_period: 1364 (HY000): Field 'playerId' doesn't have a default value
2024-10-11 10:06:28,909 - ERROR - Error executing query for netball_womens_nz_period: 1364 (HY000): Field 'playerId' doesn't have a default value
2024-10-11 10:06:28,910 - ERROR - Error executing query for netball_womens_nz_period: 1364 (HY000): Field 'playerId' doesn't have a default value
2024-10-11 10:06:28,911 - ERROR - Error executing query for netball_womens_nz_period: 1364 (HY000): Field 'playerId' doesn't have a default value
2024-10-11 10:06:28,913 - ERROR - Error executing query for netball_womens_nz_period: 1364 (HY000): Field 'playerId' doesn't have a default value
2024-10-11 10:06:28,914 - ERROR - Error executing query for netball_womens_nz_period: 1364 (HY000): Field 'playerId' doesn't have a default value
2024-10-11 10:06:28,915 - ERROR - Error executing query for netball_womens_nz_period: 1364 (HY000): Field 'playerId' doesn't have a default value
2024-10-11 10:06:28,917 - ERROR - Error executing query for netball_womens_nz_period: 1364 (HY000): Field 'playerId' doesn't have a default value
2024-10-11 10:06:28,918 - ERROR - Error executing query for netball_womens_nz_period: 1364 (HY000): Field 'playerId' doesn't have a default value
2024-10-11 10:06:28,919 - ERROR - Error executing query for netball_womens_nz_period: 1364 (HY000): Field 'playerId' doesn't have a default value
2024-10-11 10:06:28,921 - ERROR - Error executing query for netball_womens_nz_period: 1364 (HY000): Field 'playerId' doesn't have a default value
2024-10-11 10:06:28,923 - ERROR - Error executing query for netball_womens_nz_period: 1364 (HY000): Field 'playerId' doesn't have a default value
2024-10-11 10:06:28,924 - ERROR - Error executing query for netball_womens_nz_period: 1364 (HY000): Field 'playerId' doesn't have a default value
2024-10-11 10:06:28,925 - ERROR - Error executing query for netball_womens_nz_period: 1364 (HY000): Field 'playerId' doesn't have a default value
2024-10-11 10:06:28,927 - ERROR - Error executing query for netball_womens_nz_period: 1364 (HY000): Field 'playerId' doesn't have a default value
2024-10-11 10:06:28,928 - ERROR - Error executing query for netball_womens_nz_period: 1364 (HY000): Field 'playerId' doesn't have a default value
2024-10-11 10:06:28,930 - ERROR - Error executing query for netball_womens_nz_period: 1364 (HY000): Field 'playerId' doesn't have a default value
2024-10-11 10:06:28,931 - ERROR - Error executing query for netball_womens_nz_period: 1364 (HY000): Field 'playerId' doesn't have a default value
2024-10-11 10:06:28,932 - ERROR - Error executing query for netball_womens_nz_period: 1364 (HY000): Field 'playerId' doesn't have a default value
2024-10-11 10:06:28,933 - ERROR - Error executing query for netball_womens_nz_period: 1364 (HY000): Field 'playerId' doesn't have a default value
2024-10-11 10:06:28,935 - ERROR - Error executing query for netball_womens_nz_period: 1364 (HY000): Field 'playerId' doesn't have a default value
2024-10-11 10:06:28,936 - ERROR - Error executing query for netball_womens_nz_period: 1364 (HY000): Field 'playerId' doesn't have a default value
2024-10-11 10:06:28,938 - ERROR - Error executing query for netball_womens_nz_period: 1364 (HY000): Field 'playerId' doesn't have a default value
2024-10-11 10:06:28,939 - ERROR - Error executing query for netball_womens_nz_period: 1364 (HY000): Field 'playerId' doesn't have a default value
2024-10-11 10:06:28,941 - ERROR - Error executing query for netball_womens_nz_period: 1364 (HY000): Field 'playerId' doesn't have a default value
2024-10-11 10:06:28,942 - ERROR - Error executing query for netball_womens_nz_period: 1364 (HY000): Field 'playerId' doesn't have a default value
2024-10-11 10:06:28,943 - ERROR - Error executing query for netball_womens_nz_period: 1364 (HY000): Field 'playerId' doesn't have a default value
2024-10-11 10:06:28,945 - ERROR - Error executing query for netball_womens_nz_period: 1364 (HY000): Field 'playerId' doesn't have a default value
2024-10-11 10:06:28,946 - ERROR - Error executing query for netball_womens_nz_period: 1364 (HY000): Field 'playerId' doesn't have a default value
2024-10-11 10:06:28,947 - ERROR - Error executing query for netball_womens_nz_period: 1364 (HY000): Field 'playerId' doesn't have a default value
2024-10-11 10:06:28,949 - ERROR - Error executing query for netball_womens_nz_period: 1364 (HY000): Field 'playerId' doesn't have a default value
2024-10-11 10:06:28,950 - ERROR - Error executing query for netball_womens_nz_period: 1364 (HY000): Field 'playerId' doesn't have a default value
2024-10-11 10:06:28,951 - ERROR - Error executing query for netball_womens_nz_period: 1364 (HY000): Field 'playerId' doesn't have a default value
2024-10-11 10:06:28,953 - ERROR - Error executing query for netball_womens_nz_period: 1364 (HY000): Field 'playerId' doesn't have a default value
2024-10-11 10:06:28,954 - ERROR - Error executing query for netball_womens_nz_period: 1364 (HY000): Field 'playerId' doesn't have a default value
2024-10-11 10:06:28,955 - ERROR - Error executing query for netball_womens_nz_period: 1364 (HY000): Field 'playerId' doesn't have a default value
2024-10-11 10:06:28,957 - ERROR - Error executing query for netball_womens_nz_period: 1364 (HY000): Field 'playerId' doesn't have a default value
2024-10-11 10:06:28,958 - ERROR - Error executing query for netball_womens_nz_period: 1364 (HY000): Field 'playerId' doesn't have a default value
2024-10-11 10:06:28,959 - ERROR - Error executing query for netball_womens_nz_period: 1364 (HY000): Field 'playerId' doesn't have a default value
2024-10-11 10:06:28,960 - ERROR - Error executing query for netball_womens_nz_period: 1364 (HY000): Field 'playerId' doesn't have a default value
2024-10-11 10:06:28,962 - ERROR - Error executing query for netball_womens_nz_period: 1364 (HY000): Field 'playerId' doesn't have a default value
2024-10-11 10:06:28,963 - ERROR - Error executing query for netball_womens_nz_period: 1364 (HY000): Field 'playerId' doesn't have a default value
2024-10-11 10:06:28,965 - ERROR - Error executing query for netball_womens_nz_period: 1364 (HY000): Field 'playerId' doesn't have a default value
2024-10-11 10:06:28,966 - ERROR - Error executing query for netball_womens_nz_period: 1364 (HY000): Field 'playerId' doesn't have a default value
2024-10-11 10:06:28,967 - ERROR - Error executing query for netball_womens_nz_period: 1364 (HY000): Field 'playerId' doesn't have a default value
2024-10-11 10:06:28,968 - ERROR - Error executing query for netball_womens_nz_period: 1364 (HY000): Field 'playerId' doesn't have a default value
2024-10-11 10:06:28,970 - ERROR - Error executing query for netball_womens_nz_period: 1364 (HY000): Field 'playerId' doesn't have a default value
2024-10-11 10:06:28,971 - ERROR - Error executing query for netball_womens_nz_period: 1364 (HY000): Field 'playerId' doesn't have a default value
2024-10-11 10:06:28,972 - ERROR - Error executing query for netball_womens_nz_period: 1364 (HY000): Field 'playerId' doesn't have a default value
2024-10-11 10:06:28,974 - ERROR - Error executing query for netball_womens_nz_period: 1364 (HY000): Field 'playerId' doesn't have a default value
2024-10-11 10:06:28,975 - ERROR - Error executing query for netball_womens_nz_period: 1364 (HY000): Field 'playerId' doesn't have a default value
2024-10-11 10:06:28,976 - ERROR - Error executing query for netball_womens_nz_period: 1364 (HY000): Field 'playerId' doesn't have a default value
2024-10-11 10:06:28,978 - ERROR - Error executing query for netball_womens_nz_period: 1364 (HY000): Field 'playerId' doesn't have a default value
2024-10-11 10:06:28,979 - ERROR - Error executing query for netball_womens_nz_period: 1364 (HY000): Field 'playerId' doesn't have a default value
2024-10-11 10:06:28,980 - ERROR - Error executing query for netball_womens_nz_period: 1364 (HY000): Field 'playerId' doesn't have a default value
2024-10-11 10:06:28,982 - ERROR - Error executing query for netball_womens_nz_period: 1364 (HY000): Field 'playerId' doesn't have a default value
2024-10-11 10:06:28,983 - ERROR - Error executing query for netball_womens_nz_period: 1364 (HY000): Field 'playerId' doesn't have a default value
2024-10-11 10:06:28,984 - ERROR - Error executing query for netball_womens_nz_period: 1364 (HY000): Field 'playerId' doesn't have a default value
2024-10-11 10:06:28,986 - ERROR - Error executing query for netball_womens_nz_period: 1364 (HY000): Field 'playerId' doesn't have a default value
2024-10-11 10:06:28,987 - ERROR - Error executing query for netball_womens_nz_period: 1364 (HY000): Field 'playerId' doesn't have a default value
2024-10-11 10:06:28,989 - ERROR - Error executing query for netball_womens_nz_period: 1364 (HY000): Field 'playerId' doesn't have a default value
2024-10-11 10:06:28,990 - ERROR - Error executing query for netball_womens_nz_period: 1364 (HY000): Field 'playerId' doesn't have a default value
2024-10-11 10:06:28,991 - ERROR - Error executing query for netball_womens_nz_period: 1364 (HY000): Field 'playerId' doesn't have a default value
2024-10-11 10:06:28,993 - ERROR - Error executing query for netball_womens_nz_period: 1364 (HY000): Field 'playerId' doesn't have a default value
2024-10-11 10:06:28,994 - ERROR - Error executing query for netball_womens_nz_period: 1364 (HY000): Field 'playerId' doesn't have a default value
2024-10-11 10:06:28,995 - ERROR - Error executing query for netball_womens_nz_period: 1364 (HY000): Field 'playerId' doesn't have a default value
2024-10-11 10:06:28,997 - ERROR - Error executing query for netball_womens_nz_period: 1364 (HY000): Field 'playerId' doesn't have a default value
2024-10-11 10:06:29,131 - ERROR - Error executing query for netball_womens_nz_score_flow: 1364 (HY000): Field 'squadId' doesn't have a default value
2024-10-11 10:06:29,132 - ERROR - Error executing query for netball_womens_nz_score_flow: 1364 (HY000): Field 'squadId' doesn't have a default value
2024-10-11 10:06:29,133 - ERROR - Error executing query for netball_womens_nz_score_flow: 1364 (HY000): Field 'squadId' doesn't have a default value
2024-10-11 10:06:29,134 - ERROR - Error executing query for netball_womens_nz_score_flow: 1364 (HY000): Field 'squadId' doesn't have a default value
2024-10-11 10:06:29,135 - ERROR - Error executing query for netball_womens_nz_score_flow: 1364 (HY000): Field 'squadId' doesn't have a default value
2024-10-11 10:06:29,136 - ERROR - Error executing query for netball_womens_nz_score_flow: 1364 (HY000): Field 'squadId' doesn't have a default value
2024-10-11 10:06:29,137 - ERROR - Error executing query for netball_womens_nz_score_flow: 1364 (HY000): Field 'squadId' doesn't have a default value
2024-10-11 10:06:29,138 - ERROR - Error executing query for netball_womens_nz_score_flow: 1364 (HY000): Field 'squadId' doesn't have a default value
2024-10-11 10:06:29,140 - ERROR - Error executing query for netball_womens_nz_score_flow: 1364 (HY000): Field 'squadId' doesn't have a default value
2024-10-11 10:06:29,141 - ERROR - Error executing query for netball_womens_nz_score_flow: 1364 (HY000): Field 'squadId' doesn't have a default value
2024-10-11 10:06:29,142 - ERROR - Error executing query for netball_womens_nz_score_flow: 1364 (HY000): Field 'squadId' doesn't have a default value
2024-10-11 10:06:29,143 - ERROR - Error executing query for netball_womens_nz_score_flow: 1364 (HY000): Field 'squadId' doesn't have a default value
2024-10-11 10:06:29,144 - ERROR - Error executing query for netball_womens_nz_score_flow: 1364 (HY000): Field 'squadId' doesn't have a default value
2024-10-11 10:06:29,145 - ERROR - Error executing query for netball_womens_nz_score_flow: 1364 (HY000): Field 'squadId' doesn't have a default value
2024-10-11 10:06:29,146 - ERROR - Error executing query for netball_womens_nz_score_flow: 1364 (HY000): Field 'squadId' doesn't have a default value
2024-10-11 10:06:29,147 - ERROR - Error executing query for netball_womens_nz_score_flow: 1364 (HY000): Field 'squadId' doesn't have a default value
2024-10-11 10:06:29,148 - ERROR - Error executing query for netball_womens_nz_score_flow: 1364 (HY000): Field 'squadId' doesn't have a default value
2024-10-11 10:06:29,149 - ERROR - Error executing query for netball_womens_nz_score_flow: 1364 (HY000): Field 'squadId' doesn't have a default value
2024-10-11 10:06:29,150 - ERROR - Error executing query for netball_womens_nz_score_flow: 1364 (HY000): Field 'squadId' doesn't have a default value
2024-10-11 10:06:29,151 - ERROR - Error executing query for netball_womens_nz_score_flow: 1364 (HY000): Field 'squadId' doesn't have a default value
2024-10-11 10:06:29,152 - ERROR - Error executing query for netball_womens_nz_score_flow: 1364 (HY000): Field 'squadId' doesn't have a default value
2024-10-11 10:06:29,153 - ERROR - Error executing query for netball_womens_nz_score_flow: 1364 (HY000): Field 'squadId' doesn't have a default value
2024-10-11 10:06:29,155 - ERROR - Error executing query for netball_womens_nz_score_flow: 1364 (HY000): Field 'squadId' doesn't have a default value
2024-10-11 10:06:29,156 - ERROR - Error executing query for netball_womens_nz_score_flow: 1364 (HY000): Field 'squadId' doesn't have a default value
2024-10-11 10:06:29,157 - ERROR - Error executing query for netball_womens_nz_score_flow: 1364 (HY000): Field 'squadId' doesn't have a default value
2024-10-11 10:06:29,158 - ERROR - Error executing query for netball_womens_nz_score_flow: 1364 (HY000): Field 'squadId' doesn't have a default value
2024-10-11 10:06:29,159 - ERROR - Error executing query for netball_womens_nz_score_flow: 1364 (HY000): Field 'squadId' doesn't have a default value
2024-10-11 10:06:29,160 - ERROR - Error executing query for netball_womens_nz_score_flow: 1364 (HY000): Field 'squadId' doesn't have a default value
2024-10-11 10:06:29,161 - ERROR - Error executing query for netball_womens_nz_score_flow: 1364 (HY000): Field 'squadId' doesn't have a default value
2024-10-11 10:06:29,162 - ERROR - Error executing query for netball_womens_nz_score_flow: 1364 (HY000): Field 'squadId' doesn't have a default value
2024-10-11 10:06:29,163 - ERROR - Error executing query for netball_womens_nz_score_flow: 1364 (HY000): Field 'squadId' doesn't have a default value
2024-10-11 10:06:29,164 - ERROR - Error executing query for netball_womens_nz_score_flow: 1364 (HY000): Field 'squadId' doesn't have a default value
2024-10-11 10:06:29,165 - ERROR - Error executing query for netball_womens_nz_score_flow: 1364 (HY000): Field 'squadId' doesn't have a default value
2024-10-11 10:06:29,166 - ERROR - Error executing query for netball_womens_nz_score_flow: 1364 (HY000): Field 'squadId' doesn't have a default value
2024-10-11 10:06:29,167 - ERROR - Error executing query for netball_womens_nz_score_flow: 1364 (HY000): Field 'squadId' doesn't have a default value
2024-10-11 10:06:29,168 - ERROR - Error executing query for netball_womens_nz_score_flow: 1364 (HY000): Field 'squadId' doesn't have a default value
2024-10-11 10:06:29,169 - ERROR - Error executing query for netball_womens_nz_score_flow: 1364 (HY000): Field 'squadId' doesn't have a default value
2024-10-11 10:06:29,170 - ERROR - Error executing query for netball_womens_nz_score_flow: 1364 (HY000): Field 'squadId' doesn't have a default value
2024-10-11 10:06:29,171 - ERROR - Error executing query for netball_womens_nz_score_flow: 1364 (HY000): Field 'squadId' doesn't have a default value
2024-10-11 10:06:29,173 - ERROR - Error executing query for netball_womens_nz_score_flow: 1364 (HY000): Field 'squadId' doesn't have a default value
2024-10-11 10:06:29,174 - ERROR - Error executing query for netball_womens_nz_score_flow: 1364 (HY000): Field 'squadId' doesn't have a default value
2024-10-11 10:06:29,175 - ERROR - Error executing query for netball_womens_nz_score_flow: 1364 (HY000): Field 'squadId' doesn't have a default value
2024-10-11 10:06:29,176 - ERROR - Error executing query for netball_womens_nz_score_flow: 1364 (HY000): Field 'squadId' doesn't have a default value
2024-10-11 10:06:29,177 - ERROR - Error executing query for netball_womens_nz_score_flow: 1364 (HY000): Field 'squadId' doesn't have a default value
2024-10-11 10:06:29,178 - ERROR - Error executing query for netball_womens_nz_score_flow: 1364 (HY000): Field 'squadId' doesn't have a default value
2024-10-11 10:06:29,179 - ERROR - Error executing query for netball_womens_nz_score_flow: 1364 (HY000): Field 'squadId' doesn't have a default value
2024-10-11 10:06:29,180 - ERROR - Error executing query for netball_womens_nz_score_flow: 1364 (HY000): Field 'squadId' doesn't have a default value
2024-10-11 10:06:29,181 - ERROR - Error executing query for netball_womens_nz_score_flow: 1364 (HY000): Field 'squadId' doesn't have a default value
2024-10-11 10:06:29,182 - ERROR - Error executing query for netball_womens_nz_score_flow: 1364 (HY000): Field 'squadId' doesn't have a default value
2024-10-11 10:06:29,183 - ERROR - Error executing query for netball_womens_nz_score_flow: 1364 (HY000): Field 'squadId' doesn't have a default value
2024-10-11 10:06:29,184 - ERROR - Error executing query for netball_womens_nz_score_flow: 1364 (HY000): Field 'squadId' doesn't have a default value
2024-10-11 10:06:29,185 - ERROR - Error executing query for netball_womens_nz_score_flow: 1364 (HY000): Field 'squadId' doesn't have a default value
2024-10-11 10:06:29,186 - ERROR - Error executing query for netball_womens_nz_score_flow: 1364 (HY000): Field 'squadId' doesn't have a default value
2024-10-11 10:06:29,187 - ERROR - Error executing query for netball_womens_nz_score_flow: 1364 (HY000): Field 'squadId' doesn't have a default value
2024-10-11 10:06:29,188 - ERROR - Error executing query for netball_womens_nz_score_flow: 1364 (HY000): Field 'squadId' doesn't have a default value
2024-10-11 10:06:29,189 - ERROR - Error executing query for netball_womens_nz_score_flow: 1364 (HY000): Field 'squadId' doesn't have a default value
2024-10-11 10:06:29,190 - ERROR - Error executing query for netball_womens_nz_score_flow: 1364 (HY000): Field 'squadId' doesn't have a default value
2024-10-11 10:06:29,191 - ERROR - Error executing query for netball_womens_nz_score_flow: 1364 (HY000): Field 'squadId' doesn't have a default value
2024-10-11 10:06:29,192 - ERROR - Error executing query for netball_womens_nz_score_flow: 1364 (HY000): Field 'squadId' doesn't have a default value
2024-10-11 10:06:29,193 - ERROR - Error executing query for netball_womens_nz_score_flow: 1364 (HY000): Field 'squadId' doesn't have a default value
2024-10-11 10:06:29,194 - ERROR - Error executing query for netball_womens_nz_score_flow: 1364 (HY000): Field 'squadId' doesn't have a default value
2024-10-11 10:06:29,194 - ERROR - Error executing query for netball_womens_nz_score_flow: 1364 (HY000): Field 'squadId' doesn't have a default value
2024-10-11 10:06:29,195 - ERROR - Error executing query for netball_womens_nz_score_flow: 1364 (HY000): Field 'squadId' doesn't have a default value
2024-10-11 10:06:29,196 - ERROR - Error executing query for netball_womens_nz_score_flow: 1364 (HY000): Field 'squadId' doesn't have a default value
2024-10-11 10:06:29,197 - ERROR - Error executing query for netball_womens_nz_score_flow: 1364 (HY000): Field 'squadId' doesn't have a default value
2024-10-11 10:06:29,198 - ERROR - Error executing query for netball_womens_nz_score_flow: 1364 (HY000): Field 'squadId' doesn't have a default value
2024-10-11 10:06:29,199 - ERROR - Error executing query for netball_womens_nz_score_flow: 1364 (HY000): Field 'squadId' doesn't have a default value
2024-10-11 10:06:29,200 - ERROR - Error executing query for netball_womens_nz_score_flow: 1364 (HY000): Field 'squadId' doesn't have a default value
2024-10-11 10:06:29,201 - ERROR - Error executing query for netball_womens_nz_score_flow: 1364 (HY000): Field 'squadId' doesn't have a default value
2024-10-11 10:06:29,202 - ERROR - Error executing query for netball_womens_nz_score_flow: 1364 (HY000): Field 'squadId' doesn't have a default value
2024-10-11 10:06:29,203 - ERROR - Error executing query for netball_womens_nz_score_flow: 1364 (HY000): Field 'squadId' doesn't have a default value
2024-10-11 10:06:29,204 - ERROR - Error executing query for netball_womens_nz_score_flow: 1364 (HY000): Field 'squadId' doesn't have a default value
2024-10-11 10:06:29,205 - ERROR - Error executing query for netball_womens_nz_score_flow: 1364 (HY000): Field 'squadId' doesn't have a default value
2024-10-11 10:06:29,206 - ERROR - Error executing query for netball_womens_nz_score_flow: 1364 (HY000): Field 'squadId' doesn't have a default value
2024-10-11 10:06:29,208 - ERROR - Error executing query for netball_womens_nz_score_flow: 1364 (HY000): Field 'squadId' doesn't have a default value
2024-10-11 10:06:29,209 - ERROR - Error executing query for netball_womens_nz_score_flow: 1364 (HY000): Field 'squadId' doesn't have a default value
2024-10-11 10:06:29,210 - ERROR - Error executing query for netball_womens_nz_score_flow: 1364 (HY000): Field 'squadId' doesn't have a default value
2024-10-11 10:06:29,210 - ERROR - Error executing query for netball_womens_nz_score_flow: 1364 (HY000): Field 'squadId' doesn't have a default value
2024-10-11 10:06:29,211 - ERROR - Error executing query for netball_womens_nz_score_flow: 1364 (HY000): Field 'squadId' doesn't have a default value
2024-10-11 10:06:29,212 - ERROR - Error executing query for netball_womens_nz_score_flow: 1364 (HY000): Field 'squadId' doesn't have a default value
2024-10-11 10:06:29,213 - ERROR - Error executing query for netball_womens_nz_score_flow: 1364 (HY000): Field 'squadId' doesn't have a default value
2024-10-11 10:06:29,214 - ERROR - Error executing query for netball_womens_nz_score_flow: 1364 (HY000): Field 'squadId' doesn't have a default value
2024-10-11 10:06:29,215 - ERROR - Error executing query for netball_womens_nz_score_flow: 1364 (HY000): Field 'squadId' doesn't have a default value
2024-10-11 10:06:29,216 - ERROR - Error executing query for netball_womens_nz_score_flow: 1364 (HY000): Field 'squadId' doesn't have a default value
2024-10-11 10:06:29,217 - ERROR - Error executing query for netball_womens_nz_score_flow: 1364 (HY000): Field 'squadId' doesn't have a default value
2024-10-11 10:06:29,218 - ERROR - Error executing query for netball_womens_nz_score_flow: 1364 (HY000): Field 'squadId' doesn't have a default value
2024-10-11 10:06:29,219 - ERROR - Error executing query for netball_womens_nz_score_flow: 1364 (HY000): Field 'squadId' doesn't have a default value
2024-10-11 10:06:29,220 - ERROR - Error executing query for netball_womens_nz_score_flow: 1364 (HY000): Field 'squadId' doesn't have a default value
2024-10-11 10:06:29,221 - ERROR - Error executing query for netball_womens_nz_score_flow: 1364 (HY000): Field 'squadId' doesn't have a default value
2024-10-11 10:06:29,223 - ERROR - Error executing query for netball_womens_nz_score_flow: 1364 (HY000): Field 'squadId' doesn't have a default value
2024-10-11 10:06:29,223 - ERROR - Error executing query for netball_womens_nz_score_flow: 1364 (HY000): Field 'squadId' doesn't have a default value
2024-10-11 10:06:29,224 - ERROR - Error executing query for netball_womens_nz_score_flow: 1364 (HY000): Field 'squadId' doesn't have a default value
2024-10-11 10:06:29,225 - ERROR - Error executing query for netball_womens_nz_score_flow: 1364 (HY000): Field 'squadId' doesn't have a default value
2024-10-11 10:06:29,226 - ERROR - Error executing query for netball_womens_nz_score_flow: 1364 (HY000): Field 'squadId' doesn't have a default value
2024-10-11 10:06:29,227 - ERROR - Error executing query for netball_womens_nz_score_flow: 1364 (HY000): Field 'squadId' doesn't have a default value
2024-10-11 10:06:29,228 - ERROR - Error executing query for netball_womens_nz_score_flow: 1364 (HY000): Field 'squadId' doesn't have a default value
2024-10-11 10:06:29,229 - ERROR - Error executing query for netball_womens_nz_score_flow: 1364 (HY000): Field 'squadId' doesn't have a default value
2024-10-11 10:06:29,230 - ERROR - Error executing query for netball_womens_nz_score_flow: 1364 (HY000): Field 'squadId' doesn't have a default value
2024-10-11 10:06:29,231 - ERROR - Error executing query for netball_womens_nz_score_flow: 1364 (HY000): Field 'squadId' doesn't have a default value
2024-10-11 10:06:29,232 - ERROR - Error executing query for netball_womens_nz_score_flow: 1364 (HY000): Field 'squadId' doesn't have a default value
2024-10-11 10:06:29,233 - ERROR - Error executing query for netball_womens_nz_score_flow: 1364 (HY000): Field 'squadId' doesn't have a default value
2024-10-11 10:06:29,234 - ERROR - Error executing query for netball_womens_nz_score_flow: 1364 (HY000): Field 'squadId' doesn't have a default value
2024-10-11 10:06:29,235 - ERROR - Error executing query for netball_womens_nz_score_flow: 1364 (HY000): Field 'squadId' doesn't have a default value
2024-10-11 10:06:29,236 - ERROR - Error executing query for netball_womens_nz_score_flow: 1364 (HY000): Field 'squadId' doesn't have a default value
2024-10-11 10:06:29,237 - ERROR - Error executing query for netball_womens_nz_score_flow: 1364 (HY000): Field 'squadId' doesn't have a default value
2024-10-11 10:06:29,238 - ERROR - Error executing query for netball_womens_nz_score_flow: 1364 (HY000): Field 'squadId' doesn't have a default value
2024-10-11 10:06:29,239 - ERROR - Error executing query for netball_womens_nz_score_flow: 1364 (HY000): Field 'squadId' doesn't have a default value
2024-10-11 10:06:29,240 - ERROR - Error executing query for netball_womens_nz_score_flow: 1364 (HY000): Field 'squadId' doesn't have a default value
2024-10-11 10:06:29,241 - ERROR - Error executing query for netball_womens_nz_score_flow: 1364 (HY000): Field 'squadId' doesn't have a default value
2024-10-11 10:06:29,242 - ERROR - Error executing query for netball_womens_nz_score_flow: 1364 (HY000): Field 'squadId' doesn't have a default value
2024-10-11 10:06:29,243 - ERROR - Error executing query for netball_womens_nz_score_flow: 1364 (HY000): Field 'squadId' doesn't have a default value
2024-10-11 10:06:29,243 - ERROR - Error executing query for netball_womens_nz_score_flow: 1364 (HY000): Field 'squadId' doesn't have a default value
2024-10-11 10:06:29,244 - ERROR - Error executing query for netball_womens_nz_score_flow: 1364 (HY000): Field 'squadId' doesn't have a default value
2024-10-11 10:06:29,245 - ERROR - Error executing query for netball_womens_nz_score_flow: 1364 (HY000): Field 'squadId' doesn't have a default value
2024-10-11 10:06:29,246 - ERROR - Error executing query for netball_womens_nz_score_flow: 1364 (HY000): Field 'squadId' doesn't have a default value
2024-10-11 10:06:29,248 - ERROR - Error executing query for netball_womens_nz_score_flow: 1364 (HY000): Field 'squadId' doesn't have a default value
2024-10-11 10:06:29,248 - ERROR - Error executing query for netball_womens_nz_score_flow: 1364 (HY000): Field 'squadId' doesn't have a default value
2024-10-11 10:06:29,249 - ERROR - Error executing query for netball_womens_nz_score_flow: 1364 (HY000): Field 'squadId' doesn't have a default value
2024-10-11 10:06:29,250 - ERROR - Error executing query for netball_womens_nz_score_flow: 1364 (HY000): Field 'squadId' doesn't have a default value
2024-10-11 10:06:29,251 - ERROR - Error executing query for netball_womens_nz_score_flow: 1364 (HY000): Field 'squadId' doesn't have a default value
2024-10-11 10:06:29,252 - ERROR - Error executing query for netball_womens_nz_score_flow: 1364 (HY000): Field 'squadId' doesn't have a default value
2024-10-11 10:06:29,254 - ERROR - Error executing query for netball_womens_nz_fixture: 1364 (HY000): Field 'fixtureId' doesn't have a default value
2024-10-11 10:06:29,255 - ERROR - Error executing query for sport_info: 1364 (HY000): Field 'sportId' doesn't have a default value
2024-10-11 10:06:29,385 - ERROR - Error executing query for player_info: 1364 (HY000): Field 'playerId' doesn't have a default value
2024-10-11 10:06:29,386 - ERROR - Error executing query for squad_info: 1364 (HY000): Field 'squadID' doesn't have a default value
2024-10-11 10:06:29,387 - ERROR - Error executing query for netball_womens_nz_match: 1364 (HY000): Field 'playerId' doesn't have a default value
2024-10-11 10:06:29,388 - ERROR - Error executing query for player_info: 1364 (HY000): Field 'playerId' doesn't have a default value
2024-10-11 10:06:29,389 - ERROR - Error executing query for squad_info: 1364 (HY000): Field 'squadID' doesn't have a default value
2024-10-11 10:06:29,390 - ERROR - Error executing query for netball_womens_nz_match: 1364 (HY000): Field 'playerId' doesn't have a default value
2024-10-11 10:06:29,391 - ERROR - Error executing query for player_info: 1364 (HY000): Field 'playerId' doesn't have a default value
2024-10-11 10:06:29,392 - ERROR - Error executing query for squad_info: 1364 (HY000): Field 'squadID' doesn't have a default value
2024-10-11 10:06:29,393 - ERROR - Error executing query for netball_womens_nz_match: 1364 (HY000): Field 'playerId' doesn't have a default value
2024-10-11 10:06:29,394 - ERROR - Error executing query for player_info: 1364 (HY000): Field 'playerId' doesn't have a default value
2024-10-11 10:06:29,395 - ERROR - Error executing query for squad_info: 1364 (HY000): Field 'squadID' doesn't have a default value
2024-10-11 10:06:29,397 - ERROR - Error executing query for netball_womens_nz_match: 1364 (HY000): Field 'playerId' doesn't have a default value
2024-10-11 10:06:29,398 - ERROR - Error executing query for player_info: 1364 (HY000): Field 'playerId' doesn't have a default value
2024-10-11 10:06:29,399 - ERROR - Error executing query for squad_info: 1364 (HY000): Field 'squadID' doesn't have a default value
2024-10-11 10:06:29,400 - ERROR - Error executing query for netball_womens_nz_match: 1364 (HY000): Field 'playerId' doesn't have a default value
2024-10-11 10:06:29,401 - ERROR - Error executing query for player_info: 1364 (HY000): Field 'playerId' doesn't have a default value
2024-10-11 10:06:29,402 - ERROR - Error executing query for squad_info: 1364 (HY000): Field 'squadID' doesn't have a default value
2024-10-11 10:06:29,404 - ERROR - Error executing query for netball_womens_nz_match: 1364 (HY000): Field 'playerId' doesn't have a default value
2024-10-11 10:06:29,404 - ERROR - Error executing query for player_info: 1364 (HY000): Field 'playerId' doesn't have a default value
2024-10-11 10:06:29,405 - ERROR - Error executing query for squad_info: 1364 (HY000): Field 'squadID' doesn't have a default value
2024-10-11 10:06:29,407 - ERROR - Error executing query for netball_womens_nz_match: 1364 (HY000): Field 'playerId' doesn't have a default value
2024-10-11 10:06:29,408 - ERROR - Error executing query for player_info: 1364 (HY000): Field 'playerId' doesn't have a default value
2024-10-11 10:06:29,409 - ERROR - Error executing query for squad_info: 1364 (HY000): Field 'squadID' doesn't have a default value
2024-10-11 10:06:29,410 - ERROR - Error executing query for netball_womens_nz_match: 1364 (HY000): Field 'playerId' doesn't have a default value
2024-10-11 10:06:29,411 - ERROR - Error executing query for player_info: 1364 (HY000): Field 'playerId' doesn't have a default value
2024-10-11 10:06:29,412 - ERROR - Error executing query for squad_info: 1364 (HY000): Field 'squadID' doesn't have a default value
2024-10-11 10:06:29,413 - ERROR - Error executing query for netball_womens_nz_match: 1364 (HY000): Field 'playerId' doesn't have a default value
2024-10-11 10:06:29,414 - ERROR - Error executing query for player_info: 1364 (HY000): Field 'playerId' doesn't have a default value
2024-10-11 10:06:29,415 - ERROR - Error executing query for squad_info: 1364 (HY000): Field 'squadID' doesn't have a default value
2024-10-11 10:06:29,416 - ERROR - Error executing query for netball_womens_nz_match: 1364 (HY000): Field 'playerId' doesn't have a default value
2024-10-11 10:06:29,417 - ERROR - Error executing query for player_info: 1364 (HY000): Field 'playerId' doesn't have a default value
2024-10-11 10:06:29,418 - ERROR - Error executing query for squad_info: 1364 (HY000): Field 'squadID' doesn't have a default value
2024-10-11 10:06:29,419 - ERROR - Error executing query for netball_womens_nz_match: 1364 (HY000): Field 'playerId' doesn't have a default value
2024-10-11 10:06:29,420 - ERROR - Error executing query for player_info: 1364 (HY000): Field 'playerId' doesn't have a default value
2024-10-11 10:06:29,421 - ERROR - Error executing query for squad_info: 1364 (HY000): Field 'squadID' doesn't have a default value
2024-10-11 10:06:29,423 - ERROR - Error executing query for netball_womens_nz_match: 1364 (HY000): Field 'playerId' doesn't have a default value
2024-10-11 10:06:29,424 - ERROR - Error executing query for player_info: 1364 (HY000): Field 'playerId' doesn't have a default value
2024-10-11 10:06:29,425 - ERROR - Error executing query for squad_info: 1364 (HY000): Field 'squadID' doesn't have a default value
2024-10-11 10:06:29,426 - ERROR - Error executing query for netball_womens_nz_match: 1364 (HY000): Field 'playerId' doesn't have a default value
2024-10-11 10:06:29,427 - ERROR - Error executing query for player_info: 1364 (HY000): Field 'playerId' doesn't have a default value
2024-10-11 10:06:29,428 - ERROR - Error executing query for squad_info: 1364 (HY000): Field 'squadID' doesn't have a default value
2024-10-11 10:06:29,429 - ERROR - Error executing query for netball_womens_nz_match: 1364 (HY000): Field 'playerId' doesn't have a default value
2024-10-11 10:06:29,430 - ERROR - Error executing query for player_info: 1364 (HY000): Field 'playerId' doesn't have a default value
2024-10-11 10:06:29,431 - ERROR - Error executing query for squad_info: 1364 (HY000): Field 'squadID' doesn't have a default value
2024-10-11 10:06:29,433 - ERROR - Error executing query for netball_womens_nz_match: 1364 (HY000): Field 'playerId' doesn't have a default value
2024-10-11 10:06:29,434 - ERROR - Error executing query for player_info: 1364 (HY000): Field 'playerId' doesn't have a default value
2024-10-11 10:06:29,435 - ERROR - Error executing query for squad_info: 1364 (HY000): Field 'squadID' doesn't have a default value
2024-10-11 10:06:29,436 - ERROR - Error executing query for netball_womens_nz_match: 1364 (HY000): Field 'playerId' doesn't have a default value
2024-10-11 10:06:29,437 - ERROR - Error executing query for player_info: 1364 (HY000): Field 'playerId' doesn't have a default value
2024-10-11 10:06:29,438 - ERROR - Error executing query for squad_info: 1364 (HY000): Field 'squadID' doesn't have a default value
2024-10-11 10:06:29,439 - ERROR - Error executing query for netball_womens_nz_match: 1364 (HY000): Field 'playerId' doesn't have a default value
2024-10-11 10:06:29,440 - ERROR - Error executing query for player_info: 1364 (HY000): Field 'playerId' doesn't have a default value
2024-10-11 10:06:29,441 - ERROR - Error executing query for squad_info: 1364 (HY000): Field 'squadID' doesn't have a default value
2024-10-11 10:06:29,443 - ERROR - Error executing query for netball_womens_nz_match: 1364 (HY000): Field 'playerId' doesn't have a default value
2024-10-11 10:06:29,444 - ERROR - Error executing query for player_info: 1364 (HY000): Field 'playerId' doesn't have a default value
2024-10-11 10:06:29,445 - ERROR - Error executing query for squad_info: 1364 (HY000): Field 'squadID' doesn't have a default value
2024-10-11 10:06:29,446 - ERROR - Error executing query for netball_womens_nz_match: 1364 (HY000): Field 'playerId' doesn't have a default value
2024-10-11 10:06:29,447 - ERROR - Error executing query for player_info: 1364 (HY000): Field 'playerId' doesn't have a default value
2024-10-11 10:06:29,448 - ERROR - Error executing query for squad_info: 1364 (HY000): Field 'squadID' doesn't have a default value
2024-10-11 10:06:29,450 - ERROR - Error executing query for netball_womens_nz_match: 1364 (HY000): Field 'playerId' doesn't have a default value
2024-10-11 10:06:29,451 - ERROR - Error executing query for player_info: 1364 (HY000): Field 'playerId' doesn't have a default value
2024-10-11 10:06:29,452 - ERROR - Error executing query for squad_info: 1364 (HY000): Field 'squadID' doesn't have a default value
2024-10-11 10:06:29,453 - ERROR - Error executing query for netball_womens_nz_match: 1364 (HY000): Field 'playerId' doesn't have a default value
2024-10-11 10:06:29,454 - ERROR - Error executing query for player_info: 1364 (HY000): Field 'playerId' doesn't have a default value
2024-10-11 10:06:29,455 - ERROR - Error executing query for squad_info: 1364 (HY000): Field 'squadID' doesn't have a default value
2024-10-11 10:06:29,457 - ERROR - Error executing query for netball_womens_nz_match: 1364 (HY000): Field 'playerId' doesn't have a default value
2024-10-11 10:06:29,458 - ERROR - Error executing query for player_info: 1364 (HY000): Field 'playerId' doesn't have a default value
2024-10-11 10:06:29,459 - ERROR - Error executing query for squad_info: 1364 (HY000): Field 'squadID' doesn't have a default value
2024-10-11 10:06:29,460 - ERROR - Error executing query for netball_womens_nz_match: 1364 (HY000): Field 'playerId' doesn't have a default value
2024-10-11 10:06:29,461 - ERROR - Error executing query for player_info: 1364 (HY000): Field 'playerId' doesn't have a default value
2024-10-11 10:06:29,462 - ERROR - Error executing query for squad_info: 1364 (HY000): Field 'squadID' doesn't have a default value
2024-10-11 10:06:29,464 - ERROR - Error executing query for netball_womens_nz_match: 1364 (HY000): Field 'playerId' doesn't have a default value
2024-10-11 10:06:29,607 - ERROR - Error executing query for netball_womens_nz_period: 1364 (HY000): Field 'playerId' doesn't have a default value
2024-10-11 10:06:29,608 - ERROR - Error executing query for netball_womens_nz_period: 1364 (HY000): Field 'playerId' doesn't have a default value
2024-10-11 10:06:29,610 - ERROR - Error executing query for netball_womens_nz_period: 1364 (HY000): Field 'playerId' doesn't have a default value
2024-10-11 10:06:29,612 - ERROR - Error executing query for netball_womens_nz_period: 1364 (HY000): Field 'playerId' doesn't have a default value
2024-10-11 10:06:29,613 - ERROR - Error executing query for netball_womens_nz_period: 1364 (HY000): Field 'playerId' doesn't have a default value
2024-10-11 10:06:29,614 - ERROR - Error executing query for netball_womens_nz_period: 1364 (HY000): Field 'playerId' doesn't have a default value
2024-10-11 10:06:29,615 - ERROR - Error executing query for netball_womens_nz_period: 1364 (HY000): Field 'playerId' doesn't have a default value
2024-10-11 10:06:29,617 - ERROR - Error executing query for netball_womens_nz_period: 1364 (HY000): Field 'playerId' doesn't have a default value
2024-10-11 10:06:29,618 - ERROR - Error executing query for netball_womens_nz_period: 1364 (HY000): Field 'playerId' doesn't have a default value
2024-10-11 10:06:29,619 - ERROR - Error executing query for netball_womens_nz_period: 1364 (HY000): Field 'playerId' doesn't have a default value
2024-10-11 10:06:29,621 - ERROR - Error executing query for netball_womens_nz_period: 1364 (HY000): Field 'playerId' doesn't have a default value
2024-10-11 10:06:29,622 - ERROR - Error executing query for netball_womens_nz_period: 1364 (HY000): Field 'playerId' doesn't have a default value
2024-10-11 10:06:29,623 - ERROR - Error executing query for netball_womens_nz_period: 1364 (HY000): Field 'playerId' doesn't have a default value
2024-10-11 10:06:29,624 - ERROR - Error executing query for netball_womens_nz_period: 1364 (HY000): Field 'playerId' doesn't have a default value
2024-10-11 10:06:29,626 - ERROR - Error executing query for netball_womens_nz_period: 1364 (HY000): Field 'playerId' doesn't have a default value
2024-10-11 10:06:29,627 - ERROR - Error executing query for netball_womens_nz_period: 1364 (HY000): Field 'playerId' doesn't have a default value
2024-10-11 10:06:29,629 - ERROR - Error executing query for netball_womens_nz_period: 1364 (HY000): Field 'playerId' doesn't have a default value
2024-10-11 10:06:29,630 - ERROR - Error executing query for netball_womens_nz_period: 1364 (HY000): Field 'playerId' doesn't have a default value
2024-10-11 10:06:29,631 - ERROR - Error executing query for netball_womens_nz_period: 1364 (HY000): Field 'playerId' doesn't have a default value
2024-10-11 10:06:29,633 - ERROR - Error executing query for netball_womens_nz_period: 1364 (HY000): Field 'playerId' doesn't have a default value
2024-10-11 10:06:29,634 - ERROR - Error executing query for netball_womens_nz_period: 1364 (HY000): Field 'playerId' doesn't have a default value
2024-10-11 10:06:29,635 - ERROR - Error executing query for netball_womens_nz_period: 1364 (HY000): Field 'playerId' doesn't have a default value
2024-10-11 10:06:29,637 - ERROR - Error executing query for netball_womens_nz_period: 1364 (HY000): Field 'playerId' doesn't have a default value
2024-10-11 10:06:29,638 - ERROR - Error executing query for netball_womens_nz_period: 1364 (HY000): Field 'playerId' doesn't have a default value
2024-10-11 10:06:29,639 - ERROR - Error executing query for netball_womens_nz_period: 1364 (HY000): Field 'playerId' doesn't have a default value
2024-10-11 10:06:29,640 - ERROR - Error executing query for netball_womens_nz_period: 1364 (HY000): Field 'playerId' doesn't have a default value
2024-10-11 10:06:29,642 - ERROR - Error executing query for netball_womens_nz_period: 1364 (HY000): Field 'playerId' doesn't have a default value
2024-10-11 10:06:29,643 - ERROR - Error executing query for netball_womens_nz_period: 1364 (HY000): Field 'playerId' doesn't have a default value
2024-10-11 10:06:29,644 - ERROR - Error executing query for netball_womens_nz_period: 1364 (HY000): Field 'playerId' doesn't have a default value
2024-10-11 10:06:29,646 - ERROR - Error executing query for netball_womens_nz_period: 1364 (HY000): Field 'playerId' doesn't have a default value
2024-10-11 10:06:29,647 - ERROR - Error executing query for netball_womens_nz_period: 1364 (HY000): Field 'playerId' doesn't have a default value
2024-10-11 10:06:29,649 - ERROR - Error executing query for netball_womens_nz_period: 1364 (HY000): Field 'playerId' doesn't have a default value
2024-10-11 10:06:29,650 - ERROR - Error executing query for netball_womens_nz_period: 1364 (HY000): Field 'playerId' doesn't have a default value
2024-10-11 10:06:29,652 - ERROR - Error executing query for netball_womens_nz_period: 1364 (HY000): Field 'playerId' doesn't have a default value
2024-10-11 10:06:29,653 - ERROR - Error executing query for netball_womens_nz_period: 1364 (HY000): Field 'playerId' doesn't have a default value
2024-10-11 10:06:29,654 - ERROR - Error executing query for netball_womens_nz_period: 1364 (HY000): Field 'playerId' doesn't have a default value
2024-10-11 10:06:29,656 - ERROR - Error executing query for netball_womens_nz_period: 1364 (HY000): Field 'playerId' doesn't have a default value
2024-10-11 10:06:29,657 - ERROR - Error executing query for netball_womens_nz_period: 1364 (HY000): Field 'playerId' doesn't have a default value
2024-10-11 10:06:29,658 - ERROR - Error executing query for netball_womens_nz_period: 1364 (HY000): Field 'playerId' doesn't have a default value
2024-10-11 10:06:29,659 - ERROR - Error executing query for netball_womens_nz_period: 1364 (HY000): Field 'playerId' doesn't have a default value
2024-10-11 10:06:29,661 - ERROR - Error executing query for netball_womens_nz_period: 1364 (HY000): Field 'playerId' doesn't have a default value
2024-10-11 10:06:29,662 - ERROR - Error executing query for netball_womens_nz_period: 1364 (HY000): Field 'playerId' doesn't have a default value
2024-10-11 10:06:29,663 - ERROR - Error executing query for netball_womens_nz_period: 1364 (HY000): Field 'playerId' doesn't have a default value
2024-10-11 10:06:29,665 - ERROR - Error executing query for netball_womens_nz_period: 1364 (HY000): Field 'playerId' doesn't have a default value
2024-10-11 10:06:29,666 - ERROR - Error executing query for netball_womens_nz_period: 1364 (HY000): Field 'playerId' doesn't have a default value
2024-10-11 10:06:29,667 - ERROR - Error executing query for netball_womens_nz_period: 1364 (HY000): Field 'playerId' doesn't have a default value
2024-10-11 10:06:29,669 - ERROR - Error executing query for netball_womens_nz_period: 1364 (HY000): Field 'playerId' doesn't have a default value
2024-10-11 10:06:29,670 - ERROR - Error executing query for netball_womens_nz_period: 1364 (HY000): Field 'playerId' doesn't have a default value
2024-10-11 10:06:29,671 - ERROR - Error executing query for netball_womens_nz_period: 1364 (HY000): Field 'playerId' doesn't have a default value
2024-10-11 10:06:29,673 - ERROR - Error executing query for netball_womens_nz_period: 1364 (HY000): Field 'playerId' doesn't have a default value
2024-10-11 10:06:29,674 - ERROR - Error executing query for netball_womens_nz_period: 1364 (HY000): Field 'playerId' doesn't have a default value
2024-10-11 10:06:29,675 - ERROR - Error executing query for netball_womens_nz_period: 1364 (HY000): Field 'playerId' doesn't have a default value
2024-10-11 10:06:29,677 - ERROR - Error executing query for netball_womens_nz_period: 1364 (HY000): Field 'playerId' doesn't have a default value
2024-10-11 10:06:29,678 - ERROR - Error executing query for netball_womens_nz_period: 1364 (HY000): Field 'playerId' doesn't have a default value
2024-10-11 10:06:29,679 - ERROR - Error executing query for netball_womens_nz_period: 1364 (HY000): Field 'playerId' doesn't have a default value
2024-10-11 10:06:29,681 - ERROR - Error executing query for netball_womens_nz_period: 1364 (HY000): Field 'playerId' doesn't have a default value
2024-10-11 10:06:29,682 - ERROR - Error executing query for netball_womens_nz_period: 1364 (HY000): Field 'playerId' doesn't have a default value
2024-10-11 10:06:29,683 - ERROR - Error executing query for netball_womens_nz_period: 1364 (HY000): Field 'playerId' doesn't have a default value
2024-10-11 10:06:29,684 - ERROR - Error executing query for netball_womens_nz_period: 1364 (HY000): Field 'playerId' doesn't have a default value
2024-10-11 10:06:29,686 - ERROR - Error executing query for netball_womens_nz_period: 1364 (HY000): Field 'playerId' doesn't have a default value
2024-10-11 10:06:29,687 - ERROR - Error executing query for netball_womens_nz_period: 1364 (HY000): Field 'playerId' doesn't have a default value
2024-10-11 10:06:29,688 - ERROR - Error executing query for netball_womens_nz_period: 1364 (HY000): Field 'playerId' doesn't have a default value
2024-10-11 10:06:29,690 - ERROR - Error executing query for netball_womens_nz_period: 1364 (HY000): Field 'playerId' doesn't have a default value
2024-10-11 10:06:29,691 - ERROR - Error executing query for netball_womens_nz_period: 1364 (HY000): Field 'playerId' doesn't have a default value
2024-10-11 10:06:29,692 - ERROR - Error executing query for netball_womens_nz_period: 1364 (HY000): Field 'playerId' doesn't have a default value
2024-10-11 10:06:29,694 - ERROR - Error executing query for netball_womens_nz_period: 1364 (HY000): Field 'playerId' doesn't have a default value
2024-10-11 10:06:29,695 - ERROR - Error executing query for netball_womens_nz_period: 1364 (HY000): Field 'playerId' doesn't have a default value
2024-10-11 10:06:29,697 - ERROR - Error executing query for netball_womens_nz_period: 1364 (HY000): Field 'playerId' doesn't have a default value
2024-10-11 10:06:29,698 - ERROR - Error executing query for netball_womens_nz_period: 1364 (HY000): Field 'playerId' doesn't have a default value
2024-10-11 10:06:29,699 - ERROR - Error executing query for netball_womens_nz_period: 1364 (HY000): Field 'playerId' doesn't have a default value
2024-10-11 10:06:29,700 - ERROR - Error executing query for netball_womens_nz_period: 1364 (HY000): Field 'playerId' doesn't have a default value
2024-10-11 10:06:29,702 - ERROR - Error executing query for netball_womens_nz_period: 1364 (HY000): Field 'playerId' doesn't have a default value
2024-10-11 10:06:29,703 - ERROR - Error executing query for netball_womens_nz_period: 1364 (HY000): Field 'playerId' doesn't have a default value
2024-10-11 10:06:29,704 - ERROR - Error executing query for netball_womens_nz_period: 1364 (HY000): Field 'playerId' doesn't have a default value
2024-10-11 10:06:29,706 - ERROR - Error executing query for netball_womens_nz_period: 1364 (HY000): Field 'playerId' doesn't have a default value
2024-10-11 10:06:29,708 - ERROR - Error executing query for netball_womens_nz_period: 1364 (HY000): Field 'playerId' doesn't have a default value
2024-10-11 10:06:29,709 - ERROR - Error executing query for netball_womens_nz_period: 1364 (HY000): Field 'playerId' doesn't have a default value
2024-10-11 10:06:29,711 - ERROR - Error executing query for netball_womens_nz_period: 1364 (HY000): Field 'playerId' doesn't have a default value
2024-10-11 10:06:29,712 - ERROR - Error executing query for netball_womens_nz_period: 1364 (HY000): Field 'playerId' doesn't have a default value
2024-10-11 10:06:29,714 - ERROR - Error executing query for netball_womens_nz_period: 1364 (HY000): Field 'playerId' doesn't have a default value
2024-10-11 10:06:29,716 - ERROR - Error executing query for netball_womens_nz_period: 1364 (HY000): Field 'playerId' doesn't have a default value
2024-10-11 10:06:29,717 - ERROR - Error executing query for netball_womens_nz_period: 1364 (HY000): Field 'playerId' doesn't have a default value
2024-10-11 10:06:29,718 - ERROR - Error executing query for netball_womens_nz_period: 1364 (HY000): Field 'playerId' doesn't have a default value
2024-10-11 10:06:29,720 - ERROR - Error executing query for netball_womens_nz_period: 1364 (HY000): Field 'playerId' doesn't have a default value
2024-10-11 10:06:29,722 - ERROR - Error executing query for netball_womens_nz_period: 1364 (HY000): Field 'playerId' doesn't have a default value
2024-10-11 10:06:29,723 - ERROR - Error executing query for netball_womens_nz_period: 1364 (HY000): Field 'playerId' doesn't have a default value
2024-10-11 10:06:29,725 - ERROR - Error executing query for netball_womens_nz_period: 1364 (HY000): Field 'playerId' doesn't have a default value
2024-10-11 10:06:29,727 - ERROR - Error executing query for netball_womens_nz_period: 1364 (HY000): Field 'playerId' doesn't have a default value
2024-10-11 10:06:29,728 - ERROR - Error executing query for netball_womens_nz_period: 1364 (HY000): Field 'playerId' doesn't have a default value
2024-10-11 10:06:29,729 - ERROR - Error executing query for netball_womens_nz_period: 1364 (HY000): Field 'playerId' doesn't have a default value
2024-10-11 10:06:29,731 - ERROR - Error executing query for netball_womens_nz_period: 1364 (HY000): Field 'playerId' doesn't have a default value
2024-10-11 10:06:29,732 - ERROR - Error executing query for netball_womens_nz_period: 1364 (HY000): Field 'playerId' doesn't have a default value
2024-10-11 10:06:29,734 - ERROR - Error executing query for netball_womens_nz_period: 1364 (HY000): Field 'playerId' doesn't have a default value
2024-10-11 10:06:29,735 - ERROR - Error executing query for netball_womens_nz_period: 1364 (HY000): Field 'playerId' doesn't have a default value
2024-10-11 10:06:29,737 - ERROR - Error executing query for netball_womens_nz_period: 1364 (HY000): Field 'playerId' doesn't have a default value
2024-10-11 10:06:29,738 - ERROR - Error executing query for netball_womens_nz_period: 1364 (HY000): Field 'playerId' doesn't have a default value
2024-10-11 10:06:29,872 - ERROR - Error executing query for netball_womens_nz_score_flow: 1364 (HY000): Field 'squadId' doesn't have a default value
2024-10-11 10:06:29,873 - ERROR - Error executing query for netball_womens_nz_score_flow: 1364 (HY000): Field 'squadId' doesn't have a default value
2024-10-11 10:06:29,874 - ERROR - Error executing query for netball_womens_nz_score_flow: 1364 (HY000): Field 'squadId' doesn't have a default value
2024-10-11 10:06:29,875 - ERROR - Error executing query for netball_womens_nz_score_flow: 1364 (HY000): Field 'squadId' doesn't have a default value
2024-10-11 10:06:29,876 - ERROR - Error executing query for netball_womens_nz_score_flow: 1364 (HY000): Field 'squadId' doesn't have a default value
2024-10-11 10:06:29,877 - ERROR - Error executing query for netball_womens_nz_score_flow: 1364 (HY000): Field 'squadId' doesn't have a default value
2024-10-11 10:06:29,878 - ERROR - Error executing query for netball_womens_nz_score_flow: 1364 (HY000): Field 'squadId' doesn't have a default value
2024-10-11 10:06:29,880 - ERROR - Error executing query for netball_womens_nz_score_flow: 1364 (HY000): Field 'squadId' doesn't have a default value
2024-10-11 10:06:29,880 - ERROR - Error executing query for netball_womens_nz_score_flow: 1364 (HY000): Field 'squadId' doesn't have a default value
2024-10-11 10:06:29,881 - ERROR - Error executing query for netball_womens_nz_score_flow: 1364 (HY000): Field 'squadId' doesn't have a default value
2024-10-11 10:06:29,882 - ERROR - Error executing query for netball_womens_nz_score_flow: 1364 (HY000): Field 'squadId' doesn't have a default value
2024-10-11 10:06:29,883 - ERROR - Error executing query for netball_womens_nz_score_flow: 1364 (HY000): Field 'squadId' doesn't have a default value
2024-10-11 10:06:29,884 - ERROR - Error executing query for netball_womens_nz_score_flow: 1364 (HY000): Field 'squadId' doesn't have a default value
2024-10-11 10:06:29,885 - ERROR - Error executing query for netball_womens_nz_score_flow: 1364 (HY000): Field 'squadId' doesn't have a default value
2024-10-11 10:06:29,886 - ERROR - Error executing query for netball_womens_nz_score_flow: 1364 (HY000): Field 'squadId' doesn't have a default value
2024-10-11 10:06:29,887 - ERROR - Error executing query for netball_womens_nz_score_flow: 1364 (HY000): Field 'squadId' doesn't have a default value
2024-10-11 10:06:29,888 - ERROR - Error executing query for netball_womens_nz_score_flow: 1364 (HY000): Field 'squadId' doesn't have a default value
2024-10-11 10:06:29,889 - ERROR - Error executing query for netball_womens_nz_score_flow: 1364 (HY000): Field 'squadId' doesn't have a default value
2024-10-11 10:06:29,890 - ERROR - Error executing query for netball_womens_nz_score_flow: 1364 (HY000): Field 'squadId' doesn't have a default value
2024-10-11 10:06:29,891 - ERROR - Error executing query for netball_womens_nz_score_flow: 1364 (HY000): Field 'squadId' doesn't have a default value
2024-10-11 10:06:29,892 - ERROR - Error executing query for netball_womens_nz_score_flow: 1364 (HY000): Field 'squadId' doesn't have a default value
2024-10-11 10:06:29,893 - ERROR - Error executing query for netball_womens_nz_score_flow: 1364 (HY000): Field 'squadId' doesn't have a default value
2024-10-11 10:06:29,894 - ERROR - Error executing query for netball_womens_nz_score_flow: 1364 (HY000): Field 'squadId' doesn't have a default value
2024-10-11 10:06:29,895 - ERROR - Error executing query for netball_womens_nz_score_flow: 1364 (HY000): Field 'squadId' doesn't have a default value
2024-10-11 10:06:29,896 - ERROR - Error executing query for netball_womens_nz_score_flow: 1364 (HY000): Field 'squadId' doesn't have a default value
2024-10-11 10:06:29,897 - ERROR - Error executing query for netball_womens_nz_score_flow: 1364 (HY000): Field 'squadId' doesn't have a default value
2024-10-11 10:06:29,898 - ERROR - Error executing query for netball_womens_nz_score_flow: 1364 (HY000): Field 'squadId' doesn't have a default value
2024-10-11 10:06:29,899 - ERROR - Error executing query for netball_womens_nz_score_flow: 1364 (HY000): Field 'squadId' doesn't have a default value
2024-10-11 10:06:29,900 - ERROR - Error executing query for netball_womens_nz_score_flow: 1364 (HY000): Field 'squadId' doesn't have a default value
2024-10-11 10:06:29,901 - ERROR - Error executing query for netball_womens_nz_score_flow: 1364 (HY000): Field 'squadId' doesn't have a default value
2024-10-11 10:06:29,902 - ERROR - Error executing query for netball_womens_nz_score_flow: 1364 (HY000): Field 'squadId' doesn't have a default value
2024-10-11 10:06:29,903 - ERROR - Error executing query for netball_womens_nz_score_flow: 1364 (HY000): Field 'squadId' doesn't have a default value
2024-10-11 10:06:29,904 - ERROR - Error executing query for netball_womens_nz_score_flow: 1364 (HY000): Field 'squadId' doesn't have a default value
2024-10-11 10:06:29,905 - ERROR - Error executing query for netball_womens_nz_score_flow: 1364 (HY000): Field 'squadId' doesn't have a default value
2024-10-11 10:06:29,906 - ERROR - Error executing query for netball_womens_nz_score_flow: 1364 (HY000): Field 'squadId' doesn't have a default value
2024-10-11 10:06:29,906 - ERROR - Error executing query for netball_womens_nz_score_flow: 1364 (HY000): Field 'squadId' doesn't have a default value
2024-10-11 10:06:29,907 - ERROR - Error executing query for netball_womens_nz_score_flow: 1364 (HY000): Field 'squadId' doesn't have a default value
2024-10-11 10:06:29,908 - ERROR - Error executing query for netball_womens_nz_score_flow: 1364 (HY000): Field 'squadId' doesn't have a default value
2024-10-11 10:06:29,909 - ERROR - Error executing query for netball_womens_nz_score_flow: 1364 (HY000): Field 'squadId' doesn't have a default value
2024-10-11 10:06:29,910 - ERROR - Error executing query for netball_womens_nz_score_flow: 1364 (HY000): Field 'squadId' doesn't have a default value
2024-10-11 10:06:29,911 - ERROR - Error executing query for netball_womens_nz_score_flow: 1364 (HY000): Field 'squadId' doesn't have a default value
2024-10-11 10:06:29,912 - ERROR - Error executing query for netball_womens_nz_score_flow: 1364 (HY000): Field 'squadId' doesn't have a default value
2024-10-11 10:06:29,913 - ERROR - Error executing query for netball_womens_nz_score_flow: 1364 (HY000): Field 'squadId' doesn't have a default value
2024-10-11 10:06:29,914 - ERROR - Error executing query for netball_womens_nz_score_flow: 1364 (HY000): Field 'squadId' doesn't have a default value
2024-10-11 10:06:29,915 - ERROR - Error executing query for netball_womens_nz_score_flow: 1364 (HY000): Field 'squadId' doesn't have a default value
2024-10-11 10:06:29,916 - ERROR - Error executing query for netball_womens_nz_score_flow: 1364 (HY000): Field 'squadId' doesn't have a default value
2024-10-11 10:06:29,917 - ERROR - Error executing query for netball_womens_nz_score_flow: 1364 (HY000): Field 'squadId' doesn't have a default value
2024-10-11 10:06:29,918 - ERROR - Error executing query for netball_womens_nz_score_flow: 1364 (HY000): Field 'squadId' doesn't have a default value
2024-10-11 10:06:29,919 - ERROR - Error executing query for netball_womens_nz_score_flow: 1364 (HY000): Field 'squadId' doesn't have a default value
2024-10-11 10:06:29,920 - ERROR - Error executing query for netball_womens_nz_score_flow: 1364 (HY000): Field 'squadId' doesn't have a default value
2024-10-11 10:06:29,921 - ERROR - Error executing query for netball_womens_nz_score_flow: 1364 (HY000): Field 'squadId' doesn't have a default value
2024-10-11 10:06:29,922 - ERROR - Error executing query for netball_womens_nz_score_flow: 1364 (HY000): Field 'squadId' doesn't have a default value
2024-10-11 10:06:29,923 - ERROR - Error executing query for netball_womens_nz_score_flow: 1364 (HY000): Field 'squadId' doesn't have a default value
2024-10-11 10:06:29,924 - ERROR - Error executing query for netball_womens_nz_score_flow: 1364 (HY000): Field 'squadId' doesn't have a default value
2024-10-11 10:06:29,925 - ERROR - Error executing query for netball_womens_nz_score_flow: 1364 (HY000): Field 'squadId' doesn't have a default value
2024-10-11 10:06:29,926 - ERROR - Error executing query for netball_womens_nz_score_flow: 1364 (HY000): Field 'squadId' doesn't have a default value
2024-10-11 10:06:29,927 - ERROR - Error executing query for netball_womens_nz_score_flow: 1364 (HY000): Field 'squadId' doesn't have a default value
2024-10-11 10:06:29,927 - ERROR - Error executing query for netball_womens_nz_score_flow: 1364 (HY000): Field 'squadId' doesn't have a default value
2024-10-11 10:06:29,928 - ERROR - Error executing query for netball_womens_nz_score_flow: 1364 (HY000): Field 'squadId' doesn't have a default value
2024-10-11 10:06:29,929 - ERROR - Error executing query for netball_womens_nz_score_flow: 1364 (HY000): Field 'squadId' doesn't have a default value
2024-10-11 10:06:29,930 - ERROR - Error executing query for netball_womens_nz_score_flow: 1364 (HY000): Field 'squadId' doesn't have a default value
2024-10-11 10:06:29,931 - ERROR - Error executing query for netball_womens_nz_score_flow: 1364 (HY000): Field 'squadId' doesn't have a default value
2024-10-11 10:06:29,932 - ERROR - Error executing query for netball_womens_nz_score_flow: 1364 (HY000): Field 'squadId' doesn't have a default value
2024-10-11 10:06:29,933 - ERROR - Error executing query for netball_womens_nz_score_flow: 1364 (HY000): Field 'squadId' doesn't have a default value
2024-10-11 10:06:29,934 - ERROR - Error executing query for netball_womens_nz_score_flow: 1364 (HY000): Field 'squadId' doesn't have a default value
2024-10-11 10:06:29,935 - ERROR - Error executing query for netball_womens_nz_score_flow: 1364 (HY000): Field 'squadId' doesn't have a default value
2024-10-11 10:06:29,936 - ERROR - Error executing query for netball_womens_nz_score_flow: 1364 (HY000): Field 'squadId' doesn't have a default value
2024-10-11 10:06:29,937 - ERROR - Error executing query for netball_womens_nz_score_flow: 1364 (HY000): Field 'squadId' doesn't have a default value
2024-10-11 10:06:29,938 - ERROR - Error executing query for netball_womens_nz_score_flow: 1364 (HY000): Field 'squadId' doesn't have a default value
2024-10-11 10:06:29,939 - ERROR - Error executing query for netball_womens_nz_score_flow: 1364 (HY000): Field 'squadId' doesn't have a default value
2024-10-11 10:06:29,940 - ERROR - Error executing query for netball_womens_nz_score_flow: 1364 (HY000): Field 'squadId' doesn't have a default value
2024-10-11 10:06:29,941 - ERROR - Error executing query for netball_womens_nz_score_flow: 1364 (HY000): Field 'squadId' doesn't have a default value
2024-10-11 10:06:29,942 - ERROR - Error executing query for netball_womens_nz_score_flow: 1364 (HY000): Field 'squadId' doesn't have a default value
2024-10-11 10:06:29,943 - ERROR - Error executing query for netball_womens_nz_score_flow: 1364 (HY000): Field 'squadId' doesn't have a default value
2024-10-11 10:06:29,944 - ERROR - Error executing query for netball_womens_nz_score_flow: 1364 (HY000): Field 'squadId' doesn't have a default value
2024-10-11 10:06:29,945 - ERROR - Error executing query for netball_womens_nz_score_flow: 1364 (HY000): Field 'squadId' doesn't have a default value
2024-10-11 10:06:29,946 - ERROR - Error executing query for netball_womens_nz_score_flow: 1364 (HY000): Field 'squadId' doesn't have a default value
2024-10-11 10:06:29,946 - ERROR - Error executing query for netball_womens_nz_score_flow: 1364 (HY000): Field 'squadId' doesn't have a default value
2024-10-11 10:06:29,947 - ERROR - Error executing query for netball_womens_nz_score_flow: 1364 (HY000): Field 'squadId' doesn't have a default value
2024-10-11 10:06:29,948 - ERROR - Error executing query for netball_womens_nz_score_flow: 1364 (HY000): Field 'squadId' doesn't have a default value
2024-10-11 10:06:29,949 - ERROR - Error executing query for netball_womens_nz_score_flow: 1364 (HY000): Field 'squadId' doesn't have a default value
2024-10-11 10:06:29,950 - ERROR - Error executing query for netball_womens_nz_score_flow: 1364 (HY000): Field 'squadId' doesn't have a default value
2024-10-11 10:06:29,951 - ERROR - Error executing query for netball_womens_nz_score_flow: 1364 (HY000): Field 'squadId' doesn't have a default value
2024-10-11 10:06:29,952 - ERROR - Error executing query for netball_womens_nz_score_flow: 1364 (HY000): Field 'squadId' doesn't have a default value
2024-10-11 10:06:29,953 - ERROR - Error executing query for netball_womens_nz_score_flow: 1364 (HY000): Field 'squadId' doesn't have a default value
2024-10-11 10:06:29,954 - ERROR - Error executing query for netball_womens_nz_score_flow: 1364 (HY000): Field 'squadId' doesn't have a default value
2024-10-11 10:06:29,955 - ERROR - Error executing query for netball_womens_nz_score_flow: 1364 (HY000): Field 'squadId' doesn't have a default value
2024-10-11 10:06:29,956 - ERROR - Error executing query for netball_womens_nz_score_flow: 1364 (HY000): Field 'squadId' doesn't have a default value
2024-10-11 10:06:29,957 - ERROR - Error executing query for netball_womens_nz_score_flow: 1364 (HY000): Field 'squadId' doesn't have a default value
2024-10-11 10:06:29,958 - ERROR - Error executing query for netball_womens_nz_score_flow: 1364 (HY000): Field 'squadId' doesn't have a default value
2024-10-11 10:06:29,959 - ERROR - Error executing query for netball_womens_nz_score_flow: 1364 (HY000): Field 'squadId' doesn't have a default value
2024-10-11 10:06:29,960 - ERROR - Error executing query for netball_womens_nz_score_flow: 1364 (HY000): Field 'squadId' doesn't have a default value
2024-10-11 10:06:29,961 - ERROR - Error executing query for netball_womens_nz_score_flow: 1364 (HY000): Field 'squadId' doesn't have a default value
2024-10-11 10:06:29,962 - ERROR - Error executing query for netball_womens_nz_score_flow: 1364 (HY000): Field 'squadId' doesn't have a default value
2024-10-11 10:06:29,963 - ERROR - Error executing query for netball_womens_nz_score_flow: 1364 (HY000): Field 'squadId' doesn't have a default value
2024-10-11 10:06:29,964 - ERROR - Error executing query for netball_womens_nz_score_flow: 1364 (HY000): Field 'squadId' doesn't have a default value
2024-10-11 10:06:29,965 - ERROR - Error executing query for netball_womens_nz_score_flow: 1364 (HY000): Field 'squadId' doesn't have a default value
2024-10-11 10:06:29,966 - ERROR - Error executing query for netball_womens_nz_score_flow: 1364 (HY000): Field 'squadId' doesn't have a default value
2024-10-11 10:06:29,967 - ERROR - Error executing query for netball_womens_nz_score_flow: 1364 (HY000): Field 'squadId' doesn't have a default value
2024-10-11 10:06:29,968 - ERROR - Error executing query for netball_womens_nz_score_flow: 1364 (HY000): Field 'squadId' doesn't have a default value
2024-10-11 10:06:29,969 - ERROR - Error executing query for netball_womens_nz_score_flow: 1364 (HY000): Field 'squadId' doesn't have a default value
2024-10-11 10:06:29,970 - ERROR - Error executing query for netball_womens_nz_score_flow: 1364 (HY000): Field 'squadId' doesn't have a default value
2024-10-11 10:06:29,971 - ERROR - Error executing query for netball_womens_nz_score_flow: 1364 (HY000): Field 'squadId' doesn't have a default value
2024-10-11 10:06:29,972 - ERROR - Error executing query for netball_womens_nz_score_flow: 1364 (HY000): Field 'squadId' doesn't have a default value
2024-10-11 10:06:29,972 - ERROR - Error executing query for netball_womens_nz_score_flow: 1364 (HY000): Field 'squadId' doesn't have a default value
2024-10-11 10:06:29,973 - ERROR - Error executing query for netball_womens_nz_score_flow: 1364 (HY000): Field 'squadId' doesn't have a default value
2024-10-11 10:06:29,974 - ERROR - Error executing query for netball_womens_nz_score_flow: 1364 (HY000): Field 'squadId' doesn't have a default value
2024-10-11 10:06:29,975 - ERROR - Error executing query for netball_womens_nz_score_flow: 1364 (HY000): Field 'squadId' doesn't have a default value
2024-10-11 10:06:29,976 - ERROR - Error executing query for netball_womens_nz_score_flow: 1364 (HY000): Field 'squadId' doesn't have a default value
2024-10-11 10:06:29,977 - ERROR - Error executing query for netball_womens_nz_score_flow: 1364 (HY000): Field 'squadId' doesn't have a default value
2024-10-11 10:06:29,978 - ERROR - Error executing query for netball_womens_nz_score_flow: 1364 (HY000): Field 'squadId' doesn't have a default value
2024-10-11 10:06:29,979 - ERROR - Error executing query for netball_womens_nz_score_flow: 1364 (HY000): Field 'squadId' doesn't have a default value
2024-10-11 10:06:29,980 - ERROR - Error executing query for netball_womens_nz_score_flow: 1364 (HY000): Field 'squadId' doesn't have a default value
2024-10-11 10:06:29,981 - ERROR - Error executing query for netball_womens_nz_score_flow: 1364 (HY000): Field 'squadId' doesn't have a default value
2024-10-11 10:06:29,982 - ERROR - Error executing query for netball_womens_nz_score_flow: 1364 (HY000): Field 'squadId' doesn't have a default value
2024-10-11 10:06:29,983 - ERROR - Error executing query for netball_womens_nz_score_flow: 1364 (HY000): Field 'squadId' doesn't have a default value
2024-10-11 10:06:29,984 - ERROR - Error executing query for netball_womens_nz_score_flow: 1364 (HY000): Field 'squadId' doesn't have a default value
2024-10-11 10:06:29,985 - ERROR - Error executing query for netball_womens_nz_score_flow: 1364 (HY000): Field 'squadId' doesn't have a default value
2024-10-11 10:06:29,986 - ERROR - Error executing query for netball_womens_nz_score_flow: 1364 (HY000): Field 'squadId' doesn't have a default value
2024-10-11 10:06:29,987 - ERROR - Error executing query for netball_womens_nz_score_flow: 1364 (HY000): Field 'squadId' doesn't have a default value
2024-10-11 10:06:29,988 - ERROR - Error executing query for netball_womens_nz_score_flow: 1364 (HY000): Field 'squadId' doesn't have a default value
2024-10-11 10:06:29,988 - ERROR - Error executing query for netball_womens_nz_score_flow: 1364 (HY000): Field 'squadId' doesn't have a default value
2024-10-11 10:06:29,989 - ERROR - Error executing query for netball_womens_nz_score_flow: 1364 (HY000): Field 'squadId' doesn't have a default value
2024-10-11 10:06:29,992 - ERROR - Error executing query for netball_womens_nz_score_flow: 1364 (HY000): Field 'squadId' doesn't have a default value
2024-10-11 10:06:29,993 - ERROR - Error executing query for netball_womens_nz_score_flow: 1364 (HY000): Field 'squadId' doesn't have a default value
2024-10-11 10:06:29,994 - ERROR - Error executing query for netball_womens_nz_score_flow: 1364 (HY000): Field 'squadId' doesn't have a default value
2024-10-11 10:06:29,995 - ERROR - Error executing query for netball_womens_nz_score_flow: 1364 (HY000): Field 'squadId' doesn't have a default value
2024-10-11 10:06:29,996 - ERROR - Error executing query for netball_womens_nz_fixture: 1364 (HY000): Field 'fixtureId' doesn't have a default value
2024-10-11 10:06:29,997 - ERROR - Error executing query for sport_info: 1364 (HY000): Field 'sportId' doesn't have a default value
2024-10-11 10:06:30,155 - ERROR - Error executing query for player_info: 1364 (HY000): Field 'playerId' doesn't have a default value
2024-10-11 10:06:30,156 - ERROR - Error executing query for squad_info: 1364 (HY000): Field 'squadID' doesn't have a default value
2024-10-11 10:06:30,158 - ERROR - Error executing query for netball_womens_nz_match: 1364 (HY000): Field 'playerId' doesn't have a default value
2024-10-11 10:06:30,158 - ERROR - Error executing query for player_info: 1364 (HY000): Field 'playerId' doesn't have a default value
2024-10-11 10:06:30,159 - ERROR - Error executing query for squad_info: 1364 (HY000): Field 'squadID' doesn't have a default value
2024-10-11 10:06:30,161 - ERROR - Error executing query for netball_womens_nz_match: 1364 (HY000): Field 'playerId' doesn't have a default value
2024-10-11 10:06:30,162 - ERROR - Error executing query for player_info: 1364 (HY000): Field 'playerId' doesn't have a default value
2024-10-11 10:06:30,162 - ERROR - Error executing query for squad_info: 1364 (HY000): Field 'squadID' doesn't have a default value
2024-10-11 10:06:30,164 - ERROR - Error executing query for netball_womens_nz_match: 1364 (HY000): Field 'playerId' doesn't have a default value
2024-10-11 10:06:30,165 - ERROR - Error executing query for player_info: 1364 (HY000): Field 'playerId' doesn't have a default value
2024-10-11 10:06:30,166 - ERROR - Error executing query for squad_info: 1364 (HY000): Field 'squadID' doesn't have a default value
2024-10-11 10:06:30,168 - ERROR - Error executing query for netball_womens_nz_match: 1364 (HY000): Field 'playerId' doesn't have a default value
2024-10-11 10:06:30,169 - ERROR - Error executing query for player_info: 1364 (HY000): Field 'playerId' doesn't have a default value
2024-10-11 10:06:30,170 - ERROR - Error executing query for squad_info: 1364 (HY000): Field 'squadID' doesn't have a default value
2024-10-11 10:06:30,171 - ERROR - Error executing query for netball_womens_nz_match: 1364 (HY000): Field 'playerId' doesn't have a default value
2024-10-11 10:06:30,172 - ERROR - Error executing query for player_info: 1364 (HY000): Field 'playerId' doesn't have a default value
2024-10-11 10:06:30,173 - ERROR - Error executing query for squad_info: 1364 (HY000): Field 'squadID' doesn't have a default value
2024-10-11 10:06:30,174 - ERROR - Error executing query for netball_womens_nz_match: 1364 (HY000): Field 'playerId' doesn't have a default value
2024-10-11 10:06:30,175 - ERROR - Error executing query for player_info: 1364 (HY000): Field 'playerId' doesn't have a default value
2024-10-11 10:06:30,176 - ERROR - Error executing query for squad_info: 1364 (HY000): Field 'squadID' doesn't have a default value
2024-10-11 10:06:30,178 - ERROR - Error executing query for netball_womens_nz_match: 1364 (HY000): Field 'playerId' doesn't have a default value
2024-10-11 10:06:30,179 - ERROR - Error executing query for player_info: 1364 (HY000): Field 'playerId' doesn't have a default value
2024-10-11 10:06:30,180 - ERROR - Error executing query for squad_info: 1364 (HY000): Field 'squadID' doesn't have a default value
2024-10-11 10:06:30,181 - ERROR - Error executing query for netball_womens_nz_match: 1364 (HY000): Field 'playerId' doesn't have a default value
2024-10-11 10:06:30,182 - ERROR - Error executing query for player_info: 1364 (HY000): Field 'playerId' doesn't have a default value
2024-10-11 10:06:30,183 - ERROR - Error executing query for squad_info: 1364 (HY000): Field 'squadID' doesn't have a default value
2024-10-11 10:06:30,184 - ERROR - Error executing query for netball_womens_nz_match: 1364 (HY000): Field 'playerId' doesn't have a default value
2024-10-11 10:06:30,185 - ERROR - Error executing query for player_info: 1364 (HY000): Field 'playerId' doesn't have a default value
2024-10-11 10:06:30,186 - ERROR - Error executing query for squad_info: 1364 (HY000): Field 'squadID' doesn't have a default value
2024-10-11 10:06:30,187 - ERROR - Error executing query for netball_womens_nz_match: 1364 (HY000): Field 'playerId' doesn't have a default value
2024-10-11 10:06:30,188 - ERROR - Error executing query for player_info: 1364 (HY000): Field 'playerId' doesn't have a default value
2024-10-11 10:06:30,189 - ERROR - Error executing query for squad_info: 1364 (HY000): Field 'squadID' doesn't have a default value
2024-10-11 10:06:30,191 - ERROR - Error executing query for netball_womens_nz_match: 1364 (HY000): Field 'playerId' doesn't have a default value
2024-10-11 10:06:30,191 - ERROR - Error executing query for player_info: 1364 (HY000): Field 'playerId' doesn't have a default value
2024-10-11 10:06:30,192 - ERROR - Error executing query for squad_info: 1364 (HY000): Field 'squadID' doesn't have a default value
2024-10-11 10:06:30,194 - ERROR - Error executing query for netball_womens_nz_match: 1364 (HY000): Field 'playerId' doesn't have a default value
2024-10-11 10:06:30,195 - ERROR - Error executing query for player_info: 1364 (HY000): Field 'playerId' doesn't have a default value
2024-10-11 10:06:30,195 - ERROR - Error executing query for squad_info: 1364 (HY000): Field 'squadID' doesn't have a default value
2024-10-11 10:06:30,197 - ERROR - Error executing query for netball_womens_nz_match: 1364 (HY000): Field 'playerId' doesn't have a default value
2024-10-11 10:06:30,197 - ERROR - Error executing query for player_info: 1364 (HY000): Field 'playerId' doesn't have a default value
2024-10-11 10:06:30,198 - ERROR - Error executing query for squad_info: 1364 (HY000): Field 'squadID' doesn't have a default value
2024-10-11 10:06:30,200 - ERROR - Error executing query for netball_womens_nz_match: 1364 (HY000): Field 'playerId' doesn't have a default value
2024-10-11 10:06:30,200 - ERROR - Error executing query for player_info: 1364 (HY000): Field 'playerId' doesn't have a default value
2024-10-11 10:06:30,201 - ERROR - Error executing query for squad_info: 1364 (HY000): Field 'squadID' doesn't have a default value
2024-10-11 10:06:30,203 - ERROR - Error executing query for netball_womens_nz_match: 1364 (HY000): Field 'playerId' doesn't have a default value
2024-10-11 10:06:30,203 - ERROR - Error executing query for player_info: 1364 (HY000): Field 'playerId' doesn't have a default value
2024-10-11 10:06:30,204 - ERROR - Error executing query for squad_info: 1364 (HY000): Field 'squadID' doesn't have a default value
2024-10-11 10:06:30,206 - ERROR - Error executing query for netball_womens_nz_match: 1364 (HY000): Field 'playerId' doesn't have a default value
2024-10-11 10:06:30,207 - ERROR - Error executing query for player_info: 1364 (HY000): Field 'playerId' doesn't have a default value
2024-10-11 10:06:30,208 - ERROR - Error executing query for squad_info: 1364 (HY000): Field 'squadID' doesn't have a default value
2024-10-11 10:06:30,210 - ERROR - Error executing query for netball_womens_nz_match: 1364 (HY000): Field 'playerId' doesn't have a default value
2024-10-11 10:06:30,211 - ERROR - Error executing query for player_info: 1364 (HY000): Field 'playerId' doesn't have a default value
2024-10-11 10:06:30,213 - ERROR - Error executing query for squad_info: 1364 (HY000): Field 'squadID' doesn't have a default value
2024-10-11 10:06:30,215 - ERROR - Error executing query for netball_womens_nz_match: 1364 (HY000): Field 'playerId' doesn't have a default value
2024-10-11 10:06:30,216 - ERROR - Error executing query for player_info: 1364 (HY000): Field 'playerId' doesn't have a default value
2024-10-11 10:06:30,217 - ERROR - Error executing query for squad_info: 1364 (HY000): Field 'squadID' doesn't have a default value
2024-10-11 10:06:30,219 - ERROR - Error executing query for netball_womens_nz_match: 1364 (HY000): Field 'playerId' doesn't have a default value
2024-10-11 10:06:30,220 - ERROR - Error executing query for player_info: 1364 (HY000): Field 'playerId' doesn't have a default value
2024-10-11 10:06:30,221 - ERROR - Error executing query for squad_info: 1364 (HY000): Field 'squadID' doesn't have a default value
2024-10-11 10:06:30,223 - ERROR - Error executing query for netball_womens_nz_match: 1364 (HY000): Field 'playerId' doesn't have a default value
2024-10-11 10:06:30,224 - ERROR - Error executing query for player_info: 1364 (HY000): Field 'playerId' doesn't have a default value
2024-10-11 10:06:30,225 - ERROR - Error executing query for squad_info: 1364 (HY000): Field 'squadID' doesn't have a default value
2024-10-11 10:06:30,226 - ERROR - Error executing query for netball_womens_nz_match: 1364 (HY000): Field 'playerId' doesn't have a default value
2024-10-11 10:06:30,228 - ERROR - Error executing query for player_info: 1364 (HY000): Field 'playerId' doesn't have a default value
2024-10-11 10:06:30,229 - ERROR - Error executing query for squad_info: 1364 (HY000): Field 'squadID' doesn't have a default value
2024-10-11 10:06:30,231 - ERROR - Error executing query for netball_womens_nz_match: 1364 (HY000): Field 'playerId' doesn't have a default value
2024-10-11 10:06:30,232 - ERROR - Error executing query for player_info: 1364 (HY000): Field 'playerId' doesn't have a default value
2024-10-11 10:06:30,233 - ERROR - Error executing query for squad_info: 1364 (HY000): Field 'squadID' doesn't have a default value
2024-10-11 10:06:30,235 - ERROR - Error executing query for netball_womens_nz_match: 1364 (HY000): Field 'playerId' doesn't have a default value
2024-10-11 10:06:30,237 - ERROR - Error executing query for player_info: 1364 (HY000): Field 'playerId' doesn't have a default value
2024-10-11 10:06:30,237 - ERROR - Error executing query for squad_info: 1364 (HY000): Field 'squadID' doesn't have a default value
2024-10-11 10:06:30,239 - ERROR - Error executing query for netball_womens_nz_match: 1364 (HY000): Field 'playerId' doesn't have a default value
2024-10-11 10:06:30,401 - ERROR - Error executing query for netball_womens_nz_period: 1364 (HY000): Field 'playerId' doesn't have a default value
2024-10-11 10:06:30,402 - ERROR - Error executing query for netball_womens_nz_period: 1364 (HY000): Field 'playerId' doesn't have a default value
2024-10-11 10:06:30,404 - ERROR - Error executing query for netball_womens_nz_period: 1364 (HY000): Field 'playerId' doesn't have a default value
2024-10-11 10:06:30,405 - ERROR - Error executing query for netball_womens_nz_period: 1364 (HY000): Field 'playerId' doesn't have a default value
2024-10-11 10:06:30,406 - ERROR - Error executing query for netball_womens_nz_period: 1364 (HY000): Field 'playerId' doesn't have a default value
2024-10-11 10:06:30,407 - ERROR - Error executing query for netball_womens_nz_period: 1364 (HY000): Field 'playerId' doesn't have a default value
2024-10-11 10:06:30,409 - ERROR - Error executing query for netball_womens_nz_period: 1364 (HY000): Field 'playerId' doesn't have a default value
2024-10-11 10:06:30,410 - ERROR - Error executing query for netball_womens_nz_period: 1364 (HY000): Field 'playerId' doesn't have a default value
2024-10-11 10:06:30,411 - ERROR - Error executing query for netball_womens_nz_period: 1364 (HY000): Field 'playerId' doesn't have a default value
2024-10-11 10:06:30,413 - ERROR - Error executing query for netball_womens_nz_period: 1364 (HY000): Field 'playerId' doesn't have a default value
2024-10-11 10:06:30,414 - ERROR - Error executing query for netball_womens_nz_period: 1364 (HY000): Field 'playerId' doesn't have a default value
2024-10-11 10:06:30,415 - ERROR - Error executing query for netball_womens_nz_period: 1364 (HY000): Field 'playerId' doesn't have a default value
2024-10-11 10:06:30,417 - ERROR - Error executing query for netball_womens_nz_period: 1364 (HY000): Field 'playerId' doesn't have a default value
2024-10-11 10:06:30,418 - ERROR - Error executing query for netball_womens_nz_period: 1364 (HY000): Field 'playerId' doesn't have a default value
2024-10-11 10:06:30,419 - ERROR - Error executing query for netball_womens_nz_period: 1364 (HY000): Field 'playerId' doesn't have a default value
2024-10-11 10:06:30,420 - ERROR - Error executing query for netball_womens_nz_period: 1364 (HY000): Field 'playerId' doesn't have a default value
2024-10-11 10:06:30,422 - ERROR - Error executing query for netball_womens_nz_period: 1364 (HY000): Field 'playerId' doesn't have a default value
2024-10-11 10:06:30,423 - ERROR - Error executing query for netball_womens_nz_period: 1364 (HY000): Field 'playerId' doesn't have a default value
2024-10-11 10:06:30,424 - ERROR - Error executing query for netball_womens_nz_period: 1364 (HY000): Field 'playerId' doesn't have a default value
2024-10-11 10:06:30,425 - ERROR - Error executing query for netball_womens_nz_period: 1364 (HY000): Field 'playerId' doesn't have a default value
2024-10-11 10:06:30,427 - ERROR - Error executing query for netball_womens_nz_period: 1364 (HY000): Field 'playerId' doesn't have a default value
2024-10-11 10:06:30,428 - ERROR - Error executing query for netball_womens_nz_period: 1364 (HY000): Field 'playerId' doesn't have a default value
2024-10-11 10:06:30,429 - ERROR - Error executing query for netball_womens_nz_period: 1364 (HY000): Field 'playerId' doesn't have a default value
2024-10-11 10:06:30,431 - ERROR - Error executing query for netball_womens_nz_period: 1364 (HY000): Field 'playerId' doesn't have a default value
2024-10-11 10:06:30,432 - ERROR - Error executing query for netball_womens_nz_period: 1364 (HY000): Field 'playerId' doesn't have a default value
2024-10-11 10:06:30,433 - ERROR - Error executing query for netball_womens_nz_period: 1364 (HY000): Field 'playerId' doesn't have a default value
2024-10-11 10:06:30,434 - ERROR - Error executing query for netball_womens_nz_period: 1364 (HY000): Field 'playerId' doesn't have a default value
2024-10-11 10:06:30,436 - ERROR - Error executing query for netball_womens_nz_period: 1364 (HY000): Field 'playerId' doesn't have a default value
2024-10-11 10:06:30,437 - ERROR - Error executing query for netball_womens_nz_period: 1364 (HY000): Field 'playerId' doesn't have a default value
2024-10-11 10:06:30,438 - ERROR - Error executing query for netball_womens_nz_period: 1364 (HY000): Field 'playerId' doesn't have a default value
2024-10-11 10:06:30,439 - ERROR - Error executing query for netball_womens_nz_period: 1364 (HY000): Field 'playerId' doesn't have a default value
2024-10-11 10:06:30,441 - ERROR - Error executing query for netball_womens_nz_period: 1364 (HY000): Field 'playerId' doesn't have a default value
2024-10-11 10:06:30,442 - ERROR - Error executing query for netball_womens_nz_period: 1364 (HY000): Field 'playerId' doesn't have a default value
2024-10-11 10:06:30,443 - ERROR - Error executing query for netball_womens_nz_period: 1364 (HY000): Field 'playerId' doesn't have a default value
2024-10-11 10:06:30,444 - ERROR - Error executing query for netball_womens_nz_period: 1364 (HY000): Field 'playerId' doesn't have a default value
2024-10-11 10:06:30,446 - ERROR - Error executing query for netball_womens_nz_period: 1364 (HY000): Field 'playerId' doesn't have a default value
2024-10-11 10:06:30,447 - ERROR - Error executing query for netball_womens_nz_period: 1364 (HY000): Field 'playerId' doesn't have a default value
2024-10-11 10:06:30,449 - ERROR - Error executing query for netball_womens_nz_period: 1364 (HY000): Field 'playerId' doesn't have a default value
2024-10-11 10:06:30,450 - ERROR - Error executing query for netball_womens_nz_period: 1364 (HY000): Field 'playerId' doesn't have a default value
2024-10-11 10:06:30,451 - ERROR - Error executing query for netball_womens_nz_period: 1364 (HY000): Field 'playerId' doesn't have a default value
2024-10-11 10:06:30,452 - ERROR - Error executing query for netball_womens_nz_period: 1364 (HY000): Field 'playerId' doesn't have a default value
2024-10-11 10:06:30,454 - ERROR - Error executing query for netball_womens_nz_period: 1364 (HY000): Field 'playerId' doesn't have a default value
2024-10-11 10:06:30,455 - ERROR - Error executing query for netball_womens_nz_period: 1364 (HY000): Field 'playerId' doesn't have a default value
2024-10-11 10:06:30,456 - ERROR - Error executing query for netball_womens_nz_period: 1364 (HY000): Field 'playerId' doesn't have a default value
2024-10-11 10:06:30,458 - ERROR - Error executing query for netball_womens_nz_period: 1364 (HY000): Field 'playerId' doesn't have a default value
2024-10-11 10:06:30,459 - ERROR - Error executing query for netball_womens_nz_period: 1364 (HY000): Field 'playerId' doesn't have a default value
2024-10-11 10:06:30,460 - ERROR - Error executing query for netball_womens_nz_period: 1364 (HY000): Field 'playerId' doesn't have a default value
2024-10-11 10:06:30,461 - ERROR - Error executing query for netball_womens_nz_period: 1364 (HY000): Field 'playerId' doesn't have a default value
2024-10-11 10:06:30,463 - ERROR - Error executing query for netball_womens_nz_period: 1364 (HY000): Field 'playerId' doesn't have a default value
2024-10-11 10:06:30,464 - ERROR - Error executing query for netball_womens_nz_period: 1364 (HY000): Field 'playerId' doesn't have a default value
2024-10-11 10:06:30,465 - ERROR - Error executing query for netball_womens_nz_period: 1364 (HY000): Field 'playerId' doesn't have a default value
2024-10-11 10:06:30,466 - ERROR - Error executing query for netball_womens_nz_period: 1364 (HY000): Field 'playerId' doesn't have a default value
2024-10-11 10:06:30,468 - ERROR - Error executing query for netball_womens_nz_period: 1364 (HY000): Field 'playerId' doesn't have a default value
2024-10-11 10:06:30,469 - ERROR - Error executing query for netball_womens_nz_period: 1364 (HY000): Field 'playerId' doesn't have a default value
2024-10-11 10:06:30,470 - ERROR - Error executing query for netball_womens_nz_period: 1364 (HY000): Field 'playerId' doesn't have a default value
2024-10-11 10:06:30,471 - ERROR - Error executing query for netball_womens_nz_period: 1364 (HY000): Field 'playerId' doesn't have a default value
2024-10-11 10:06:30,473 - ERROR - Error executing query for netball_womens_nz_period: 1364 (HY000): Field 'playerId' doesn't have a default value
2024-10-11 10:06:30,474 - ERROR - Error executing query for netball_womens_nz_period: 1364 (HY000): Field 'playerId' doesn't have a default value
2024-10-11 10:06:30,475 - ERROR - Error executing query for netball_womens_nz_period: 1364 (HY000): Field 'playerId' doesn't have a default value
2024-10-11 10:06:30,476 - ERROR - Error executing query for netball_womens_nz_period: 1364 (HY000): Field 'playerId' doesn't have a default value
2024-10-11 10:06:30,478 - ERROR - Error executing query for netball_womens_nz_period: 1364 (HY000): Field 'playerId' doesn't have a default value
2024-10-11 10:06:30,479 - ERROR - Error executing query for netball_womens_nz_period: 1364 (HY000): Field 'playerId' doesn't have a default value
2024-10-11 10:06:30,480 - ERROR - Error executing query for netball_womens_nz_period: 1364 (HY000): Field 'playerId' doesn't have a default value
2024-10-11 10:06:30,481 - ERROR - Error executing query for netball_womens_nz_period: 1364 (HY000): Field 'playerId' doesn't have a default value
2024-10-11 10:06:30,483 - ERROR - Error executing query for netball_womens_nz_period: 1364 (HY000): Field 'playerId' doesn't have a default value
2024-10-11 10:06:30,484 - ERROR - Error executing query for netball_womens_nz_period: 1364 (HY000): Field 'playerId' doesn't have a default value
2024-10-11 10:06:30,485 - ERROR - Error executing query for netball_womens_nz_period: 1364 (HY000): Field 'playerId' doesn't have a default value
2024-10-11 10:06:30,486 - ERROR - Error executing query for netball_womens_nz_period: 1364 (HY000): Field 'playerId' doesn't have a default value
2024-10-11 10:06:30,488 - ERROR - Error executing query for netball_womens_nz_period: 1364 (HY000): Field 'playerId' doesn't have a default value
2024-10-11 10:06:30,489 - ERROR - Error executing query for netball_womens_nz_period: 1364 (HY000): Field 'playerId' doesn't have a default value
2024-10-11 10:06:30,490 - ERROR - Error executing query for netball_womens_nz_period: 1364 (HY000): Field 'playerId' doesn't have a default value
2024-10-11 10:06:30,492 - ERROR - Error executing query for netball_womens_nz_period: 1364 (HY000): Field 'playerId' doesn't have a default value
2024-10-11 10:06:30,493 - ERROR - Error executing query for netball_womens_nz_period: 1364 (HY000): Field 'playerId' doesn't have a default value
2024-10-11 10:06:30,494 - ERROR - Error executing query for netball_womens_nz_period: 1364 (HY000): Field 'playerId' doesn't have a default value
2024-10-11 10:06:30,496 - ERROR - Error executing query for netball_womens_nz_period: 1364 (HY000): Field 'playerId' doesn't have a default value
2024-10-11 10:06:30,497 - ERROR - Error executing query for netball_womens_nz_period: 1364 (HY000): Field 'playerId' doesn't have a default value
2024-10-11 10:06:30,498 - ERROR - Error executing query for netball_womens_nz_period: 1364 (HY000): Field 'playerId' doesn't have a default value
2024-10-11 10:06:30,500 - ERROR - Error executing query for netball_womens_nz_period: 1364 (HY000): Field 'playerId' doesn't have a default value
2024-10-11 10:06:30,501 - ERROR - Error executing query for netball_womens_nz_period: 1364 (HY000): Field 'playerId' doesn't have a default value
2024-10-11 10:06:30,502 - ERROR - Error executing query for netball_womens_nz_period: 1364 (HY000): Field 'playerId' doesn't have a default value
2024-10-11 10:06:30,503 - ERROR - Error executing query for netball_womens_nz_period: 1364 (HY000): Field 'playerId' doesn't have a default value
2024-10-11 10:06:30,505 - ERROR - Error executing query for netball_womens_nz_period: 1364 (HY000): Field 'playerId' doesn't have a default value
2024-10-11 10:06:30,506 - ERROR - Error executing query for netball_womens_nz_period: 1364 (HY000): Field 'playerId' doesn't have a default value
2024-10-11 10:06:30,507 - ERROR - Error executing query for netball_womens_nz_period: 1364 (HY000): Field 'playerId' doesn't have a default value
2024-10-11 10:06:30,509 - ERROR - Error executing query for netball_womens_nz_period: 1364 (HY000): Field 'playerId' doesn't have a default value
2024-10-11 10:06:30,510 - ERROR - Error executing query for netball_womens_nz_period: 1364 (HY000): Field 'playerId' doesn't have a default value
2024-10-11 10:06:30,511 - ERROR - Error executing query for netball_womens_nz_period: 1364 (HY000): Field 'playerId' doesn't have a default value
2024-10-11 10:06:30,513 - ERROR - Error executing query for netball_womens_nz_period: 1364 (HY000): Field 'playerId' doesn't have a default value
2024-10-11 10:06:30,514 - ERROR - Error executing query for netball_womens_nz_period: 1364 (HY000): Field 'playerId' doesn't have a default value
2024-10-11 10:06:30,515 - ERROR - Error executing query for netball_womens_nz_period: 1364 (HY000): Field 'playerId' doesn't have a default value
2024-10-11 10:06:30,516 - ERROR - Error executing query for netball_womens_nz_period: 1364 (HY000): Field 'playerId' doesn't have a default value
2024-10-11 10:06:30,518 - ERROR - Error executing query for netball_womens_nz_period: 1364 (HY000): Field 'playerId' doesn't have a default value
2024-10-11 10:06:30,520 - ERROR - Error executing query for netball_womens_nz_period: 1364 (HY000): Field 'playerId' doesn't have a default value
2024-10-11 10:06:30,521 - ERROR - Error executing query for netball_womens_nz_period: 1364 (HY000): Field 'playerId' doesn't have a default value
2024-10-11 10:06:30,522 - ERROR - Error executing query for netball_womens_nz_period: 1364 (HY000): Field 'playerId' doesn't have a default value
2024-10-11 10:06:30,524 - ERROR - Error executing query for netball_womens_nz_period: 1364 (HY000): Field 'playerId' doesn't have a default value
2024-10-11 10:06:30,693 - ERROR - Error executing query for netball_womens_nz_score_flow: 1364 (HY000): Field 'squadId' doesn't have a default value
2024-10-11 10:06:30,694 - ERROR - Error executing query for netball_womens_nz_score_flow: 1364 (HY000): Field 'squadId' doesn't have a default value
2024-10-11 10:06:30,696 - ERROR - Error executing query for netball_womens_nz_score_flow: 1364 (HY000): Field 'squadId' doesn't have a default value
2024-10-11 10:06:30,697 - ERROR - Error executing query for netball_womens_nz_score_flow: 1364 (HY000): Field 'squadId' doesn't have a default value
2024-10-11 10:06:30,698 - ERROR - Error executing query for netball_womens_nz_score_flow: 1364 (HY000): Field 'squadId' doesn't have a default value
2024-10-11 10:06:30,699 - ERROR - Error executing query for netball_womens_nz_score_flow: 1364 (HY000): Field 'squadId' doesn't have a default value
2024-10-11 10:06:30,700 - ERROR - Error executing query for netball_womens_nz_score_flow: 1364 (HY000): Field 'squadId' doesn't have a default value
2024-10-11 10:06:30,701 - ERROR - Error executing query for netball_womens_nz_score_flow: 1364 (HY000): Field 'squadId' doesn't have a default value
2024-10-11 10:06:30,702 - ERROR - Error executing query for netball_womens_nz_score_flow: 1364 (HY000): Field 'squadId' doesn't have a default value
2024-10-11 10:06:30,703 - ERROR - Error executing query for netball_womens_nz_score_flow: 1364 (HY000): Field 'squadId' doesn't have a default value
2024-10-11 10:06:30,704 - ERROR - Error executing query for netball_womens_nz_score_flow: 1364 (HY000): Field 'squadId' doesn't have a default value
2024-10-11 10:06:30,705 - ERROR - Error executing query for netball_womens_nz_score_flow: 1364 (HY000): Field 'squadId' doesn't have a default value
2024-10-11 10:06:30,706 - ERROR - Error executing query for netball_womens_nz_score_flow: 1364 (HY000): Field 'squadId' doesn't have a default value
2024-10-11 10:06:30,707 - ERROR - Error executing query for netball_womens_nz_score_flow: 1364 (HY000): Field 'squadId' doesn't have a default value
2024-10-11 10:06:30,708 - ERROR - Error executing query for netball_womens_nz_score_flow: 1364 (HY000): Field 'squadId' doesn't have a default value
2024-10-11 10:06:30,709 - ERROR - Error executing query for netball_womens_nz_score_flow: 1364 (HY000): Field 'squadId' doesn't have a default value
2024-10-11 10:06:30,710 - ERROR - Error executing query for netball_womens_nz_score_flow: 1364 (HY000): Field 'squadId' doesn't have a default value
2024-10-11 10:06:30,711 - ERROR - Error executing query for netball_womens_nz_score_flow: 1364 (HY000): Field 'squadId' doesn't have a default value
2024-10-11 10:06:30,712 - ERROR - Error executing query for netball_womens_nz_score_flow: 1364 (HY000): Field 'squadId' doesn't have a default value
2024-10-11 10:06:30,714 - ERROR - Error executing query for netball_womens_nz_score_flow: 1364 (HY000): Field 'squadId' doesn't have a default value
2024-10-11 10:06:30,715 - ERROR - Error executing query for netball_womens_nz_score_flow: 1364 (HY000): Field 'squadId' doesn't have a default value
2024-10-11 10:06:30,716 - ERROR - Error executing query for netball_womens_nz_score_flow: 1364 (HY000): Field 'squadId' doesn't have a default value
2024-10-11 10:06:30,717 - ERROR - Error executing query for netball_womens_nz_score_flow: 1364 (HY000): Field 'squadId' doesn't have a default value
2024-10-11 10:06:30,718 - ERROR - Error executing query for netball_womens_nz_score_flow: 1364 (HY000): Field 'squadId' doesn't have a default value
2024-10-11 10:06:30,720 - ERROR - Error executing query for netball_womens_nz_score_flow: 1364 (HY000): Field 'squadId' doesn't have a default value
2024-10-11 10:06:30,721 - ERROR - Error executing query for netball_womens_nz_score_flow: 1364 (HY000): Field 'squadId' doesn't have a default value
2024-10-11 10:06:30,722 - ERROR - Error executing query for netball_womens_nz_score_flow: 1364 (HY000): Field 'squadId' doesn't have a default value
2024-10-11 10:06:30,723 - ERROR - Error executing query for netball_womens_nz_score_flow: 1364 (HY000): Field 'squadId' doesn't have a default value
2024-10-11 10:06:30,724 - ERROR - Error executing query for netball_womens_nz_score_flow: 1364 (HY000): Field 'squadId' doesn't have a default value
2024-10-11 10:06:30,725 - ERROR - Error executing query for netball_womens_nz_score_flow: 1364 (HY000): Field 'squadId' doesn't have a default value
2024-10-11 10:06:30,726 - ERROR - Error executing query for netball_womens_nz_score_flow: 1364 (HY000): Field 'squadId' doesn't have a default value
2024-10-11 10:06:30,727 - ERROR - Error executing query for netball_womens_nz_score_flow: 1364 (HY000): Field 'squadId' doesn't have a default value
2024-10-11 10:06:30,728 - ERROR - Error executing query for netball_womens_nz_score_flow: 1364 (HY000): Field 'squadId' doesn't have a default value
2024-10-11 10:06:30,729 - ERROR - Error executing query for netball_womens_nz_score_flow: 1364 (HY000): Field 'squadId' doesn't have a default value
2024-10-11 10:06:30,730 - ERROR - Error executing query for netball_womens_nz_score_flow: 1364 (HY000): Field 'squadId' doesn't have a default value
2024-10-11 10:06:30,731 - ERROR - Error executing query for netball_womens_nz_score_flow: 1364 (HY000): Field 'squadId' doesn't have a default value
2024-10-11 10:06:30,732 - ERROR - Error executing query for netball_womens_nz_score_flow: 1364 (HY000): Field 'squadId' doesn't have a default value
2024-10-11 10:06:30,733 - ERROR - Error executing query for netball_womens_nz_score_flow: 1364 (HY000): Field 'squadId' doesn't have a default value
2024-10-11 10:06:30,734 - ERROR - Error executing query for netball_womens_nz_score_flow: 1364 (HY000): Field 'squadId' doesn't have a default value
2024-10-11 10:06:30,735 - ERROR - Error executing query for netball_womens_nz_score_flow: 1364 (HY000): Field 'squadId' doesn't have a default value
2024-10-11 10:06:30,736 - ERROR - Error executing query for netball_womens_nz_score_flow: 1364 (HY000): Field 'squadId' doesn't have a default value
2024-10-11 10:06:30,737 - ERROR - Error executing query for netball_womens_nz_score_flow: 1364 (HY000): Field 'squadId' doesn't have a default value
2024-10-11 10:06:30,738 - ERROR - Error executing query for netball_womens_nz_score_flow: 1364 (HY000): Field 'squadId' doesn't have a default value
2024-10-11 10:06:30,739 - ERROR - Error executing query for netball_womens_nz_score_flow: 1364 (HY000): Field 'squadId' doesn't have a default value
2024-10-11 10:06:30,740 - ERROR - Error executing query for netball_womens_nz_score_flow: 1364 (HY000): Field 'squadId' doesn't have a default value
2024-10-11 10:06:30,741 - ERROR - Error executing query for netball_womens_nz_score_flow: 1364 (HY000): Field 'squadId' doesn't have a default value
2024-10-11 10:06:30,742 - ERROR - Error executing query for netball_womens_nz_score_flow: 1364 (HY000): Field 'squadId' doesn't have a default value
2024-10-11 10:06:30,743 - ERROR - Error executing query for netball_womens_nz_score_flow: 1364 (HY000): Field 'squadId' doesn't have a default value
2024-10-11 10:06:30,744 - ERROR - Error executing query for netball_womens_nz_score_flow: 1364 (HY000): Field 'squadId' doesn't have a default value
2024-10-11 10:06:30,745 - ERROR - Error executing query for netball_womens_nz_score_flow: 1364 (HY000): Field 'squadId' doesn't have a default value
2024-10-11 10:06:30,746 - ERROR - Error executing query for netball_womens_nz_score_flow: 1364 (HY000): Field 'squadId' doesn't have a default value
2024-10-11 10:06:30,748 - ERROR - Error executing query for netball_womens_nz_score_flow: 1364 (HY000): Field 'squadId' doesn't have a default value
2024-10-11 10:06:30,748 - ERROR - Error executing query for netball_womens_nz_score_flow: 1364 (HY000): Field 'squadId' doesn't have a default value
2024-10-11 10:06:30,749 - ERROR - Error executing query for netball_womens_nz_score_flow: 1364 (HY000): Field 'squadId' doesn't have a default value
2024-10-11 10:06:30,750 - ERROR - Error executing query for netball_womens_nz_score_flow: 1364 (HY000): Field 'squadId' doesn't have a default value
2024-10-11 10:06:30,751 - ERROR - Error executing query for netball_womens_nz_score_flow: 1364 (HY000): Field 'squadId' doesn't have a default value
2024-10-11 10:06:30,752 - ERROR - Error executing query for netball_womens_nz_score_flow: 1364 (HY000): Field 'squadId' doesn't have a default value
2024-10-11 10:06:30,753 - ERROR - Error executing query for netball_womens_nz_score_flow: 1364 (HY000): Field 'squadId' doesn't have a default value
2024-10-11 10:06:30,754 - ERROR - Error executing query for netball_womens_nz_score_flow: 1364 (HY000): Field 'squadId' doesn't have a default value
2024-10-11 10:06:30,756 - ERROR - Error executing query for netball_womens_nz_score_flow: 1364 (HY000): Field 'squadId' doesn't have a default value
2024-10-11 10:06:30,757 - ERROR - Error executing query for netball_womens_nz_score_flow: 1364 (HY000): Field 'squadId' doesn't have a default value
2024-10-11 10:06:30,758 - ERROR - Error executing query for netball_womens_nz_score_flow: 1364 (HY000): Field 'squadId' doesn't have a default value
2024-10-11 10:06:30,759 - ERROR - Error executing query for netball_womens_nz_score_flow: 1364 (HY000): Field 'squadId' doesn't have a default value
2024-10-11 10:06:30,760 - ERROR - Error executing query for netball_womens_nz_score_flow: 1364 (HY000): Field 'squadId' doesn't have a default value
2024-10-11 10:06:30,761 - ERROR - Error executing query for netball_womens_nz_score_flow: 1364 (HY000): Field 'squadId' doesn't have a default value
2024-10-11 10:06:30,762 - ERROR - Error executing query for netball_womens_nz_score_flow: 1364 (HY000): Field 'squadId' doesn't have a default value
2024-10-11 10:06:30,763 - ERROR - Error executing query for netball_womens_nz_score_flow: 1364 (HY000): Field 'squadId' doesn't have a default value
2024-10-11 10:06:30,764 - ERROR - Error executing query for netball_womens_nz_score_flow: 1364 (HY000): Field 'squadId' doesn't have a default value
2024-10-11 10:06:30,765 - ERROR - Error executing query for netball_womens_nz_score_flow: 1364 (HY000): Field 'squadId' doesn't have a default value
2024-10-11 10:06:30,766 - ERROR - Error executing query for netball_womens_nz_score_flow: 1364 (HY000): Field 'squadId' doesn't have a default value
2024-10-11 10:06:30,767 - ERROR - Error executing query for netball_womens_nz_score_flow: 1364 (HY000): Field 'squadId' doesn't have a default value
2024-10-11 10:06:30,768 - ERROR - Error executing query for netball_womens_nz_score_flow: 1364 (HY000): Field 'squadId' doesn't have a default value
2024-10-11 10:06:30,769 - ERROR - Error executing query for netball_womens_nz_score_flow: 1364 (HY000): Field 'squadId' doesn't have a default value
2024-10-11 10:06:30,770 - ERROR - Error executing query for netball_womens_nz_score_flow: 1364 (HY000): Field 'squadId' doesn't have a default value
2024-10-11 10:06:30,771 - ERROR - Error executing query for netball_womens_nz_score_flow: 1364 (HY000): Field 'squadId' doesn't have a default value
2024-10-11 10:06:30,772 - ERROR - Error executing query for netball_womens_nz_score_flow: 1364 (HY000): Field 'squadId' doesn't have a default value
2024-10-11 10:06:30,773 - ERROR - Error executing query for netball_womens_nz_score_flow: 1364 (HY000): Field 'squadId' doesn't have a default value
2024-10-11 10:06:30,774 - ERROR - Error executing query for netball_womens_nz_score_flow: 1364 (HY000): Field 'squadId' doesn't have a default value
2024-10-11 10:06:30,775 - ERROR - Error executing query for netball_womens_nz_score_flow: 1364 (HY000): Field 'squadId' doesn't have a default value
2024-10-11 10:06:30,776 - ERROR - Error executing query for netball_womens_nz_score_flow: 1364 (HY000): Field 'squadId' doesn't have a default value
2024-10-11 10:06:30,777 - ERROR - Error executing query for netball_womens_nz_score_flow: 1364 (HY000): Field 'squadId' doesn't have a default value
2024-10-11 10:06:30,778 - ERROR - Error executing query for netball_womens_nz_score_flow: 1364 (HY000): Field 'squadId' doesn't have a default value
2024-10-11 10:06:30,779 - ERROR - Error executing query for netball_womens_nz_score_flow: 1364 (HY000): Field 'squadId' doesn't have a default value
2024-10-11 10:06:30,780 - ERROR - Error executing query for netball_womens_nz_score_flow: 1364 (HY000): Field 'squadId' doesn't have a default value
2024-10-11 10:06:30,781 - ERROR - Error executing query for netball_womens_nz_score_flow: 1364 (HY000): Field 'squadId' doesn't have a default value
2024-10-11 10:06:30,782 - ERROR - Error executing query for netball_womens_nz_score_flow: 1364 (HY000): Field 'squadId' doesn't have a default value
2024-10-11 10:06:30,783 - ERROR - Error executing query for netball_womens_nz_score_flow: 1364 (HY000): Field 'squadId' doesn't have a default value
2024-10-11 10:06:30,783 - ERROR - Error executing query for netball_womens_nz_score_flow: 1364 (HY000): Field 'squadId' doesn't have a default value
2024-10-11 10:06:30,784 - ERROR - Error executing query for netball_womens_nz_score_flow: 1364 (HY000): Field 'squadId' doesn't have a default value
2024-10-11 10:06:30,785 - ERROR - Error executing query for netball_womens_nz_score_flow: 1364 (HY000): Field 'squadId' doesn't have a default value
2024-10-11 10:06:30,787 - ERROR - Error executing query for netball_womens_nz_score_flow: 1364 (HY000): Field 'squadId' doesn't have a default value
2024-10-11 10:06:30,788 - ERROR - Error executing query for netball_womens_nz_score_flow: 1364 (HY000): Field 'squadId' doesn't have a default value
2024-10-11 10:06:30,789 - ERROR - Error executing query for netball_womens_nz_score_flow: 1364 (HY000): Field 'squadId' doesn't have a default value
2024-10-11 10:06:30,790 - ERROR - Error executing query for netball_womens_nz_score_flow: 1364 (HY000): Field 'squadId' doesn't have a default value
2024-10-11 10:06:30,791 - ERROR - Error executing query for netball_womens_nz_score_flow: 1364 (HY000): Field 'squadId' doesn't have a default value
2024-10-11 10:06:30,792 - ERROR - Error executing query for netball_womens_nz_score_flow: 1364 (HY000): Field 'squadId' doesn't have a default value
2024-10-11 10:06:30,793 - ERROR - Error executing query for netball_womens_nz_score_flow: 1364 (HY000): Field 'squadId' doesn't have a default value
2024-10-11 10:06:30,794 - ERROR - Error executing query for netball_womens_nz_score_flow: 1364 (HY000): Field 'squadId' doesn't have a default value
2024-10-11 10:06:30,795 - ERROR - Error executing query for netball_womens_nz_score_flow: 1364 (HY000): Field 'squadId' doesn't have a default value
2024-10-11 10:06:30,796 - ERROR - Error executing query for netball_womens_nz_score_flow: 1364 (HY000): Field 'squadId' doesn't have a default value
2024-10-11 10:06:30,796 - ERROR - Error executing query for netball_womens_nz_score_flow: 1364 (HY000): Field 'squadId' doesn't have a default value
2024-10-11 10:06:30,797 - ERROR - Error executing query for netball_womens_nz_score_flow: 1364 (HY000): Field 'squadId' doesn't have a default value
2024-10-11 10:06:30,798 - ERROR - Error executing query for netball_womens_nz_score_flow: 1364 (HY000): Field 'squadId' doesn't have a default value
2024-10-11 10:06:30,799 - ERROR - Error executing query for netball_womens_nz_score_flow: 1364 (HY000): Field 'squadId' doesn't have a default value
2024-10-11 10:06:30,800 - ERROR - Error executing query for netball_womens_nz_score_flow: 1364 (HY000): Field 'squadId' doesn't have a default value
2024-10-11 10:06:30,801 - ERROR - Error executing query for netball_womens_nz_score_flow: 1364 (HY000): Field 'squadId' doesn't have a default value
2024-10-11 10:06:30,802 - ERROR - Error executing query for netball_womens_nz_score_flow: 1364 (HY000): Field 'squadId' doesn't have a default value
2024-10-11 10:06:30,803 - ERROR - Error executing query for netball_womens_nz_score_flow: 1364 (HY000): Field 'squadId' doesn't have a default value
2024-10-11 10:06:30,804 - ERROR - Error executing query for netball_womens_nz_score_flow: 1364 (HY000): Field 'squadId' doesn't have a default value
2024-10-11 10:06:30,805 - ERROR - Error executing query for netball_womens_nz_score_flow: 1364 (HY000): Field 'squadId' doesn't have a default value
2024-10-11 10:06:30,806 - ERROR - Error executing query for netball_womens_nz_score_flow: 1364 (HY000): Field 'squadId' doesn't have a default value
2024-10-11 10:06:30,807 - ERROR - Error executing query for netball_womens_nz_score_flow: 1364 (HY000): Field 'squadId' doesn't have a default value
2024-10-11 10:06:30,809 - ERROR - Error executing query for netball_womens_nz_score_flow: 1364 (HY000): Field 'squadId' doesn't have a default value
2024-10-11 10:06:30,810 - ERROR - Error executing query for netball_womens_nz_score_flow: 1364 (HY000): Field 'squadId' doesn't have a default value
2024-10-11 10:06:30,811 - ERROR - Error executing query for netball_womens_nz_score_flow: 1364 (HY000): Field 'squadId' doesn't have a default value
2024-10-11 10:06:30,812 - ERROR - Error executing query for netball_womens_nz_score_flow: 1364 (HY000): Field 'squadId' doesn't have a default value
2024-10-11 10:06:30,813 - ERROR - Error executing query for netball_womens_nz_score_flow: 1364 (HY000): Field 'squadId' doesn't have a default value
2024-10-11 10:06:30,814 - ERROR - Error executing query for netball_womens_nz_score_flow: 1364 (HY000): Field 'squadId' doesn't have a default value
2024-10-11 10:06:30,814 - ERROR - Error executing query for netball_womens_nz_score_flow: 1364 (HY000): Field 'squadId' doesn't have a default value
2024-10-11 10:06:30,815 - ERROR - Error executing query for netball_womens_nz_score_flow: 1364 (HY000): Field 'squadId' doesn't have a default value
2024-10-11 10:06:30,816 - ERROR - Error executing query for netball_womens_nz_score_flow: 1364 (HY000): Field 'squadId' doesn't have a default value
2024-10-11 10:06:30,817 - ERROR - Error executing query for netball_womens_nz_score_flow: 1364 (HY000): Field 'squadId' doesn't have a default value
2024-10-11 10:06:30,818 - ERROR - Error executing query for netball_womens_nz_score_flow: 1364 (HY000): Field 'squadId' doesn't have a default value
2024-10-11 10:06:30,819 - ERROR - Error executing query for netball_womens_nz_score_flow: 1364 (HY000): Field 'squadId' doesn't have a default value
2024-10-11 10:06:30,820 - ERROR - Error executing query for netball_womens_nz_score_flow: 1364 (HY000): Field 'squadId' doesn't have a default value
2024-10-11 10:06:30,821 - ERROR - Error executing query for netball_womens_nz_score_flow: 1364 (HY000): Field 'squadId' doesn't have a default value
2024-10-11 10:06:30,822 - ERROR - Error executing query for netball_womens_nz_score_flow: 1364 (HY000): Field 'squadId' doesn't have a default value
2024-10-11 10:06:30,823 - ERROR - Error executing query for netball_womens_nz_score_flow: 1364 (HY000): Field 'squadId' doesn't have a default value
2024-10-11 10:06:30,824 - ERROR - Error executing query for netball_womens_nz_score_flow: 1364 (HY000): Field 'squadId' doesn't have a default value
2024-10-11 10:06:30,825 - ERROR - Error executing query for netball_womens_nz_score_flow: 1364 (HY000): Field 'squadId' doesn't have a default value
2024-10-11 10:06:30,826 - ERROR - Error executing query for netball_womens_nz_score_flow: 1364 (HY000): Field 'squadId' doesn't have a default value
2024-10-11 10:06:30,827 - ERROR - Error executing query for netball_womens_nz_score_flow: 1364 (HY000): Field 'squadId' doesn't have a default value
2024-10-11 10:06:30,828 - ERROR - Error executing query for netball_womens_nz_score_flow: 1364 (HY000): Field 'squadId' doesn't have a default value
2024-10-11 10:06:30,829 - ERROR - Error executing query for netball_womens_nz_score_flow: 1364 (HY000): Field 'squadId' doesn't have a default value
2024-10-11 10:06:30,830 - ERROR - Error executing query for netball_womens_nz_score_flow: 1364 (HY000): Field 'squadId' doesn't have a default value
2024-10-11 10:06:30,831 - ERROR - Error executing query for netball_womens_nz_score_flow: 1364 (HY000): Field 'squadId' doesn't have a default value
2024-10-11 10:06:30,832 - ERROR - Error executing query for netball_womens_nz_score_flow: 1364 (HY000): Field 'squadId' doesn't have a default value
2024-10-11 10:06:30,833 - ERROR - Error executing query for netball_womens_nz_score_flow: 1364 (HY000): Field 'squadId' doesn't have a default value
2024-10-11 10:06:30,834 - ERROR - Error executing query for netball_womens_nz_fixture: 1364 (HY000): Field 'fixtureId' doesn't have a default value
2024-10-11 10:06:30,835 - ERROR - Error executing query for sport_info: 1364 (HY000): Field 'sportId' doesn't have a default value
2024-10-11 10:06:30,970 - ERROR - Error executing query for player_info: 1364 (HY000): Field 'playerId' doesn't have a default value
2024-10-11 10:06:30,971 - ERROR - Error executing query for squad_info: 1364 (HY000): Field 'squadID' doesn't have a default value
2024-10-11 10:06:30,973 - ERROR - Error executing query for netball_womens_nz_match: 1364 (HY000): Field 'playerId' doesn't have a default value
2024-10-11 10:06:30,974 - ERROR - Error executing query for player_info: 1364 (HY000): Field 'playerId' doesn't have a default value
2024-10-11 10:06:30,974 - ERROR - Error executing query for squad_info: 1364 (HY000): Field 'squadID' doesn't have a default value
2024-10-11 10:06:30,976 - ERROR - Error executing query for netball_womens_nz_match: 1364 (HY000): Field 'playerId' doesn't have a default value
2024-10-11 10:06:30,977 - ERROR - Error executing query for player_info: 1364 (HY000): Field 'playerId' doesn't have a default value
2024-10-11 10:06:30,978 - ERROR - Error executing query for squad_info: 1364 (HY000): Field 'squadID' doesn't have a default value
2024-10-11 10:06:30,979 - ERROR - Error executing query for netball_womens_nz_match: 1364 (HY000): Field 'playerId' doesn't have a default value
2024-10-11 10:06:30,980 - ERROR - Error executing query for player_info: 1364 (HY000): Field 'playerId' doesn't have a default value
2024-10-11 10:06:30,981 - ERROR - Error executing query for squad_info: 1364 (HY000): Field 'squadID' doesn't have a default value
2024-10-11 10:06:30,983 - ERROR - Error executing query for netball_womens_nz_match: 1364 (HY000): Field 'playerId' doesn't have a default value
2024-10-11 10:06:30,984 - ERROR - Error executing query for player_info: 1364 (HY000): Field 'playerId' doesn't have a default value
2024-10-11 10:06:30,985 - ERROR - Error executing query for squad_info: 1364 (HY000): Field 'squadID' doesn't have a default value
2024-10-11 10:06:30,987 - ERROR - Error executing query for netball_womens_nz_match: 1364 (HY000): Field 'playerId' doesn't have a default value
2024-10-11 10:06:30,988 - ERROR - Error executing query for player_info: 1364 (HY000): Field 'playerId' doesn't have a default value
2024-10-11 10:06:30,989 - ERROR - Error executing query for squad_info: 1364 (HY000): Field 'squadID' doesn't have a default value
2024-10-11 10:06:30,990 - ERROR - Error executing query for netball_womens_nz_match: 1364 (HY000): Field 'playerId' doesn't have a default value
2024-10-11 10:06:30,991 - ERROR - Error executing query for player_info: 1364 (HY000): Field 'playerId' doesn't have a default value
